# Blender 5.2.1 LTS
# www.blender.org
mtllib galka_cockpit_module.mtl
o galka_cockpit_module
v 0.305000 1.442000 0.000000
v 0.320556 1.448444 0.000000
v 0.327000 1.464000 0.000000
v 0.320556 1.479556 0.000000
v 0.305000 1.486000 0.000000
v 0.289444 1.479556 0.000000
v 0.283000 1.464000 0.000000
v 0.289444 1.448444 0.000000
v 0.305000 1.447452 -0.041411
v 0.320556 1.453676 -0.039743
v 0.327000 1.468702 -0.035717
v 0.320556 1.483729 -0.031691
v 0.305000 1.489953 -0.030023
v 0.289444 1.483729 -0.031691
v 0.283000 1.468702 -0.035717
v 0.289444 1.453676 -0.039743
v 0.305000 1.463436 -0.080000
v 0.320556 1.469016 -0.076778
v 0.327000 1.482489 -0.069000
v 0.320556 1.495961 -0.061222
v 0.305000 1.501541 -0.058000
v 0.289444 1.495961 -0.061222
v 0.283000 1.482489 -0.069000
v 0.289444 1.469016 -0.076778
v 0.305000 1.488863 -0.113137
v 0.320556 1.493419 -0.108581
v 0.327000 1.504419 -0.097581
v 0.320556 1.515419 -0.086581
v 0.305000 1.519976 -0.082024
v 0.289444 1.515419 -0.086581
v 0.283000 1.504419 -0.097581
v 0.289444 1.493419 -0.108581
v 0.305000 1.522000 -0.138564
v 0.320556 1.525222 -0.132984
v 0.327000 1.533000 -0.119512
v 0.320556 1.540778 -0.106039
v 0.305000 1.544000 -0.100459
v 0.289444 1.540778 -0.106039
v 0.283000 1.533000 -0.119512
v 0.289444 1.525222 -0.132984
v 0.305000 1.560589 -0.154548
v 0.320556 1.562257 -0.148324
v 0.327000 1.566283 -0.133298
v 0.320556 1.570309 -0.118271
v 0.305000 1.571977 -0.112047
v 0.289444 1.570309 -0.118271
v 0.283000 1.566283 -0.133298
v 0.289444 1.562257 -0.148324
v 0.305000 1.602000 -0.160000
v 0.320556 1.602000 -0.153556
v 0.327000 1.602000 -0.138000
v 0.320556 1.602000 -0.122444
v 0.305000 1.602000 -0.116000
v 0.289444 1.602000 -0.122444
v 0.283000 1.602000 -0.138000
v 0.289444 1.602000 -0.153556
v 0.305000 1.643411 -0.154548
v 0.320556 1.641743 -0.148324
v 0.327000 1.637717 -0.133298
v 0.320556 1.633691 -0.118271
v 0.305000 1.632023 -0.112047
v 0.289444 1.633691 -0.118271
v 0.283000 1.637717 -0.133298
v 0.289444 1.641743 -0.148324
v 0.305000 1.682000 -0.138564
v 0.320556 1.678778 -0.132984
v 0.327000 1.671000 -0.119512
v 0.320556 1.663222 -0.106039
v 0.305000 1.660000 -0.100459
v 0.289444 1.663222 -0.106039
v 0.283000 1.671000 -0.119512
v 0.289444 1.678778 -0.132984
v 0.305000 1.715137 -0.113137
v 0.320556 1.710581 -0.108581
v 0.327000 1.699581 -0.097581
v 0.320556 1.688581 -0.086581
v 0.305000 1.684024 -0.082024
v 0.289444 1.688581 -0.086581
v 0.283000 1.699581 -0.097581
v 0.289444 1.710581 -0.108581
v 0.305000 1.740564 -0.080000
v 0.320556 1.734984 -0.076778
v 0.327000 1.721511 -0.069000
v 0.320556 1.708039 -0.061222
v 0.305000 1.702459 -0.058000
v 0.289444 1.708039 -0.061222
v 0.283000 1.721511 -0.069000
v 0.289444 1.734984 -0.076778
v 0.305000 1.756548 -0.041411
v 0.320556 1.750324 -0.039743
v 0.327000 1.735298 -0.035717
v 0.320556 1.720271 -0.031691
v 0.305000 1.714047 -0.030023
v 0.289444 1.720271 -0.031691
v 0.283000 1.735298 -0.035717
v 0.289444 1.750324 -0.039743
v 0.305000 1.762000 -0.000000
v 0.320556 1.755556 -0.000000
v 0.327000 1.740000 -0.000000
v 0.320556 1.724444 -0.000000
v 0.305000 1.718000 -0.000000
v 0.289444 1.724444 -0.000000
v 0.283000 1.740000 -0.000000
v 0.289444 1.755556 -0.000000
v 0.305000 1.756548 0.041411
v 0.320556 1.750324 0.039743
v 0.327000 1.735298 0.035717
v 0.320556 1.720271 0.031691
v 0.305000 1.714047 0.030023
v 0.289444 1.720271 0.031691
v 0.283000 1.735298 0.035717
v 0.289444 1.750324 0.039743
v 0.305000 1.740564 0.080000
v 0.320556 1.734984 0.076778
v 0.327000 1.721511 0.069000
v 0.320556 1.708039 0.061222
v 0.305000 1.702459 0.058000
v 0.289444 1.708039 0.061222
v 0.283000 1.721511 0.069000
v 0.289444 1.734984 0.076778
v 0.305000 1.715137 0.113137
v 0.320556 1.710581 0.108581
v 0.327000 1.699581 0.097581
v 0.320556 1.688581 0.086581
v 0.305000 1.684024 0.082024
v 0.289444 1.688581 0.086581
v 0.283000 1.699581 0.097581
v 0.289444 1.710581 0.108581
v 0.305000 1.682000 0.138564
v 0.320556 1.678778 0.132984
v 0.327000 1.671000 0.119512
v 0.320556 1.663222 0.106039
v 0.305000 1.660000 0.100459
v 0.289444 1.663222 0.106039
v 0.283000 1.671000 0.119512
v 0.289444 1.678778 0.132984
v 0.305000 1.643411 0.154548
v 0.320556 1.641743 0.148324
v 0.327000 1.637717 0.133298
v 0.320556 1.633691 0.118271
v 0.305000 1.632023 0.112047
v 0.289444 1.633691 0.118271
v 0.283000 1.637717 0.133298
v 0.289444 1.641743 0.148324
v 0.305000 1.602000 0.160000
v 0.320556 1.602000 0.153556
v 0.327000 1.602000 0.138000
v 0.320556 1.602000 0.122444
v 0.305000 1.602000 0.116000
v 0.289444 1.602000 0.122444
v 0.283000 1.602000 0.138000
v 0.289444 1.602000 0.153556
v 0.305000 1.560589 0.154548
v 0.320556 1.562257 0.148324
v 0.327000 1.566283 0.133298
v 0.320556 1.570309 0.118271
v 0.305000 1.571977 0.112047
v 0.289444 1.570309 0.118271
v 0.283000 1.566283 0.133298
v 0.289444 1.562257 0.148324
v 0.305000 1.522000 0.138564
v 0.320556 1.525222 0.132984
v 0.327000 1.533000 0.119512
v 0.320556 1.540778 0.106039
v 0.305000 1.544000 0.100459
v 0.289444 1.540778 0.106039
v 0.283000 1.533000 0.119512
v 0.289444 1.525222 0.132984
v 0.305000 1.488863 0.113137
v 0.320556 1.493419 0.108581
v 0.327000 1.504419 0.097581
v 0.320556 1.515419 0.086581
v 0.305000 1.519976 0.082024
v 0.289444 1.515419 0.086581
v 0.283000 1.504419 0.097581
v 0.289444 1.493419 0.108581
v 0.305000 1.463436 0.080000
v 0.320556 1.469016 0.076778
v 0.327000 1.482489 0.069000
v 0.320556 1.495961 0.061222
v 0.305000 1.501541 0.058000
v 0.289444 1.495961 0.061222
v 0.283000 1.482489 0.069000
v 0.289444 1.469016 0.076778
v 0.305000 1.447452 0.041411
v 0.320556 1.453676 0.039743
v 0.327000 1.468702 0.035717
v 0.320556 1.483729 0.031691
v 0.305000 1.489953 0.030023
v 0.289444 1.483729 0.031691
v 0.283000 1.468702 0.035717
v 0.289444 1.453676 0.039743
v 0.090000 1.602000 -0.128000
v 0.310000 1.602000 -0.128000
v 0.090000 1.562446 -0.121735
v 0.310000 1.562446 -0.121735
v 0.090000 1.526763 -0.103554
v 0.310000 1.526763 -0.103554
v 0.090000 1.498446 -0.075237
v 0.310000 1.498446 -0.075237
v 0.090000 1.480265 -0.039554
v 0.310000 1.480265 -0.039554
v 0.090000 1.474000 0.000000
v 0.310000 1.474000 0.000000
v 0.090000 1.480265 0.039554
v 0.310000 1.480265 0.039554
v 0.090000 1.498446 0.075237
v 0.310000 1.498446 0.075237
v 0.090000 1.526763 0.103554
v 0.310000 1.526763 0.103554
v 0.090000 1.562446 0.121735
v 0.310000 1.562446 0.121735
v 0.090000 1.602000 0.128000
v 0.310000 1.602000 0.128000
v 0.090000 1.641554 0.121735
v 0.310000 1.641554 0.121735
v 0.090000 1.677237 0.103554
v 0.310000 1.677237 0.103554
v 0.090000 1.705554 0.075237
v 0.310000 1.705554 0.075237
v 0.090000 1.723735 0.039554
v 0.310000 1.723735 0.039554
v 0.090000 1.730000 0.000000
v 0.310000 1.730000 0.000000
v 0.090000 1.723735 -0.039554
v 0.310000 1.723735 -0.039554
v 0.090000 1.705554 -0.075237
v 0.310000 1.705554 -0.075237
v 0.090000 1.677237 -0.103554
v 0.310000 1.677237 -0.103554
v 0.090000 1.641554 -0.121735
v 0.310000 1.641554 -0.121735
v 0.090000 1.602000 -0.128000
v 0.090000 1.626972 -0.125541
v 0.090000 1.650983 -0.118257
v 0.090000 1.673113 -0.106428
v 0.090000 1.692510 -0.090510
v 0.090000 1.708428 -0.071113
v 0.090000 1.720257 -0.048983
v 0.090000 1.727540 -0.024972
v 0.090000 1.730000 0.000000
v 0.090000 1.727540 0.024972
v 0.090000 1.720257 0.048983
v 0.090000 1.708428 0.071113
v 0.090000 1.692510 0.090510
v 0.090000 1.673113 0.106428
v 0.090000 1.650983 0.118257
v 0.090000 1.626972 0.125541
v 0.090000 1.602000 0.128000
v 0.090000 1.577028 0.125541
v 0.090000 1.553017 0.118257
v 0.090000 1.530887 0.106428
v 0.090000 1.511490 0.090510
v 0.090000 1.495572 0.071113
v 0.090000 1.483743 0.048983
v 0.090000 1.476460 0.024972
v 0.090000 1.474000 0.000000
v 0.090000 1.476460 -0.024972
v 0.090000 1.483743 -0.048983
v 0.090000 1.495572 -0.071113
v 0.090000 1.511490 -0.090510
v 0.090000 1.530887 -0.106428
v 0.090000 1.553017 -0.118257
v 0.090000 1.577028 -0.125541
v 0.309000 1.740000 -0.012000
v 0.331000 1.740000 -0.012000
v 0.309000 1.729608 -0.006000
v 0.331000 1.729608 -0.006000
v 0.309000 1.729608 0.006000
v 0.331000 1.729608 0.006000
v 0.309000 1.740000 0.012000
v 0.331000 1.740000 0.012000
v 0.309000 1.750392 0.006000
v 0.331000 1.750392 0.006000
v 0.309000 1.750392 -0.006000
v 0.331000 1.750392 -0.006000
v 0.309000 1.699581 -0.109581
v 0.331000 1.699581 -0.109581
v 0.309000 1.689188 -0.103581
v 0.331000 1.689188 -0.103581
v 0.309000 1.689188 -0.091581
v 0.331000 1.689188 -0.091581
v 0.309000 1.699581 -0.085581
v 0.331000 1.699581 -0.085581
v 0.309000 1.709973 -0.091581
v 0.331000 1.709973 -0.091581
v 0.309000 1.709973 -0.103581
v 0.331000 1.709973 -0.103581
v 0.309000 1.602000 -0.150000
v 0.331000 1.602000 -0.150000
v 0.309000 1.591608 -0.144000
v 0.331000 1.591608 -0.144000
v 0.309000 1.591608 -0.132000
v 0.331000 1.591608 -0.132000
v 0.309000 1.602000 -0.126000
v 0.331000 1.602000 -0.126000
v 0.309000 1.612392 -0.132000
v 0.331000 1.612392 -0.132000
v 0.309000 1.612392 -0.144000
v 0.331000 1.612392 -0.144000
v 0.309000 1.504419 -0.109581
v 0.331000 1.504419 -0.109581
v 0.309000 1.494027 -0.103581
v 0.331000 1.494027 -0.103581
v 0.309000 1.494027 -0.091581
v 0.331000 1.494027 -0.091581
v 0.309000 1.504419 -0.085581
v 0.331000 1.504419 -0.085581
v 0.309000 1.514812 -0.091581
v 0.331000 1.514812 -0.091581
v 0.309000 1.514812 -0.103581
v 0.331000 1.514812 -0.103581
v 0.309000 1.464000 -0.012000
v 0.331000 1.464000 -0.012000
v 0.309000 1.453608 -0.006000
v 0.331000 1.453608 -0.006000
v 0.309000 1.453608 0.006000
v 0.331000 1.453608 0.006000
v 0.309000 1.464000 0.012000
v 0.331000 1.464000 0.012000
v 0.309000 1.474392 0.006000
v 0.331000 1.474392 0.006000
v 0.309000 1.474392 -0.006000
v 0.331000 1.474392 -0.006000
v 0.309000 1.504419 0.085581
v 0.331000 1.504419 0.085581
v 0.309000 1.494027 0.091581
v 0.331000 1.494027 0.091581
v 0.309000 1.494027 0.103581
v 0.331000 1.494027 0.103581
v 0.309000 1.504419 0.109581
v 0.331000 1.504419 0.109581
v 0.309000 1.514812 0.103581
v 0.331000 1.514812 0.103581
v 0.309000 1.514812 0.091581
v 0.331000 1.514812 0.091581
v 0.309000 1.602000 0.126000
v 0.331000 1.602000 0.126000
v 0.309000 1.591608 0.132000
v 0.331000 1.591608 0.132000
v 0.309000 1.591608 0.144000
v 0.331000 1.591608 0.144000
v 0.309000 1.602000 0.150000
v 0.331000 1.602000 0.150000
v 0.309000 1.612392 0.144000
v 0.331000 1.612392 0.144000
v 0.309000 1.612392 0.132000
v 0.331000 1.612392 0.132000
v 0.309000 1.699581 0.085581
v 0.331000 1.699581 0.085581
v 0.309000 1.689188 0.091581
v 0.331000 1.689188 0.091581
v 0.309000 1.689188 0.103581
v 0.331000 1.689188 0.103581
v 0.309000 1.699581 0.109581
v 0.331000 1.699581 0.109581
v 0.309000 1.709973 0.103581
v 0.331000 1.709973 0.103581
v 0.309000 1.709973 0.091581
v 0.331000 1.709973 0.091581
v 0.265000 1.504000 0.044000
v 0.265000 1.520000 0.044000
v 0.265000 1.504000 -0.044000
v 0.265000 1.520000 -0.044000
v 0.285000 1.504000 0.044000
v 0.285000 1.520000 0.044000
v 0.285000 1.504000 -0.044000
v 0.285000 1.520000 -0.044000
v 0.182215 1.642000 -0.110394
v 0.195809 1.642000 -0.116734
v 0.183303 1.630719 -0.108061
v 0.196897 1.630719 -0.114400
v 0.186352 1.621672 -0.101522
v 0.199946 1.621672 -0.107862
v 0.190758 1.616652 -0.092074
v 0.204352 1.616652 -0.098413
v 0.195648 1.616652 -0.081587
v 0.209242 1.616652 -0.087926
v 0.200054 1.621672 -0.072138
v 0.213648 1.621672 -0.078478
v 0.203103 1.630719 -0.065600
v 0.216697 1.630719 -0.071939
v 0.204191 1.642000 -0.063266
v 0.217785 1.642000 -0.069606
v 0.203103 1.653281 -0.065600
v 0.216697 1.653281 -0.071939
v 0.200054 1.662328 -0.072138
v 0.213648 1.662328 -0.078478
v 0.195648 1.667348 -0.081587
v 0.209242 1.667348 -0.087926
v 0.190758 1.667348 -0.092074
v 0.204352 1.667348 -0.098413
v 0.186352 1.662328 -0.101522
v 0.199946 1.662328 -0.107862
v 0.183303 1.653281 -0.108061
v 0.196897 1.653281 -0.114400
v 0.181766 1.624974 0.097255
v 0.186488 1.651750 0.109934
v 0.183968 1.637460 0.070066
v 0.188689 1.664236 0.082745
v 0.211311 1.619764 0.097255
v 0.216032 1.646540 0.109934
v 0.213512 1.632250 0.070066
v 0.218234 1.659026 0.082745
v 0.252976 1.492166 -0.044409
v 0.266395 1.568266 -0.065114
v 0.257943 1.491829 -0.042428
v 0.271361 1.567929 -0.063134
v 0.260184 1.492734 -0.037647
v 0.273603 1.568834 -0.058353
v 0.258388 1.494352 -0.032866
v 0.271806 1.570452 -0.053572
v 0.253605 1.495734 -0.030886
v 0.267024 1.571834 -0.051591
v 0.248639 1.496071 -0.032866
v 0.262057 1.572171 -0.053572
v 0.246397 1.495165 -0.037647
v 0.259816 1.571266 -0.058353
v 0.248194 1.493548 -0.042428
v 0.261612 1.569648 -0.063134
v 0.253605 1.495734 0.030886
v 0.267024 1.571834 0.051591
v 0.258388 1.494352 0.032866
v 0.271806 1.570452 0.053572
v 0.260184 1.492734 0.037647
v 0.273603 1.568834 0.058353
v 0.257943 1.491829 0.042428
v 0.271361 1.567929 0.063134
v 0.252976 1.492166 0.044409
v 0.266395 1.568266 0.065114
v 0.248194 1.493548 0.042428
v 0.261612 1.569648 0.063134
v 0.246397 1.495165 0.037647
v 0.259816 1.571266 0.058353
v 0.248639 1.496071 0.032866
v 0.262057 1.572171 0.053572
v 0.270000 1.584000 -0.055000
v 0.270000 1.583769 -0.057341
v 0.270000 1.581978 -0.061667
v 0.270000 1.580485 -0.063485
v 0.270000 1.576592 -0.066087
v 0.270000 1.572000 -0.067000
v 0.270000 1.569659 -0.066769
v 0.270000 1.563515 -0.063485
v 0.270000 1.562022 -0.061667
v 0.270000 1.560000 -0.055000
v 0.270457 1.583769 -0.057296
v 0.270896 1.583087 -0.059504
v 0.271301 1.581978 -0.061539
v 0.271655 1.580485 -0.063322
v 0.271947 1.578667 -0.064786
v 0.272163 1.576592 -0.065874
v 0.272296 1.574341 -0.066543
v 0.272341 1.572000 -0.066769
v 0.272296 1.569659 -0.066543
v 0.272163 1.567408 -0.065874
v 0.271947 1.565333 -0.064786
v 0.271655 1.563515 -0.063322
v 0.271301 1.562022 -0.061539
v 0.270896 1.560913 -0.059504
v 0.270457 1.560231 -0.057296
v 0.270896 1.583769 -0.057163
v 0.271757 1.583087 -0.059243
v 0.272551 1.581978 -0.061159
v 0.273247 1.580485 -0.062839
v 0.273818 1.578667 -0.064218
v 0.274243 1.576592 -0.065243
v 0.274504 1.574341 -0.065874
v 0.274592 1.572000 -0.066087
v 0.274504 1.569659 -0.065874
v 0.274243 1.567408 -0.065243
v 0.273818 1.565333 -0.064218
v 0.273247 1.563515 -0.062839
v 0.272551 1.562022 -0.061159
v 0.271757 1.560913 -0.059243
v 0.270896 1.560231 -0.057163
v 0.271301 1.583769 -0.056947
v 0.272551 1.583087 -0.058818
v 0.273704 1.581978 -0.060543
v 0.274714 1.580485 -0.062055
v 0.275543 1.578667 -0.063296
v 0.276159 1.576592 -0.064218
v 0.276539 1.574341 -0.064786
v 0.276667 1.572000 -0.064978
v 0.276539 1.569659 -0.064786
v 0.276159 1.567408 -0.064218
v 0.275543 1.565333 -0.063296
v 0.274714 1.563515 -0.062055
v 0.273704 1.562022 -0.060543
v 0.272551 1.560913 -0.058818
v 0.271301 1.560231 -0.056947
v 0.271655 1.583769 -0.056655
v 0.273247 1.583087 -0.058247
v 0.274714 1.581978 -0.059714
v 0.276000 1.580485 -0.061000
v 0.277055 1.578667 -0.062055
v 0.277839 1.576592 -0.062839
v 0.278322 1.574341 -0.063322
v 0.278485 1.572000 -0.063485
v 0.278322 1.569659 -0.063322
v 0.277839 1.567408 -0.062839
v 0.277055 1.565333 -0.062055
v 0.276000 1.563515 -0.061000
v 0.274714 1.562022 -0.059714
v 0.273247 1.560913 -0.058247
v 0.271655 1.560231 -0.056655
v 0.271947 1.583769 -0.056301
v 0.273818 1.583087 -0.057551
v 0.275543 1.581978 -0.058704
v 0.277055 1.580485 -0.059714
v 0.278296 1.578667 -0.060543
v 0.279218 1.576592 -0.061159
v 0.279786 1.574341 -0.061539
v 0.279978 1.572000 -0.061667
v 0.279786 1.569659 -0.061539
v 0.279218 1.567408 -0.061159
v 0.278296 1.565333 -0.060543
v 0.277055 1.563515 -0.059714
v 0.275543 1.562022 -0.058704
v 0.273818 1.560913 -0.057551
v 0.271947 1.560231 -0.056301
v 0.272163 1.583769 -0.055896
v 0.274243 1.583087 -0.056757
v 0.276159 1.581978 -0.057551
v 0.277839 1.580485 -0.058247
v 0.279218 1.578667 -0.058818
v 0.280243 1.576592 -0.059243
v 0.280874 1.574341 -0.059504
v 0.281087 1.572000 -0.059592
v 0.280874 1.569659 -0.059504
v 0.280243 1.567408 -0.059243
v 0.279218 1.565333 -0.058818
v 0.277839 1.563515 -0.058247
v 0.276159 1.562022 -0.057551
v 0.274243 1.560913 -0.056757
v 0.272163 1.560231 -0.055896
v 0.272296 1.583769 -0.055457
v 0.274504 1.583087 -0.055896
v 0.276539 1.581978 -0.056301
v 0.278322 1.580485 -0.056655
v 0.279786 1.578667 -0.056947
v 0.280874 1.576592 -0.057163
v 0.281543 1.574341 -0.057296
v 0.281769 1.572000 -0.057341
v 0.281543 1.569659 -0.057296
v 0.280874 1.567408 -0.057163
v 0.279786 1.565333 -0.056947
v 0.278322 1.563515 -0.056655
v 0.276539 1.562022 -0.056301
v 0.274504 1.560913 -0.055896
v 0.272296 1.560231 -0.055457
v 0.272341 1.583769 -0.055000
v 0.274592 1.583087 -0.055000
v 0.276667 1.581978 -0.055000
v 0.278485 1.580485 -0.055000
v 0.279978 1.578667 -0.055000
v 0.281087 1.576592 -0.055000
v 0.281769 1.574341 -0.055000
v 0.282000 1.572000 -0.055000
v 0.281769 1.569659 -0.055000
v 0.281087 1.567408 -0.055000
v 0.279978 1.565333 -0.055000
v 0.278485 1.563515 -0.055000
v 0.276667 1.562022 -0.055000
v 0.274592 1.560913 -0.055000
v 0.272341 1.560231 -0.055000
v 0.272296 1.583769 -0.054543
v 0.274504 1.583087 -0.054104
v 0.276539 1.581978 -0.053699
v 0.278322 1.580485 -0.053345
v 0.279786 1.578667 -0.053053
v 0.280874 1.576592 -0.052837
v 0.281543 1.574341 -0.052704
v 0.281769 1.572000 -0.052659
v 0.281543 1.569659 -0.052704
v 0.280874 1.567408 -0.052837
v 0.279786 1.565333 -0.053053
v 0.278322 1.563515 -0.053345
v 0.276539 1.562022 -0.053699
v 0.274504 1.560913 -0.054104
v 0.272296 1.560231 -0.054543
v 0.272163 1.583769 -0.054104
v 0.274243 1.583087 -0.053243
v 0.276159 1.581978 -0.052449
v 0.277839 1.580485 -0.051753
v 0.279218 1.578667 -0.051182
v 0.280243 1.576592 -0.050757
v 0.280874 1.574341 -0.050496
v 0.281087 1.572000 -0.050408
v 0.280874 1.569659 -0.050496
v 0.280243 1.567408 -0.050757
v 0.279218 1.565333 -0.051182
v 0.277839 1.563515 -0.051753
v 0.276159 1.562022 -0.052449
v 0.274243 1.560913 -0.053243
v 0.272163 1.560231 -0.054104
v 0.271947 1.583769 -0.053699
v 0.273818 1.583087 -0.052449
v 0.275543 1.581978 -0.051296
v 0.277055 1.580485 -0.050286
v 0.278296 1.578667 -0.049457
v 0.279218 1.576592 -0.048841
v 0.279786 1.574341 -0.048461
v 0.279978 1.572000 -0.048333
v 0.279786 1.569659 -0.048461
v 0.279218 1.567408 -0.048841
v 0.278296 1.565333 -0.049457
v 0.277055 1.563515 -0.050286
v 0.275543 1.562022 -0.051296
v 0.273818 1.560913 -0.052449
v 0.271947 1.560231 -0.053699
v 0.271655 1.583769 -0.053345
v 0.273247 1.583087 -0.051753
v 0.274714 1.581978 -0.050286
v 0.276000 1.580485 -0.049000
v 0.277055 1.578667 -0.047945
v 0.277839 1.576592 -0.047161
v 0.278322 1.574341 -0.046678
v 0.278485 1.572000 -0.046515
v 0.278322 1.569659 -0.046678
v 0.277839 1.567408 -0.047161
v 0.277055 1.565333 -0.047945
v 0.276000 1.563515 -0.049000
v 0.274714 1.562022 -0.050286
v 0.273247 1.560913 -0.051753
v 0.271655 1.560231 -0.053345
v 0.271301 1.583769 -0.053053
v 0.272551 1.583087 -0.051182
v 0.273704 1.581978 -0.049457
v 0.274714 1.580485 -0.047945
v 0.275543 1.578667 -0.046704
v 0.276159 1.576592 -0.045782
v 0.276539 1.574341 -0.045214
v 0.276667 1.572000 -0.045022
v 0.276539 1.569659 -0.045214
v 0.276159 1.567408 -0.045782
v 0.275543 1.565333 -0.046704
v 0.274714 1.563515 -0.047945
v 0.273704 1.562022 -0.049457
v 0.272551 1.560913 -0.051182
v 0.271301 1.560231 -0.053053
v 0.270896 1.583769 -0.052837
v 0.271757 1.583087 -0.050757
v 0.272551 1.581978 -0.048841
v 0.273247 1.580485 -0.047161
v 0.273818 1.578667 -0.045782
v 0.274243 1.576592 -0.044757
v 0.274504 1.574341 -0.044126
v 0.274592 1.572000 -0.043913
v 0.274504 1.569659 -0.044126
v 0.274243 1.567408 -0.044757
v 0.273818 1.565333 -0.045782
v 0.273247 1.563515 -0.047161
v 0.272551 1.562022 -0.048841
v 0.271757 1.560913 -0.050757
v 0.270896 1.560231 -0.052837
v 0.270457 1.583769 -0.052704
v 0.270896 1.583087 -0.050496
v 0.271301 1.581978 -0.048461
v 0.271655 1.580485 -0.046678
v 0.271947 1.578667 -0.045214
v 0.272163 1.576592 -0.044126
v 0.272296 1.574341 -0.043457
v 0.272341 1.572000 -0.043231
v 0.272296 1.569659 -0.043457
v 0.272163 1.567408 -0.044126
v 0.271947 1.565333 -0.045214
v 0.271655 1.563515 -0.046678
v 0.271301 1.562022 -0.048461
v 0.270896 1.560913 -0.050496
v 0.270457 1.560231 -0.052704
v 0.270000 1.583769 -0.052659
v 0.270000 1.583087 -0.050408
v 0.270000 1.581978 -0.048333
v 0.270000 1.580485 -0.046515
v 0.270000 1.578667 -0.045022
v 0.270000 1.576592 -0.043913
v 0.270000 1.574341 -0.043231
v 0.270000 1.572000 -0.043000
v 0.270000 1.569659 -0.043231
v 0.270000 1.567408 -0.043913
v 0.270000 1.565333 -0.045022
v 0.270000 1.563515 -0.046515
v 0.270000 1.562022 -0.048333
v 0.270000 1.560913 -0.050408
v 0.270000 1.560231 -0.052659
v 0.269543 1.583769 -0.052704
v 0.269104 1.583087 -0.050496
v 0.268699 1.581978 -0.048461
v 0.268345 1.580485 -0.046678
v 0.268053 1.578667 -0.045214
v 0.267837 1.576592 -0.044126
v 0.267704 1.574341 -0.043457
v 0.267659 1.572000 -0.043231
v 0.267704 1.569659 -0.043457
v 0.267837 1.567408 -0.044126
v 0.268053 1.565333 -0.045214
v 0.268345 1.563515 -0.046678
v 0.268699 1.562022 -0.048461
v 0.269104 1.560913 -0.050496
v 0.269543 1.560231 -0.052704
v 0.269104 1.583769 -0.052837
v 0.268243 1.583087 -0.050757
v 0.267449 1.581978 -0.048841
v 0.266753 1.580485 -0.047161
v 0.266182 1.578667 -0.045782
v 0.265757 1.576592 -0.044757
v 0.265496 1.574341 -0.044126
v 0.265408 1.572000 -0.043913
v 0.265496 1.569659 -0.044126
v 0.265757 1.567408 -0.044757
v 0.266182 1.565333 -0.045782
v 0.266753 1.563515 -0.047161
v 0.267449 1.562022 -0.048841
v 0.268243 1.560913 -0.050757
v 0.269104 1.560231 -0.052837
v 0.268699 1.583769 -0.053053
v 0.267449 1.583087 -0.051182
v 0.266296 1.581978 -0.049457
v 0.265286 1.580485 -0.047945
v 0.264457 1.578667 -0.046704
v 0.263841 1.576592 -0.045782
v 0.263461 1.574341 -0.045214
v 0.263333 1.572000 -0.045022
v 0.263461 1.569659 -0.045214
v 0.263841 1.567408 -0.045782
v 0.264457 1.565333 -0.046704
v 0.265286 1.563515 -0.047945
v 0.266296 1.562022 -0.049457
v 0.267449 1.560913 -0.051182
v 0.268699 1.560231 -0.053053
v 0.268345 1.583769 -0.053345
v 0.266753 1.583087 -0.051753
v 0.265286 1.581978 -0.050286
v 0.264000 1.580485 -0.049000
v 0.262945 1.578667 -0.047945
v 0.262161 1.576592 -0.047161
v 0.261678 1.574341 -0.046678
v 0.261515 1.572000 -0.046515
v 0.261678 1.569659 -0.046678
v 0.262161 1.567408 -0.047161
v 0.262945 1.565333 -0.047945
v 0.264000 1.563515 -0.049000
v 0.265286 1.562022 -0.050286
v 0.266753 1.560913 -0.051753
v 0.268345 1.560231 -0.053345
v 0.268053 1.583769 -0.053699
v 0.266182 1.583087 -0.052449
v 0.264457 1.581978 -0.051296
v 0.262945 1.580485 -0.050286
v 0.261704 1.578667 -0.049457
v 0.260782 1.576592 -0.048841
v 0.260214 1.574341 -0.048461
v 0.260022 1.572000 -0.048333
v 0.260214 1.569659 -0.048461
v 0.260782 1.567408 -0.048841
v 0.261704 1.565333 -0.049457
v 0.262945 1.563515 -0.050286
v 0.264457 1.562022 -0.051296
v 0.266182 1.560913 -0.052449
v 0.268053 1.560231 -0.053699
v 0.267837 1.583769 -0.054104
v 0.265757 1.583087 -0.053243
v 0.263841 1.581978 -0.052449
v 0.262161 1.580485 -0.051753
v 0.260782 1.578667 -0.051182
v 0.259757 1.576592 -0.050757
v 0.259126 1.574341 -0.050496
v 0.258913 1.572000 -0.050408
v 0.259126 1.569659 -0.050496
v 0.259757 1.567408 -0.050757
v 0.260782 1.565333 -0.051182
v 0.262161 1.563515 -0.051753
v 0.263841 1.562022 -0.052449
v 0.265757 1.560913 -0.053243
v 0.267837 1.560231 -0.054104
v 0.267704 1.583769 -0.054543
v 0.265496 1.583087 -0.054104
v 0.263461 1.581978 -0.053699
v 0.261678 1.580485 -0.053345
v 0.260214 1.578667 -0.053053
v 0.259126 1.576592 -0.052837
v 0.258457 1.574341 -0.052704
v 0.258231 1.572000 -0.052659
v 0.258457 1.569659 -0.052704
v 0.259126 1.567408 -0.052837
v 0.260214 1.565333 -0.053053
v 0.261678 1.563515 -0.053345
v 0.263461 1.562022 -0.053699
v 0.265496 1.560913 -0.054104
v 0.267704 1.560231 -0.054543
v 0.267659 1.583769 -0.055000
v 0.265408 1.583087 -0.055000
v 0.263333 1.581978 -0.055000
v 0.261515 1.580485 -0.055000
v 0.260022 1.578667 -0.055000
v 0.258913 1.576592 -0.055000
v 0.258231 1.574341 -0.055000
v 0.258000 1.572000 -0.055000
v 0.258231 1.569659 -0.055000
v 0.258913 1.567408 -0.055000
v 0.260022 1.565333 -0.055000
v 0.261515 1.563515 -0.055000
v 0.263333 1.562022 -0.055000
v 0.265408 1.560913 -0.055000
v 0.267659 1.560231 -0.055000
v 0.267704 1.583769 -0.055457
v 0.265496 1.583087 -0.055896
v 0.263461 1.581978 -0.056301
v 0.261678 1.580485 -0.056655
v 0.260214 1.578667 -0.056947
v 0.259126 1.576592 -0.057163
v 0.258457 1.574341 -0.057296
v 0.258231 1.572000 -0.057341
v 0.258457 1.569659 -0.057296
v 0.259126 1.567408 -0.057163
v 0.260214 1.565333 -0.056947
v 0.261678 1.563515 -0.056655
v 0.263461 1.562022 -0.056301
v 0.265496 1.560913 -0.055896
v 0.267704 1.560231 -0.055457
v 0.267837 1.583769 -0.055896
v 0.265757 1.583087 -0.056757
v 0.263841 1.581978 -0.057551
v 0.262161 1.580485 -0.058247
v 0.260782 1.578667 -0.058818
v 0.259757 1.576592 -0.059243
v 0.259126 1.574341 -0.059504
v 0.258913 1.572000 -0.059592
v 0.259126 1.569659 -0.059504
v 0.259757 1.567408 -0.059243
v 0.260782 1.565333 -0.058818
v 0.262161 1.563515 -0.058247
v 0.263841 1.562022 -0.057551
v 0.265757 1.560913 -0.056757
v 0.267837 1.560231 -0.055896
v 0.268053 1.583769 -0.056301
v 0.266182 1.583087 -0.057551
v 0.264457 1.581978 -0.058704
v 0.262945 1.580485 -0.059714
v 0.261704 1.578667 -0.060543
v 0.260782 1.576592 -0.061159
v 0.260214 1.574341 -0.061539
v 0.260022 1.572000 -0.061667
v 0.260214 1.569659 -0.061539
v 0.260782 1.567408 -0.061159
v 0.261704 1.565333 -0.060543
v 0.262945 1.563515 -0.059714
v 0.264457 1.562022 -0.058704
v 0.266182 1.560913 -0.057551
v 0.268053 1.560231 -0.056301
v 0.268345 1.583769 -0.056655
v 0.266753 1.583087 -0.058247
v 0.265286 1.581978 -0.059714
v 0.264000 1.580485 -0.061000
v 0.262945 1.578667 -0.062055
v 0.262161 1.576592 -0.062839
v 0.261678 1.574341 -0.063322
v 0.261515 1.572000 -0.063485
v 0.261678 1.569659 -0.063322
v 0.262161 1.567408 -0.062839
v 0.262945 1.565333 -0.062055
v 0.264000 1.563515 -0.061000
v 0.265286 1.562022 -0.059714
v 0.266753 1.560913 -0.058247
v 0.268345 1.560231 -0.056655
v 0.268699 1.583769 -0.056947
v 0.267449 1.583087 -0.058818
v 0.266296 1.581978 -0.060543
v 0.265286 1.580485 -0.062055
v 0.264457 1.578667 -0.063296
v 0.263841 1.576592 -0.064218
v 0.263461 1.574341 -0.064786
v 0.263333 1.572000 -0.064978
v 0.263461 1.569659 -0.064786
v 0.263841 1.567408 -0.064218
v 0.264457 1.565333 -0.063296
v 0.265286 1.563515 -0.062055
v 0.266296 1.562022 -0.060543
v 0.267449 1.560913 -0.058818
v 0.268699 1.560231 -0.056947
v 0.269104 1.583769 -0.057163
v 0.268243 1.583087 -0.059243
v 0.267449 1.581978 -0.061159
v 0.266753 1.580485 -0.062839
v 0.266182 1.578667 -0.064218
v 0.265757 1.576592 -0.065243
v 0.265496 1.574341 -0.065874
v 0.265408 1.572000 -0.066087
v 0.265496 1.569659 -0.065874
v 0.265757 1.567408 -0.065243
v 0.266182 1.565333 -0.064218
v 0.266753 1.563515 -0.062839
v 0.267449 1.562022 -0.061159
v 0.268243 1.560913 -0.059243
v 0.269104 1.560231 -0.057163
v 0.269543 1.583769 -0.057296
v 0.269104 1.583087 -0.059504
v 0.268699 1.581978 -0.061539
v 0.268345 1.580485 -0.063322
v 0.268053 1.578667 -0.064786
v 0.267837 1.576592 -0.065874
v 0.267704 1.574341 -0.066543
v 0.267659 1.572000 -0.066769
v 0.267704 1.569659 -0.066543
v 0.267837 1.567408 -0.065874
v 0.268053 1.565333 -0.064786
v 0.268345 1.563515 -0.063322
v 0.268699 1.562022 -0.061539
v 0.269104 1.560913 -0.059504
v 0.269543 1.560231 -0.057296
v 0.270000 1.583087 -0.059592
v 0.270000 1.578667 -0.064978
v 0.270000 1.574341 -0.066769
v 0.270000 1.567408 -0.066087
v 0.270000 1.565333 -0.064978
v 0.270000 1.560913 -0.059592
v 0.270000 1.560231 -0.057341
v 0.270000 1.584000 0.055000
v 0.270000 1.583769 0.052659
v 0.270000 1.581978 0.048333
v 0.270000 1.580485 0.046515
v 0.270000 1.576592 0.043913
v 0.270000 1.572000 0.043000
v 0.270000 1.569659 0.043231
v 0.270000 1.563515 0.046515
v 0.270000 1.562022 0.048333
v 0.270000 1.560000 0.055000
v 0.270457 1.583769 0.052704
v 0.270896 1.583087 0.050496
v 0.271301 1.581978 0.048461
v 0.271655 1.580485 0.046678
v 0.271947 1.578667 0.045214
v 0.272163 1.576592 0.044126
v 0.272296 1.574341 0.043457
v 0.272341 1.572000 0.043231
v 0.272296 1.569659 0.043457
v 0.272163 1.567408 0.044126
v 0.271947 1.565333 0.045214
v 0.271655 1.563515 0.046678
v 0.271301 1.562022 0.048461
v 0.270896 1.560913 0.050496
v 0.270457 1.560231 0.052704
v 0.270896 1.583769 0.052837
v 0.271757 1.583087 0.050757
v 0.272551 1.581978 0.048841
v 0.273247 1.580485 0.047161
v 0.273818 1.578667 0.045782
v 0.274243 1.576592 0.044757
v 0.274504 1.574341 0.044126
v 0.274592 1.572000 0.043913
v 0.274504 1.569659 0.044126
v 0.274243 1.567408 0.044757
v 0.273818 1.565333 0.045782
v 0.273247 1.563515 0.047161
v 0.272551 1.562022 0.048841
v 0.271757 1.560913 0.050757
v 0.270896 1.560231 0.052837
v 0.271301 1.583769 0.053053
v 0.272551 1.583087 0.051182
v 0.273704 1.581978 0.049457
v 0.274714 1.580485 0.047945
v 0.275543 1.578667 0.046704
v 0.276159 1.576592 0.045782
v 0.276539 1.574341 0.045214
v 0.276667 1.572000 0.045022
v 0.276539 1.569659 0.045214
v 0.276159 1.567408 0.045782
v 0.275543 1.565333 0.046704
v 0.274714 1.563515 0.047945
v 0.273704 1.562022 0.049457
v 0.272551 1.560913 0.051182
v 0.271301 1.560231 0.053053
v 0.271655 1.583769 0.053345
v 0.273247 1.583087 0.051753
v 0.274714 1.581978 0.050286
v 0.276000 1.580485 0.049000
v 0.277055 1.578667 0.047945
v 0.277839 1.576592 0.047161
v 0.278322 1.574341 0.046678
v 0.278485 1.572000 0.046515
v 0.278322 1.569659 0.046678
v 0.277839 1.567408 0.047161
v 0.277055 1.565333 0.047945
v 0.276000 1.563515 0.049000
v 0.274714 1.562022 0.050286
v 0.273247 1.560913 0.051753
v 0.271655 1.560231 0.053345
v 0.271947 1.583769 0.053699
v 0.273818 1.583087 0.052449
v 0.275543 1.581978 0.051296
v 0.277055 1.580485 0.050286
v 0.278296 1.578667 0.049457
v 0.279218 1.576592 0.048841
v 0.279786 1.574341 0.048461
v 0.279978 1.572000 0.048333
v 0.279786 1.569659 0.048461
v 0.279218 1.567408 0.048841
v 0.278296 1.565333 0.049457
v 0.277055 1.563515 0.050286
v 0.275543 1.562022 0.051296
v 0.273818 1.560913 0.052449
v 0.271947 1.560231 0.053699
v 0.272163 1.583769 0.054104
v 0.274243 1.583087 0.053243
v 0.276159 1.581978 0.052449
v 0.277839 1.580485 0.051753
v 0.279218 1.578667 0.051182
v 0.280243 1.576592 0.050757
v 0.280874 1.574341 0.050496
v 0.281087 1.572000 0.050408
v 0.280874 1.569659 0.050496
v 0.280243 1.567408 0.050757
v 0.279218 1.565333 0.051182
v 0.277839 1.563515 0.051753
v 0.276159 1.562022 0.052449
v 0.274243 1.560913 0.053243
v 0.272163 1.560231 0.054104
v 0.272296 1.583769 0.054543
v 0.274504 1.583087 0.054104
v 0.276539 1.581978 0.053699
v 0.278322 1.580485 0.053345
v 0.279786 1.578667 0.053053
v 0.280874 1.576592 0.052837
v 0.281543 1.574341 0.052704
v 0.281769 1.572000 0.052659
v 0.281543 1.569659 0.052704
v 0.280874 1.567408 0.052837
v 0.279786 1.565333 0.053053
v 0.278322 1.563515 0.053345
v 0.276539 1.562022 0.053699
v 0.274504 1.560913 0.054104
v 0.272296 1.560231 0.054543
v 0.272341 1.583769 0.055000
v 0.274592 1.583087 0.055000
v 0.276667 1.581978 0.055000
v 0.278485 1.580485 0.055000
v 0.279978 1.578667 0.055000
v 0.281087 1.576592 0.055000
v 0.281769 1.574341 0.055000
v 0.282000 1.572000 0.055000
v 0.281769 1.569659 0.055000
v 0.281087 1.567408 0.055000
v 0.279978 1.565333 0.055000
v 0.278485 1.563515 0.055000
v 0.276667 1.562022 0.055000
v 0.274592 1.560913 0.055000
v 0.272341 1.560231 0.055000
v 0.272296 1.583769 0.055457
v 0.274504 1.583087 0.055896
v 0.276539 1.581978 0.056301
v 0.278322 1.580485 0.056655
v 0.279786 1.578667 0.056947
v 0.280874 1.576592 0.057163
v 0.281543 1.574341 0.057296
v 0.281769 1.572000 0.057341
v 0.281543 1.569659 0.057296
v 0.280874 1.567408 0.057163
v 0.279786 1.565333 0.056947
v 0.278322 1.563515 0.056655
v 0.276539 1.562022 0.056301
v 0.274504 1.560913 0.055896
v 0.272296 1.560231 0.055457
v 0.272163 1.583769 0.055896
v 0.274243 1.583087 0.056757
v 0.276159 1.581978 0.057551
v 0.277839 1.580485 0.058247
v 0.279218 1.578667 0.058818
v 0.280243 1.576592 0.059243
v 0.280874 1.574341 0.059504
v 0.281087 1.572000 0.059592
v 0.280874 1.569659 0.059504
v 0.280243 1.567408 0.059243
v 0.279218 1.565333 0.058818
v 0.277839 1.563515 0.058247
v 0.276159 1.562022 0.057551
v 0.274243 1.560913 0.056757
v 0.272163 1.560231 0.055896
v 0.271947 1.583769 0.056301
v 0.273818 1.583087 0.057551
v 0.275543 1.581978 0.058704
v 0.277055 1.580485 0.059714
v 0.278296 1.578667 0.060543
v 0.279218 1.576592 0.061159
v 0.279786 1.574341 0.061539
v 0.279978 1.572000 0.061667
v 0.279786 1.569659 0.061539
v 0.279218 1.567408 0.061159
v 0.278296 1.565333 0.060543
v 0.277055 1.563515 0.059714
v 0.275543 1.562022 0.058704
v 0.273818 1.560913 0.057551
v 0.271947 1.560231 0.056301
v 0.271655 1.583769 0.056655
v 0.273247 1.583087 0.058247
v 0.274714 1.581978 0.059714
v 0.276000 1.580485 0.061000
v 0.277055 1.578667 0.062055
v 0.277839 1.576592 0.062839
v 0.278322 1.574341 0.063322
v 0.278485 1.572000 0.063485
v 0.278322 1.569659 0.063322
v 0.277839 1.567408 0.062839
v 0.277055 1.565333 0.062055
v 0.276000 1.563515 0.061000
v 0.274714 1.562022 0.059714
v 0.273247 1.560913 0.058247
v 0.271655 1.560231 0.056655
v 0.271301 1.583769 0.056947
v 0.272551 1.583087 0.058818
v 0.273704 1.581978 0.060543
v 0.274714 1.580485 0.062055
v 0.275543 1.578667 0.063296
v 0.276159 1.576592 0.064218
v 0.276539 1.574341 0.064786
v 0.276667 1.572000 0.064978
v 0.276539 1.569659 0.064786
v 0.276159 1.567408 0.064218
v 0.275543 1.565333 0.063296
v 0.274714 1.563515 0.062055
v 0.273704 1.562022 0.060543
v 0.272551 1.560913 0.058818
v 0.271301 1.560231 0.056947
v 0.270896 1.583769 0.057163
v 0.271757 1.583087 0.059243
v 0.272551 1.581978 0.061159
v 0.273247 1.580485 0.062839
v 0.273818 1.578667 0.064218
v 0.274243 1.576592 0.065243
v 0.274504 1.574341 0.065874
v 0.274592 1.572000 0.066087
v 0.274504 1.569659 0.065874
v 0.274243 1.567408 0.065243
v 0.273818 1.565333 0.064218
v 0.273247 1.563515 0.062839
v 0.272551 1.562022 0.061159
v 0.271757 1.560913 0.059243
v 0.270896 1.560231 0.057163
v 0.270457 1.583769 0.057296
v 0.270896 1.583087 0.059504
v 0.271301 1.581978 0.061539
v 0.271655 1.580485 0.063322
v 0.271947 1.578667 0.064786
v 0.272163 1.576592 0.065874
v 0.272296 1.574341 0.066543
v 0.272341 1.572000 0.066769
v 0.272296 1.569659 0.066543
v 0.272163 1.567408 0.065874
v 0.271947 1.565333 0.064786
v 0.271655 1.563515 0.063322
v 0.271301 1.562022 0.061539
v 0.270896 1.560913 0.059504
v 0.270457 1.560231 0.057296
v 0.270000 1.583769 0.057341
v 0.270000 1.583087 0.059592
v 0.270000 1.581978 0.061667
v 0.270000 1.580485 0.063485
v 0.270000 1.578667 0.064978
v 0.270000 1.576592 0.066087
v 0.270000 1.574341 0.066769
v 0.270000 1.572000 0.067000
v 0.270000 1.569659 0.066769
v 0.270000 1.567408 0.066087
v 0.270000 1.565333 0.064978
v 0.270000 1.563515 0.063485
v 0.270000 1.562022 0.061667
v 0.270000 1.560913 0.059592
v 0.270000 1.560231 0.057341
v 0.269543 1.583769 0.057296
v 0.269104 1.583087 0.059504
v 0.268699 1.581978 0.061539
v 0.268345 1.580485 0.063322
v 0.268053 1.578667 0.064786
v 0.267837 1.576592 0.065874
v 0.267704 1.574341 0.066543
v 0.267659 1.572000 0.066769
v 0.267704 1.569659 0.066543
v 0.267837 1.567408 0.065874
v 0.268053 1.565333 0.064786
v 0.268345 1.563515 0.063322
v 0.268699 1.562022 0.061539
v 0.269104 1.560913 0.059504
v 0.269543 1.560231 0.057296
v 0.269104 1.583769 0.057163
v 0.268243 1.583087 0.059243
v 0.267449 1.581978 0.061159
v 0.266753 1.580485 0.062839
v 0.266182 1.578667 0.064218
v 0.265757 1.576592 0.065243
v 0.265496 1.574341 0.065874
v 0.265408 1.572000 0.066087
v 0.265496 1.569659 0.065874
v 0.265757 1.567408 0.065243
v 0.266182 1.565333 0.064218
v 0.266753 1.563515 0.062839
v 0.267449 1.562022 0.061159
v 0.268243 1.560913 0.059243
v 0.269104 1.560231 0.057163
v 0.268699 1.583769 0.056947
v 0.267449 1.583087 0.058818
v 0.266296 1.581978 0.060543
v 0.265286 1.580485 0.062055
v 0.264457 1.578667 0.063296
v 0.263841 1.576592 0.064218
v 0.263461 1.574341 0.064786
v 0.263333 1.572000 0.064978
v 0.263461 1.569659 0.064786
v 0.263841 1.567408 0.064218
v 0.264457 1.565333 0.063296
v 0.265286 1.563515 0.062055
v 0.266296 1.562022 0.060543
v 0.267449 1.560913 0.058818
v 0.268699 1.560231 0.056947
v 0.268345 1.583769 0.056655
v 0.266753 1.583087 0.058247
v 0.265286 1.581978 0.059714
v 0.264000 1.580485 0.061000
v 0.262945 1.578667 0.062055
v 0.262161 1.576592 0.062839
v 0.261678 1.574341 0.063322
v 0.261515 1.572000 0.063485
v 0.261678 1.569659 0.063322
v 0.262161 1.567408 0.062839
v 0.262945 1.565333 0.062055
v 0.264000 1.563515 0.061000
v 0.265286 1.562022 0.059714
v 0.266753 1.560913 0.058247
v 0.268345 1.560231 0.056655
v 0.268053 1.583769 0.056301
v 0.266182 1.583087 0.057551
v 0.264457 1.581978 0.058704
v 0.262945 1.580485 0.059714
v 0.261704 1.578667 0.060543
v 0.260782 1.576592 0.061159
v 0.260214 1.574341 0.061539
v 0.260022 1.572000 0.061667
v 0.260214 1.569659 0.061539
v 0.260782 1.567408 0.061159
v 0.261704 1.565333 0.060543
v 0.262945 1.563515 0.059714
v 0.264457 1.562022 0.058704
v 0.266182 1.560913 0.057551
v 0.268053 1.560231 0.056301
v 0.267837 1.583769 0.055896
v 0.265757 1.583087 0.056757
v 0.263841 1.581978 0.057551
v 0.262161 1.580485 0.058247
v 0.260782 1.578667 0.058818
v 0.259757 1.576592 0.059243
v 0.259126 1.574341 0.059504
v 0.258913 1.572000 0.059592
v 0.259126 1.569659 0.059504
v 0.259757 1.567408 0.059243
v 0.260782 1.565333 0.058818
v 0.262161 1.563515 0.058247
v 0.263841 1.562022 0.057551
v 0.265757 1.560913 0.056757
v 0.267837 1.560231 0.055896
v 0.267704 1.583769 0.055457
v 0.265496 1.583087 0.055896
v 0.263461 1.581978 0.056301
v 0.261678 1.580485 0.056655
v 0.260214 1.578667 0.056947
v 0.259126 1.576592 0.057163
v 0.258457 1.574341 0.057296
v 0.258231 1.572000 0.057341
v 0.258457 1.569659 0.057296
v 0.259126 1.567408 0.057163
v 0.260214 1.565333 0.056947
v 0.261678 1.563515 0.056655
v 0.263461 1.562022 0.056301
v 0.265496 1.560913 0.055896
v 0.267704 1.560231 0.055457
v 0.267659 1.583769 0.055000
v 0.265408 1.583087 0.055000
v 0.263333 1.581978 0.055000
v 0.261515 1.580485 0.055000
v 0.260022 1.578667 0.055000
v 0.258913 1.576592 0.055000
v 0.258231 1.574341 0.055000
v 0.258000 1.572000 0.055000
v 0.258231 1.569659 0.055000
v 0.258913 1.567408 0.055000
v 0.260022 1.565333 0.055000
v 0.261515 1.563515 0.055000
v 0.263333 1.562022 0.055000
v 0.265408 1.560913 0.055000
v 0.267659 1.560231 0.055000
v 0.267704 1.583769 0.054543
v 0.265496 1.583087 0.054104
v 0.263461 1.581978 0.053699
v 0.261678 1.580485 0.053345
v 0.260214 1.578667 0.053053
v 0.259126 1.576592 0.052837
v 0.258457 1.574341 0.052704
v 0.258231 1.572000 0.052659
v 0.258457 1.569659 0.052704
v 0.259126 1.567408 0.052837
v 0.260214 1.565333 0.053053
v 0.261678 1.563515 0.053345
v 0.263461 1.562022 0.053699
v 0.265496 1.560913 0.054104
v 0.267704 1.560231 0.054543
v 0.267837 1.583769 0.054104
v 0.265757 1.583087 0.053243
v 0.263841 1.581978 0.052449
v 0.262161 1.580485 0.051753
v 0.260782 1.578667 0.051182
v 0.259757 1.576592 0.050757
v 0.259126 1.574341 0.050496
v 0.258913 1.572000 0.050408
v 0.259126 1.569659 0.050496
v 0.259757 1.567408 0.050757
v 0.260782 1.565333 0.051182
v 0.262161 1.563515 0.051753
v 0.263841 1.562022 0.052449
v 0.265757 1.560913 0.053243
v 0.267837 1.560231 0.054104
v 0.268053 1.583769 0.053699
v 0.266182 1.583087 0.052449
v 0.264457 1.581978 0.051296
v 0.262945 1.580485 0.050286
v 0.261704 1.578667 0.049457
v 0.260782 1.576592 0.048841
v 0.260214 1.574341 0.048461
v 0.260022 1.572000 0.048333
v 0.260214 1.569659 0.048461
v 0.260782 1.567408 0.048841
v 0.261704 1.565333 0.049457
v 0.262945 1.563515 0.050286
v 0.264457 1.562022 0.051296
v 0.266182 1.560913 0.052449
v 0.268053 1.560231 0.053699
v 0.268345 1.583769 0.053345
v 0.266753 1.583087 0.051753
v 0.265286 1.581978 0.050286
v 0.264000 1.580485 0.049000
v 0.262945 1.578667 0.047945
v 0.262161 1.576592 0.047161
v 0.261678 1.574341 0.046678
v 0.261515 1.572000 0.046515
v 0.261678 1.569659 0.046678
v 0.262161 1.567408 0.047161
v 0.262945 1.565333 0.047945
v 0.264000 1.563515 0.049000
v 0.265286 1.562022 0.050286
v 0.266753 1.560913 0.051753
v 0.268345 1.560231 0.053345
v 0.268699 1.583769 0.053053
v 0.267449 1.583087 0.051182
v 0.266296 1.581978 0.049457
v 0.265286 1.580485 0.047945
v 0.264457 1.578667 0.046704
v 0.263841 1.576592 0.045782
v 0.263461 1.574341 0.045214
v 0.263333 1.572000 0.045022
v 0.263461 1.569659 0.045214
v 0.263841 1.567408 0.045782
v 0.264457 1.565333 0.046704
v 0.265286 1.563515 0.047945
v 0.266296 1.562022 0.049457
v 0.267449 1.560913 0.051182
v 0.268699 1.560231 0.053053
v 0.269104 1.583769 0.052837
v 0.268243 1.583087 0.050757
v 0.267449 1.581978 0.048841
v 0.266753 1.580485 0.047161
v 0.266182 1.578667 0.045782
v 0.265757 1.576592 0.044757
v 0.265496 1.574341 0.044126
v 0.265408 1.572000 0.043913
v 0.265496 1.569659 0.044126
v 0.265757 1.567408 0.044757
v 0.266182 1.565333 0.045782
v 0.266753 1.563515 0.047161
v 0.267449 1.562022 0.048841
v 0.268243 1.560913 0.050757
v 0.269104 1.560231 0.052837
v 0.269543 1.583769 0.052704
v 0.269104 1.583087 0.050496
v 0.268699 1.581978 0.048461
v 0.268345 1.580485 0.046678
v 0.268053 1.578667 0.045214
v 0.267837 1.576592 0.044126
v 0.267704 1.574341 0.043457
v 0.267659 1.572000 0.043231
v 0.267704 1.569659 0.043457
v 0.267837 1.567408 0.044126
v 0.268053 1.565333 0.045214
v 0.268345 1.563515 0.046678
v 0.268699 1.562022 0.048461
v 0.269104 1.560913 0.050496
v 0.269543 1.560231 0.052704
v 0.270000 1.583087 0.050408
v 0.270000 1.578667 0.045022
v 0.270000 1.574341 0.043231
v 0.270000 1.567408 0.043913
v 0.270000 1.565333 0.045022
v 0.270000 1.560913 0.050408
v 0.270000 1.560231 0.052659
v 0.262594 1.645260 -0.030126
v 0.246569 1.659676 -0.022798
v 0.255018 1.658717 -0.014224
v 0.197892 1.642606 -0.028596
v 0.213839 1.659714 -0.023608
v 0.210916 1.645907 -0.036149
v 0.246569 1.659676 -0.022798
v 0.262594 1.645260 -0.030126
v 0.252004 1.645579 -0.036428
v 0.271007 1.628154 -0.036801
v 0.252897 1.629323 -0.045631
v 0.233416 1.685046 -0.000000
v 0.221088 1.671990 -0.008213
v 0.217376 1.672768 -0.000000
v 0.231274 1.673052 -0.011530
v 0.238918 1.672073 -0.008799
v 0.233416 1.685046 -0.000000
v 0.244245 1.672621 -0.000000
v 0.238918 1.672073 -0.008799
v 0.203091 1.658252 -0.013591
v 0.199065 1.658632 -0.000000
v 0.259048 1.659776 -0.000000
v 0.189929 1.641697 -0.016614
v 0.186386 1.642464 -0.000000
v 0.274126 1.648250 -0.000000
v 0.270121 1.645946 -0.018862
v 0.177491 1.623717 -0.000000
v 0.181945 1.623884 -0.019024
v 0.281663 1.630068 -0.020402
v 0.286604 1.631733 0.000000
v 0.229899 1.660784 -0.027548
v 0.246569 1.659676 -0.022798
v 0.229649 1.648628 -0.038780
v 0.252004 1.645579 -0.036428
v 0.193175 1.626224 -0.035268
v 0.271007 1.628154 -0.036801
v 0.209208 1.628086 -0.045323
v 0.228916 1.629408 -0.049102
v 0.252897 1.629323 -0.045631
v 0.262594 1.645260 0.030126
v 0.255018 1.658717 0.014224
v 0.246569 1.659676 0.022798
v 0.197892 1.642606 0.028596
v 0.210916 1.645907 0.036149
v 0.213839 1.659714 0.023608
v 0.246569 1.659676 0.022798
v 0.252004 1.645579 0.036428
v 0.262594 1.645260 0.030126
v 0.271007 1.628154 0.036801
v 0.252897 1.629323 0.045631
v 0.221088 1.671990 0.008213
v 0.231274 1.673052 0.011530
v 0.238918 1.672073 0.008799
v 0.238918 1.672073 0.008799
v 0.203091 1.658252 0.013591
v 0.189929 1.641697 0.016614
v 0.270121 1.645946 0.018862
v 0.181945 1.623884 0.019024
v 0.281663 1.630068 0.020402
v 0.229899 1.660784 0.027548
v 0.246569 1.659676 0.022798
v 0.229649 1.648628 0.038780
v 0.252004 1.645579 0.036428
v 0.193175 1.626224 0.035268
v 0.271007 1.628154 0.036801
v 0.209208 1.628086 0.045323
v 0.228916 1.629408 0.049102
v 0.252897 1.629323 0.045631
v 0.277947 1.595531 -0.016830
v 0.277772 1.589995 -0.015534
v 0.279305 1.595197 -0.017235
v 0.280413 1.590078 -0.016677
v 0.279120 1.596452 -0.021700
v 0.277011 1.597219 -0.021700
v 0.278186 1.589995 -0.026800
v 0.275362 1.589981 -0.028182
v 0.277030 1.595197 -0.026165
v 0.276022 1.595531 -0.026570
v 0.280308 1.593350 -0.021689
v 0.280536 1.592892 -0.019345
v 0.280862 1.589995 -0.018760
v 0.280824 1.589995 -0.021838
v 0.279440 1.592892 -0.024024
v 0.279744 1.589995 -0.024621
v 0.279515 1.585003 -0.017095
v 0.277947 1.584669 -0.016690
v 0.277011 1.582771 -0.021700
v 0.279156 1.583604 -0.021525
v 0.276022 1.584535 -0.026705
v 0.277030 1.584793 -0.026165
v 0.280536 1.587098 -0.019345
v 0.280308 1.586640 -0.021689
v 0.279440 1.587098 -0.024024
v 0.277947 1.595531 0.016830
v 0.279305 1.595197 0.017235
v 0.277772 1.589995 0.015534
v 0.280413 1.590078 0.016677
v 0.279120 1.596452 0.021700
v 0.277011 1.597219 0.021700
v 0.278186 1.589995 0.026800
v 0.277030 1.595197 0.026165
v 0.275362 1.589981 0.028182
v 0.276022 1.595531 0.026570
v 0.280308 1.593350 0.021689
v 0.280536 1.592892 0.019345
v 0.280862 1.589995 0.018760
v 0.280824 1.589995 0.021838
v 0.279440 1.592892 0.024024
v 0.279744 1.589995 0.024621
v 0.279515 1.585003 0.017095
v 0.277947 1.584669 0.016690
v 0.277011 1.582771 0.021700
v 0.279156 1.583604 0.021525
v 0.276022 1.584535 0.026705
v 0.277030 1.584793 0.026165
v 0.280536 1.587098 0.019345
v 0.280308 1.586640 0.021689
v 0.279440 1.587098 0.024024
v 0.281731 1.566367 0.000000
v 0.281086 1.565576 0.000000
v 0.281482 1.566522 -0.005256
v 0.280800 1.565726 -0.005372
v 0.280701 1.566864 -0.009613
v 0.280036 1.566174 -0.009818
v 0.276237 1.589981 -0.028182
v 0.273364 1.594908 -0.021210
v 0.276816 1.584535 -0.026705
v 0.279681 1.583604 -0.021525
v 0.280331 1.585255 -0.016953
v 0.280587 1.590079 -0.016678
v 0.281855 1.595660 -0.017716
v 0.280367 1.596602 -0.023490
v 0.277572 1.595328 -0.027984
v 0.290062 1.579504 -0.002911
v 0.290641 1.580462 0.000000
v 0.291248 1.575705 -0.003923
v 0.293080 1.575598 0.000000
v 0.287261 1.586164 0.000000
v 0.286916 1.584595 -0.002323
v 0.285754 1.572951 -0.005180
v 0.288884 1.573725 -0.003733
v 0.285568 1.572064 0.000000
v 0.290422 1.573595 0.000000
v 0.286144 1.574652 -0.006699
v 0.275982 1.589951 -0.028708
v 0.276645 1.581643 -0.029890
v 0.275800 1.589876 -0.031246
v 0.281794 1.579787 -0.022186
v 0.209593 1.553143 -0.000000
v 0.214741 1.554086 -0.013855
v 0.211350 1.541245 -0.000000
v 0.216552 1.541120 -0.012816
v 0.231154 1.554171 -0.019715
v 0.229384 1.540812 -0.017283
v 0.241271 1.540527 -0.012709
v 0.246960 1.553073 -0.013785
v 0.245753 1.540419 -0.000000
v 0.251149 1.551523 0.000000
v 0.231422 1.566508 -0.035976
v 0.247843 1.565942 -0.034428
v 0.231537 1.560875 -0.030100
v 0.248078 1.573125 -0.040648
v 0.269619 1.597213 -0.038183
v 0.257248 1.585534 -0.043368
v 0.257400 1.595598 -0.044860
v 0.269424 1.588742 -0.037744
v 0.251864 1.584762 -0.044115
v 0.278691 1.609360 -0.030507
v 0.277347 1.598471 -0.031260
v 0.280247 1.604146 -0.025253
v 0.280400 1.600272 -0.024875
v 0.259951 1.575236 -0.039401
v 0.264243 1.568014 -0.033020
v 0.284140 1.588030 -0.008901
v 0.285085 1.584185 -0.009442
v 0.283478 1.581929 -0.015674
v 0.282055 1.596285 -0.017373
v 0.280626 1.590155 -0.016151
v 0.277430 1.595924 -0.028478
v 0.280194 1.597309 -0.023618
v 0.282854 1.567358 0.000000
v 0.282699 1.567596 -0.005135
v 0.285620 1.572082 0.000000
v 0.285754 1.572951 -0.005180
v 0.260880 1.553289 0.000000
v 0.258632 1.554191 -0.011729
v 0.272141 1.556238 0.000000
v 0.271571 1.556555 -0.006605
v 0.286162 1.589452 0.000000
v 0.284251 1.593383 -0.009120
v 0.286011 1.595615 0.000000
v 0.280193 1.563881 0.000000
v 0.279876 1.564131 -0.005640
v 0.281107 1.565562 0.000000
v 0.280800 1.565726 -0.005372
v 0.277547 1.560508 0.000000
v 0.277066 1.560732 -0.005957
v 0.281752 1.566353 0.000000
v 0.281482 1.566522 -0.005256
v 0.285152 1.596533 -0.009410
v 0.282203 1.567888 -0.009193
v 0.286144 1.574652 -0.006699
v 0.270044 1.558425 -0.015506
v 0.284936 1.574819 -0.011404
v 0.278886 1.575583 -0.026078
v 0.283419 1.576304 -0.017118
v 0.280428 1.570293 -0.019340
v 0.281051 1.567740 -0.013286
v 0.270887 1.579381 -0.035267
v 0.283003 1.599692 -0.018219
v 0.276030 1.562099 -0.014393
v 0.276381 1.561530 -0.011281
v 0.279267 1.565027 -0.010043
v 0.280036 1.566174 -0.009818
v 0.267997 1.561387 -0.023446
v 0.250706 1.559000 -0.024745
v 0.274627 1.564958 -0.021880
v 0.272700 1.571772 -0.030532
v 0.281482 1.566522 0.005256
v 0.280800 1.565726 0.005372
v 0.280701 1.566864 0.009613
v 0.280036 1.566174 0.009818
v 0.276237 1.589981 0.028182
v 0.276816 1.584535 0.026705
v 0.273364 1.594908 0.021210
v 0.279681 1.583604 0.021525
v 0.280331 1.585255 0.016953
v 0.280587 1.590079 0.016678
v 0.281855 1.595660 0.017716
v 0.280367 1.596602 0.023490
v 0.277572 1.595328 0.027984
v 0.290062 1.579504 0.002911
v 0.291248 1.575705 0.003923
v 0.286916 1.584595 0.002323
v 0.285754 1.572951 0.005180
v 0.288884 1.573725 0.003733
v 0.286144 1.574652 0.006699
v 0.275982 1.589951 0.028708
v 0.276645 1.581643 0.029890
v 0.275800 1.589876 0.031246
v 0.281794 1.579787 0.022186
v 0.214741 1.554086 0.013855
v 0.216552 1.541120 0.012816
v 0.231154 1.554171 0.019715
v 0.229384 1.540812 0.017283
v 0.241271 1.540527 0.012709
v 0.246960 1.553073 0.013785
v 0.231422 1.566508 0.035976
v 0.231537 1.560875 0.030100
v 0.247843 1.565942 0.034428
v 0.248078 1.573125 0.040648
v 0.269619 1.597213 0.038183
v 0.257400 1.595598 0.044860
v 0.257248 1.585534 0.043368
v 0.269424 1.588742 0.037744
v 0.251864 1.584762 0.044115
v 0.277347 1.598471 0.031260
v 0.278691 1.609360 0.030507
v 0.280247 1.604146 0.025253
v 0.280400 1.600272 0.024875
v 0.259951 1.575236 0.039401
v 0.264243 1.568014 0.033020
v 0.285085 1.584185 0.009442
v 0.284140 1.588030 0.008901
v 0.283478 1.581929 0.015674
v 0.280626 1.590155 0.016151
v 0.282055 1.596285 0.017373
v 0.277430 1.595924 0.028478
v 0.280194 1.597309 0.023618
v 0.282699 1.567596 0.005135
v 0.285754 1.572951 0.005180
v 0.258632 1.554191 0.011729
v 0.271571 1.556555 0.006605
v 0.284251 1.593383 0.009120
v 0.279876 1.564131 0.005640
v 0.280800 1.565726 0.005372
v 0.277066 1.560732 0.005957
v 0.281482 1.566522 0.005256
v 0.285152 1.596533 0.009410
v 0.282203 1.567888 0.009193
v 0.286144 1.574652 0.006699
v 0.270044 1.558425 0.015506
v 0.284936 1.574819 0.011404
v 0.278886 1.575583 0.026078
v 0.280428 1.570293 0.019340
v 0.283419 1.576304 0.017118
v 0.281051 1.567740 0.013286
v 0.270887 1.579381 0.035267
v 0.283003 1.599692 0.018219
v 0.276030 1.562099 0.014393
v 0.276381 1.561530 0.011281
v 0.279267 1.565027 0.010043
v 0.280036 1.566174 0.009818
v 0.267997 1.561387 0.023446
v 0.250706 1.559000 0.024745
v 0.274627 1.564958 0.021880
v 0.272700 1.571772 0.030532
v 0.276001 1.600680 -0.034606
v 0.280899 1.601981 -0.025174
v 0.275956 1.597381 -0.034241
v 0.280690 1.598755 -0.024961
v 0.284735 1.601013 -0.015685
v 0.284301 1.597704 -0.015683
v 0.276001 1.600680 0.034606
v 0.275956 1.597381 0.034241
v 0.280899 1.601981 0.025174
v 0.280690 1.598755 0.024961
v 0.284735 1.601013 0.015685
v 0.284301 1.597704 0.015683
v 0.257400 1.595598 -0.044860
v 0.244212 1.583112 -0.048952
v 0.246503 1.601962 -0.050593
v 0.251864 1.584762 -0.044115
v 0.244212 1.583112 -0.048952
v 0.241840 1.569748 -0.043154
v 0.248078 1.573125 -0.040648
v 0.251864 1.584762 -0.044115
v 0.243209 1.562506 -0.036327
v 0.285647 1.604368 -0.016611
v 0.289960 1.604266 0.000000
v 0.285152 1.596533 -0.009410
v 0.286011 1.595615 0.000000
v 0.285638 1.611857 -0.020109
v 0.290599 1.613149 0.000000
v 0.272046 1.603713 -0.038425
v 0.280247 1.604146 -0.025253
v 0.257400 1.595598 0.044860
v 0.246503 1.601962 0.050593
v 0.244212 1.583112 0.048952
v 0.244212 1.583112 0.048952
v 0.251864 1.584762 0.044115
v 0.241840 1.569748 0.043154
v 0.248078 1.573125 0.040648
v 0.251864 1.584762 0.044115
v 0.243209 1.562506 0.036327
v 0.285647 1.604368 0.016611
v 0.285152 1.596533 0.009410
v 0.285638 1.611857 0.020109
v 0.272046 1.603713 0.038425
v 0.280247 1.604146 0.025253
v 0.261563 1.602642 -0.047600
v 0.246503 1.601962 -0.050593
v 0.261563 1.602642 -0.047600
v 0.261563 1.602642 0.047600
v 0.261563 1.602642 0.047600
v 0.246503 1.601962 0.050593
v 0.216923 1.558769 -0.038568
v 0.229779 1.565359 -0.043780
v 0.218193 1.557144 -0.033467
v 0.230648 1.563506 -0.037264
v 0.187862 1.555745 -0.000000
v 0.178912 1.575924 -0.000000
v 0.189348 1.561781 -0.014656
v 0.183315 1.576772 -0.018312
v 0.210927 1.579874 -0.047571
v 0.228918 1.581310 -0.051136
v 0.213978 1.566821 -0.043181
v 0.199746 1.564145 -0.033877
v 0.194761 1.578194 -0.037359
v 0.209152 1.601558 -0.049344
v 0.191347 1.600550 -0.038381
v 0.194849 1.559855 -0.011558
v 0.193211 1.555431 -0.000000
v 0.195723 1.559093 -0.023642
v 0.183315 1.576772 -0.018312
v 0.200726 1.557168 -0.020153
v 0.204378 1.561251 -0.028931
v 0.194849 1.559855 -0.011558
v 0.228987 1.601977 -0.053424
v 0.246503 1.601962 -0.050593
v 0.261563 1.602642 -0.047600
v 0.246503 1.601962 -0.050593
v 0.179911 1.600196 -0.019498
v 0.175447 1.600194 -0.000000
v 0.216923 1.558769 0.038568
v 0.218193 1.557144 0.033467
v 0.229779 1.565359 0.043780
v 0.230648 1.563506 0.037264
v 0.189348 1.561781 0.014656
v 0.183315 1.576772 0.018312
v 0.210927 1.579874 0.047571
v 0.213978 1.566821 0.043181
v 0.228918 1.581310 0.051136
v 0.199746 1.564145 0.033877
v 0.194761 1.578194 0.037359
v 0.209152 1.601558 0.049344
v 0.191347 1.600550 0.038381
v 0.194849 1.559855 0.011558
v 0.195723 1.559093 0.023642
v 0.183315 1.576772 0.018312
v 0.200726 1.557168 0.020153
v 0.204378 1.561251 0.028931
v 0.194849 1.559855 0.011558
v 0.228987 1.601977 0.053424
v 0.246503 1.601962 0.050593
v 0.246503 1.601962 0.050593
v 0.261563 1.602642 0.047600
v 0.179911 1.600196 0.019498
v 0.245192 1.598376 -0.062952
v 0.247135 1.594451 -0.044683
v 0.242370 1.593199 -0.062950
v 0.245330 1.589203 -0.044611
v 0.236113 1.586673 -0.062888
v 0.239862 1.582526 -0.044036
v 0.234648 1.594570 -0.061558
v 0.237693 1.591360 -0.045436
v 0.240197 1.581008 -0.064492
v 0.243626 1.577585 -0.042771
v 0.247014 1.579520 -0.042858
v 0.244126 1.583161 -0.064624
v 0.240197 1.581008 -0.064492
v 0.243626 1.577585 -0.042771
v 0.242202 1.597434 -0.045092
v 0.239342 1.601498 -0.061685
v 0.242202 1.597434 -0.045092
v 0.239342 1.601498 -0.061685
v 0.235705 1.598864 -0.089535
v 0.234650 1.592726 -0.079697
v 0.234082 1.597531 -0.079985
v 0.237899 1.587495 -0.079305
v 0.240175 1.594845 -0.076936
v 0.240238 1.598793 -0.081846
v 0.237899 1.587495 -0.079305
v 0.241079 1.592930 -0.081438
v 0.235417 1.601205 -0.080742
v 0.235705 1.598864 -0.089535
v 0.235705 1.598864 -0.089535
v 0.235417 1.601205 -0.080742
v 0.231422 1.566508 -0.035976
v 0.218193 1.557144 -0.033467
v 0.230648 1.563506 -0.037264
v 0.215219 1.566379 -0.030274
v 0.243209 1.562506 -0.036327
v 0.197642 1.564676 -0.000000
v 0.194849 1.559855 -0.011558
v 0.201048 1.567150 -0.016767
v 0.193211 1.555431 -0.000000
v 0.204378 1.561251 -0.028931
v 0.200726 1.557168 -0.020153
v 0.248078 1.573125 -0.040648
v 0.215219 1.566379 -0.030274
v 0.201048 1.567150 -0.016767
v 0.212624 1.559200 -0.019809
v 0.205643 1.558250 -0.000000
v 0.197642 1.564676 -0.000000
v 0.245192 1.598376 0.062952
v 0.242370 1.593199 0.062950
v 0.247135 1.594451 0.044683
v 0.245330 1.589203 0.044611
v 0.236113 1.586673 0.062888
v 0.234648 1.594570 0.061558
v 0.239862 1.582526 0.044036
v 0.237693 1.591360 0.045436
v 0.240197 1.581008 0.064492
v 0.243626 1.577585 0.042771
v 0.247014 1.579520 0.042858
v 0.244126 1.583161 0.064624
v 0.240197 1.581008 0.064492
v 0.243626 1.577585 0.042771
v 0.242202 1.597434 0.045092
v 0.239342 1.601498 0.061685
v 0.242202 1.597434 0.045092
v 0.239342 1.601498 0.061685
v 0.235705 1.598864 0.089535
v 0.234082 1.597531 0.079985
v 0.234650 1.592726 0.079697
v 0.237899 1.587495 0.079305
v 0.240175 1.594845 0.076936
v 0.240238 1.598793 0.081846
v 0.237899 1.587495 0.079305
v 0.241079 1.592930 0.081438
v 0.235417 1.601205 0.080742
v 0.235705 1.598864 0.089535
v 0.235417 1.601205 0.080742
v 0.235705 1.598864 0.089535
v 0.231422 1.566508 0.035976
v 0.230648 1.563506 0.037264
v 0.218193 1.557144 0.033467
v 0.215219 1.566379 0.030274
v 0.243209 1.562506 0.036327
v 0.201048 1.567150 0.016767
v 0.194849 1.559855 0.011558
v 0.204378 1.561251 0.028931
v 0.200726 1.557168 0.020153
v 0.248078 1.573125 0.040648
v 0.215219 1.566379 0.030274
v 0.201048 1.567150 0.016767
v 0.212624 1.559200 0.019809
v 0.272046 1.603713 -0.038425
v 0.259397 1.566445 -0.042464
v 0.252566 1.559076 -0.040615
v 0.249962 1.565490 -0.043521
v 0.257408 1.555673 -0.037016
v 0.262362 1.559581 -0.036204
v 0.266117 1.566218 -0.036468
v 0.260865 1.581576 -0.046497
v 0.247548 1.581001 -0.048160
v 0.270131 1.581951 -0.038170
v 0.272046 1.603713 0.038425
v 0.259397 1.566445 0.042464
v 0.249962 1.565490 0.043521
v 0.252566 1.559076 0.040615
v 0.257408 1.555673 0.037016
v 0.262362 1.559581 0.036204
v 0.266117 1.566218 0.036468
v 0.260865 1.581576 0.046497
v 0.247548 1.581001 0.048160
v 0.270131 1.581951 0.038170
v 0.281293 1.657417 -0.000000
v 0.275267 1.653712 0.026887
v 0.289972 1.633011 0.000000
v 0.282516 1.632315 0.027687
v 0.261971 1.630558 0.045072
v 0.256814 1.646760 0.043015
v 0.232351 1.640207 0.049749
v 0.233217 1.626779 0.051400
v 0.198559 1.625351 0.052317
v 0.191785 1.621191 0.064815
v 0.185608 1.623635 0.052037
v 0.198559 1.625351 0.052317
v 0.203459 1.625989 0.062608
v 0.180199 1.654639 0.033804
v 0.181845 1.663490 -0.000000
v 0.177675 1.646894 0.018264
v 0.185472 1.670725 0.017424
v 0.202847 1.629425 0.045683
v 0.282516 1.632315 -0.027687
v 0.275267 1.654171 -0.026062
v 0.256799 1.674870 -0.021099
v 0.229631 1.668210 -0.037361
v 0.230468 1.681608 -0.022336
v 0.261655 1.678107 -0.000000
v 0.230609 1.648906 -0.048759
v 0.256264 1.652557 -0.042274
v 0.261971 1.630558 -0.045072
v 0.233217 1.626779 -0.051400
v 0.202471 1.641851 -0.044861
v 0.204272 1.619769 -0.046763
v 0.256799 1.674465 0.022305
v 0.243886 1.664964 0.037505
v 0.215660 1.685849 0.016171
v 0.231386 1.689260 -0.000000
v 0.200266 1.682953 -0.000000
v 0.239647 1.683085 0.022855
v 0.202847 1.629425 0.045683
v 0.215562 1.658212 0.051969
v 0.194207 1.660137 0.048668
v 0.191560 1.638377 0.060194
v 0.223550 1.674093 0.039312
v 0.201549 1.676226 0.034340
v 0.172202 1.636348 -0.000000
v 0.177675 1.646894 0.018264
v 0.181794 1.616248 -0.027634
v 0.180610 1.637647 -0.025898
v 0.188139 1.661665 -0.020738
v 0.173539 1.615930 -0.000000
v 0.205296 1.664544 -0.033849
v 0.205035 1.677367 -0.017268
v 0.229801 1.650744 0.045729
v 0.229801 1.650744 0.045729
v 0.216988 1.636168 0.056957
v 0.208348 1.638822 0.060910
v 0.180671 1.630435 0.036953
v 0.182827 1.634727 0.047428
v 0.185839 1.633078 0.032236
v 0.180671 1.630435 0.036953
v 0.202847 1.629425 0.045683
v 0.204272 1.619769 0.046763
v 0.202847 1.629425 0.045683
v 0.181794 1.616248 0.027634
v 0.216974 1.637150 0.047032
v 0.216974 1.637150 0.047032
v 0.230493 1.632959 -0.000000
v 0.296580 1.633163 0.000000
v 0.288543 1.632587 -0.030629
v 0.177738 1.615130 -0.031264
v 0.167723 1.614433 -0.000000
v 0.201957 1.618604 -0.052210
v 0.233187 1.626579 -0.057902
v 0.264208 1.630445 -0.050225
v 0.288543 1.632587 0.030629
v 0.177738 1.615130 0.031264
v 0.201957 1.618604 0.052210
v 0.233187 1.626579 0.057902
v 0.264208 1.630445 0.050225
v 0.176966 1.632133 0.023610
v 0.235691 1.605038 -0.000000
v 0.291441 1.603998 -0.031394
v 0.299283 1.604765 0.000000
v 0.204698 1.590305 -0.052881
v 0.236463 1.598094 -0.059121
v 0.179091 1.586967 -0.031156
v 0.169204 1.586729 -0.000000
v 0.266646 1.601484 -0.051596
v 0.291441 1.603998 0.031394
v 0.236463 1.598094 0.059121
v 0.204698 1.590305 0.052881
v 0.179091 1.586967 0.031156
v 0.266646 1.601484 0.051596
v 0.291441 1.603998 0.031394
v 0.264208 1.630445 0.050225
v 0.266646 1.601484 0.051596
v 0.288543 1.632587 0.030629
v 0.296580 1.633163 0.000000
v 0.291441 1.603998 0.031394
v 0.299393 1.604463 0.000000
v 0.288543 1.632587 0.030629
v 0.291441 1.603998 -0.031394
v 0.296580 1.633163 0.000000
v 0.299393 1.604463 0.000000
v 0.288543 1.632587 -0.030629
v 0.264208 1.630445 -0.050225
v 0.291441 1.603998 -0.031394
v 0.266646 1.601484 -0.051596
v 0.288543 1.632587 -0.030629
v 0.236463 1.598094 -0.059121
v 0.264208 1.630445 -0.050225
v 0.266646 1.601484 -0.051596
v 0.233187 1.626579 -0.057902
v 0.201957 1.618604 -0.052210
v 0.236463 1.598094 -0.059121
v 0.204698 1.590305 -0.052881
v 0.233187 1.626579 -0.057902
v 0.179091 1.586967 -0.031156
v 0.201957 1.618604 -0.052210
v 0.204698 1.590305 -0.052881
v 0.177738 1.615130 -0.031264
v 0.167723 1.614433 -0.000000
v 0.169171 1.586519 -0.000000
v 0.179091 1.586967 0.031156
v 0.177738 1.615130 0.031264
v 0.201957 1.618604 0.052210
v 0.204698 1.590305 0.052881
v 0.236463 1.598094 0.059121
v 0.201957 1.618604 0.052210
v 0.204698 1.590305 0.052881
v 0.233187 1.626579 0.057902
v 0.264208 1.630445 0.050225
v 0.236463 1.598094 0.059121
v 0.266646 1.601484 0.051596
v 0.233187 1.626579 0.057902
v 0.203140 1.573048 0.075672
v 0.184458 1.594773 0.072144
v 0.191963 1.579740 0.064610
v 0.203140 1.573048 0.075672
v 0.201956 1.590194 0.074685
v 0.184458 1.594773 0.072144
v 0.201956 1.590194 0.074685
v 0.209902 1.603158 0.082741
v 0.209902 1.603158 0.082741
v 0.197991 1.606997 0.070922
v 0.197991 1.606997 0.070922
v 0.191728 1.621797 0.064839
v 0.184458 1.594773 0.072144
v 0.180854 1.573045 0.053480
v 0.180854 1.573045 0.053480
v 0.181844 1.590191 0.054658
v 0.181844 1.590191 0.054658
v 0.173754 1.603153 0.046743
v 0.185621 1.606995 0.058603
v 0.173754 1.603153 0.046743
v 0.185621 1.606995 0.058603
v 0.199293 1.594934 0.057247
v 0.199293 1.594934 0.057247
v 0.199293 1.594934 0.057247
v 0.186346 1.472847 -0.000000
v 0.189248 1.486045 -0.000000
v 0.191319 1.472773 -0.025579
v 0.194194 1.485549 -0.025384
v 0.187190 1.456868 -0.026122
v 0.182189 1.457032 -0.000000
v 0.201561 1.458471 -0.043670
v 0.183683 1.441585 -0.027490
v 0.203303 1.472412 -0.040840
v 0.199582 1.440543 -0.047446
v 0.230646 1.470135 -0.049818
v 0.229849 1.456656 -0.053751
v 0.231429 1.482102 -0.046751
v 0.204421 1.484387 -0.038751
v 0.254264 1.480702 -0.040830
v 0.254406 1.468326 -0.043263
v 0.264981 1.479325 -0.032421
v 0.265551 1.466146 -0.034119
v 0.254736 1.454074 -0.046233
v 0.228570 1.439019 -0.059066
v 0.266484 1.450049 -0.036109
v 0.255079 1.436230 -0.049748
v 0.267396 1.434856 -0.038113
v 0.251820 1.491582 -0.065354
v 0.247669 1.498974 -0.073220
v 0.249868 1.502982 -0.052265
v 0.245298 1.512029 -0.059508
v 0.243208 1.496685 -0.047234
v 0.245319 1.484784 -0.061485
v 0.222678 1.494108 -0.086115
v 0.233564 1.478133 -0.101948
v 0.227119 1.469766 -0.097693
v 0.215093 1.485972 -0.080516
v 0.230466 1.462776 -0.089352
v 0.252732 1.465613 -0.079972
v 0.247448 1.477668 -0.067717
v 0.232217 1.474849 -0.068275
v 0.259317 1.473980 -0.084226
v 0.255038 1.485171 -0.072681
v 0.250540 1.492963 -0.080261
v 0.255831 1.480970 -0.092567
v 0.244653 1.482489 -0.100109
v 0.236590 1.496481 -0.086015
v 0.240271 1.460771 -0.082296
v 0.240271 1.460771 -0.082296
v 0.232217 1.474849 -0.068275
v 0.230573 1.516831 -0.064434
v 0.254736 1.454074 -0.046233
v 0.266484 1.450049 -0.036109
v 0.201561 1.458471 -0.043670
v 0.229849 1.456656 -0.053751
v 0.231685 1.518843 -0.068147
v 0.241727 1.516620 -0.066375
v 0.244047 1.508493 -0.077285
v 0.232609 1.510727 -0.080485
v 0.220711 1.509286 -0.080022
v 0.239408 1.523894 -0.057012
v 0.231139 1.533503 -0.048865
v 0.231003 1.536172 -0.045459
v 0.237468 1.531486 -0.047881
v 0.231233 1.525754 -0.058694
v 0.223941 1.531852 -0.048612
v 0.222731 1.524895 -0.057747
v 0.232059 1.489259 -0.045903
v 0.232404 1.480642 -0.053190
v 0.250214 1.484434 -0.054941
v 0.248866 1.492478 -0.047312
v 0.258012 1.494351 -0.063278
v 0.255847 1.502150 -0.055027
v 0.251552 1.511427 -0.062493
v 0.253430 1.503564 -0.072054
v 0.243695 1.538309 -0.027840
v 0.230510 1.541377 -0.031965
v 0.243844 1.544093 -0.022334
v 0.208550 1.553386 -0.012085
v 0.207016 1.544973 -0.013145
v 0.204003 1.544428 -0.000000
v 0.206027 1.553461 -0.000000
v 0.205301 1.540217 -0.015441
v 0.201713 1.538850 -0.000000
v 0.216527 1.545434 -0.022801
v 0.218001 1.553187 -0.020514
v 0.215159 1.541935 -0.026141
v 0.230164 1.545226 -0.026179
v 0.212808 1.521010 -0.055943
v 0.221525 1.517104 -0.068247
v 0.211757 1.512504 -0.066122
v 0.210741 1.504813 -0.076891
v 0.178040 1.441803 -0.000000
v 0.252058 1.549978 -0.017544
v 0.254728 1.536175 -0.018960
v 0.244070 1.542110 -0.027474
v 0.243322 1.551639 -0.023911
v 0.230546 1.544930 -0.030394
v 0.230963 1.552958 -0.025856
v 0.257526 1.548162 -0.007893
v 0.244177 1.541015 -0.028412
v 0.254728 1.536175 -0.018960
v 0.254866 1.535348 -0.019710
v 0.259393 1.533806 -0.007364
v 0.259393 1.533806 -0.007364
v 0.217159 1.553656 -0.023181
v 0.215682 1.544850 -0.026549
v 0.230594 1.543977 -0.031901
v 0.230594 1.543977 -0.031901
v 0.230789 1.538618 -0.041186
v 0.272214 1.464656 -0.020487
v 0.271172 1.478189 -0.019445
v 0.274353 1.477974 -0.006595
v 0.275481 1.464220 -0.006595
v 0.273666 1.449033 -0.021645
v 0.275363 1.433821 -0.022670
v 0.277181 1.448196 -0.006595
v 0.278494 1.433118 -0.006595
v 0.269999 1.491474 -0.018652
v 0.263903 1.492512 -0.030988
v 0.273130 1.491259 -0.006595
v 0.272021 1.502653 -0.006595
v 0.267601 1.502569 -0.021479
v 0.263069 1.503713 -0.029858
v 0.268991 1.516529 0.000000
v 0.270889 1.510701 0.000000
v 0.270095 1.511153 -0.006595
v 0.272458 1.502731 0.000000
v 0.273656 1.491029 0.000000
v 0.274690 1.477946 0.000000
v 0.275965 1.464061 0.000000
v 0.277681 1.448030 0.000000
v 0.279014 1.433043 0.000000
v 0.273117 1.464140 -0.006910
v 0.271894 1.477794 -0.006910
v 0.273719 1.464082 0.000000
v 0.275823 1.433497 -0.006910
v 0.277181 1.448196 -0.006595
v 0.274706 1.448016 -0.006910
v 0.275481 1.464220 -0.006595
v 0.273130 1.491259 -0.006595
v 0.270682 1.491151 -0.006910
v 0.272021 1.502653 -0.006595
v 0.269518 1.502182 -0.006910
v 0.270095 1.511153 -0.006595
v 0.267796 1.510810 -0.006910
v 0.267200 1.519162 -0.006608
v 0.187190 1.456868 -0.026122
v 0.273666 1.449033 -0.021645
v 0.277181 1.448196 -0.006595
v 0.274706 1.448016 -0.006910
v 0.182261 1.457142 -0.000000
v 0.275308 1.447997 0.000000
v 0.264506 1.526621 0.000000
v 0.262030 1.529382 -0.007007
v 0.262815 1.525892 0.000000
v 0.260430 1.528592 -0.007007
v 0.215604 1.543784 -0.027774
v 0.230189 1.537542 -0.020675
v 0.230594 1.543977 -0.031901
v 0.204462 1.542247 -0.015736
v 0.199567 1.541060 -0.000000
v 0.230189 1.537542 -0.020675
v 0.254866 1.535348 -0.019710
v 0.230189 1.537542 -0.020675
v 0.244177 1.541015 -0.028412
v 0.244177 1.541015 -0.028412
v 0.260987 1.533056 0.000000
v 0.259393 1.533806 -0.007364
v 0.228147 1.533849 -0.000000
v 0.254728 1.536175 -0.018960
v 0.244177 1.541015 -0.028412
v 0.254206 1.494744 -0.038480
v 0.230590 1.552544 -0.022998
v 0.244135 1.551600 -0.019846
v 0.252080 1.550690 -0.010536
v 0.244135 1.551600 -0.019846
v 0.218001 1.553187 -0.020514
v 0.208550 1.553386 -0.012085
v 0.206020 1.553420 -0.000000
v 0.254783 1.550227 0.000000
v 0.230590 1.552544 -0.022998
v 0.261161 1.512953 -0.028888
v 0.258513 1.505081 -0.034334
v 0.251903 1.507677 -0.037992
v 0.262030 1.529382 -0.007007
v 0.260990 1.533079 0.000000
v 0.264500 1.526662 0.000000
v 0.267200 1.519162 -0.006608
v 0.262212 1.523656 -0.016941
v 0.267761 1.511277 -0.015435
v 0.261793 1.518252 -0.023911
v 0.191610 1.500489 -0.000000
v 0.196799 1.499215 -0.025612
v 0.205241 1.495886 -0.037111
v 0.248930 1.495801 -0.043933
v 0.232092 1.490559 -0.044927
v 0.249032 1.498701 -0.040172
v 0.251903 1.507677 -0.037992
v 0.249032 1.498701 -0.040172
v 0.231983 1.488915 -0.045028
v 0.232078 1.491570 -0.044232
v 0.232078 1.491570 -0.044232
v 0.206877 1.494830 -0.052822
v 0.207093 1.487097 -0.061730
v 0.214190 1.482621 -0.056917
v 0.213554 1.490687 -0.048435
v 0.232059 1.489259 -0.045903
v 0.232404 1.480642 -0.053190
v 0.205476 1.496229 -0.070170
v 0.206589 1.503801 -0.060163
v 0.206815 1.510424 -0.050675
v 0.206619 1.515633 -0.043457
v 0.206099 1.504561 -0.040759
v 0.213040 1.494511 -0.044137
v 0.206519 1.500128 -0.046256
v 0.205203 1.507937 -0.036102
v 0.212601 1.498026 -0.039479
v 0.200801 1.512518 -0.028943
v 0.205203 1.507937 -0.036102
v 0.232092 1.490559 -0.044927
v 0.212601 1.498026 -0.039479
v 0.232078 1.491570 -0.044232
v 0.230789 1.538618 -0.041186
v 0.214611 1.537399 -0.036848
v 0.206593 1.553950 -0.012743
v 0.196551 1.532050 -0.000000
v 0.199557 1.541112 -0.000000
v 0.201298 1.533042 -0.017584
v 0.193713 1.517288 -0.000000
v 0.197971 1.516920 -0.021084
v 0.213351 1.528789 -0.047258
v 0.213820 1.533455 -0.042093
v 0.230594 1.543977 -0.031901
v 0.230789 1.538618 -0.041186
v 0.215604 1.543784 -0.027774
v 0.215604 1.543784 -0.027774
v 0.208144 1.528704 -0.035914
v 0.205535 1.521073 -0.035596
v 0.205535 1.521073 -0.035596
v 0.214611 1.537399 -0.036848
v 0.204462 1.542247 -0.015736
v 0.207022 1.534876 -0.028203
v 0.204462 1.542247 -0.015736
v 0.208144 1.528704 -0.035914
v 0.199557 1.541112 -0.000000
v 0.202626 1.553870 -0.000000
v 0.203366 1.526149 -0.028440
v 0.216708 1.513413 -0.064368
v 0.212573 1.491722 -0.073513
v 0.209376 1.504922 -0.058349
v 0.214687 1.497271 -0.051443
v 0.217592 1.484281 -0.067345
v 0.232021 1.481039 -0.062303
v 0.230561 1.493844 -0.046563
v 0.232021 1.481039 -0.062303
v 0.230561 1.493844 -0.046563
v 0.219779 1.478834 -0.073478
v 0.234014 1.502011 -0.079556
v 0.219504 1.499826 -0.079169
v 0.213131 1.489735 -0.075797
v 0.268968 1.516566 0.000000
v 0.266816 1.516080 0.000000
v 0.232055 1.505036 -0.055452
v 0.241727 1.516620 -0.066375
v 0.251552 1.511427 -0.062493
v 0.231685 1.518843 -0.068147
v 0.221525 1.517104 -0.068247
v 0.211757 1.512504 -0.066122
v 0.206589 1.503801 -0.060163
v 0.248866 1.492478 -0.047312
v 0.232059 1.489259 -0.045903
v 0.255847 1.502150 -0.055027
v 0.213554 1.490687 -0.048435
v 0.206877 1.494830 -0.052822
v 0.252605 1.542150 -0.011267
v 0.255901 1.540672 0.000000
v 0.260900 1.527178 -0.007065
v 0.254810 1.550270 0.000000
v 0.252080 1.550690 -0.010536
v 0.262619 1.524547 0.000000
v 0.253099 1.533299 -0.019723
v 0.254589 1.523700 -0.032193
v 0.254724 1.507965 -0.048702
v 0.245766 1.534506 -0.036153
v 0.246888 1.530873 -0.041042
v 0.247930 1.526919 -0.045575
v 0.249686 1.519179 -0.053852
v 0.254746 1.529109 -0.027363
v 0.245766 1.534506 -0.036153
v 0.254046 1.512536 -0.043559
v 0.251041 1.525618 -0.035608
v 0.253380 1.518068 -0.035871
v 0.251041 1.525618 -0.035608
v 0.253380 1.518068 -0.035871
v 0.272323 1.477743 0.000000
v 0.275382 1.447890 0.000000
v 0.275798 1.433224 0.000000
v 0.268629 1.510463 0.000000
v 0.270076 1.502299 0.000000
v 0.271197 1.490992 0.000000
v 0.191319 1.472773 0.025579
v 0.194194 1.485549 0.025384
v 0.191319 1.472773 0.025579
v 0.186346 1.472847 -0.000000
v 0.187190 1.456868 0.026122
v 0.182189 1.457032 -0.000000
v 0.201561 1.458471 0.043670
v 0.183683 1.441585 0.027490
v 0.203303 1.472412 0.040840
v 0.199582 1.440543 0.047446
v 0.230646 1.470135 0.049818
v 0.203303 1.472412 0.040840
v 0.229849 1.456656 0.053751
v 0.201561 1.458471 0.043670
v 0.231429 1.482102 0.046751
v 0.204421 1.484387 0.038751
v 0.254406 1.468326 0.043263
v 0.254264 1.480702 0.040830
v 0.265551 1.466146 0.034119
v 0.264981 1.479325 0.032421
v 0.254736 1.454074 0.046233
v 0.228570 1.439019 0.059066
v 0.266484 1.450049 0.036109
v 0.255079 1.436230 0.049748
v 0.199582 1.440543 0.047446
v 0.267396 1.434856 0.038113
v 0.251820 1.491582 0.065354
v 0.249868 1.502982 0.052265
v 0.247669 1.498974 0.073220
v 0.245298 1.512029 0.059508
v 0.243208 1.496685 0.047234
v 0.245319 1.484784 0.061484
v 0.222678 1.494108 0.086115
v 0.227119 1.469766 0.097693
v 0.233564 1.478133 0.101948
v 0.215093 1.485971 0.080516
v 0.230466 1.462776 0.089352
v 0.252732 1.465613 0.079971
v 0.232217 1.474849 0.068275
v 0.247448 1.477668 0.067717
v 0.259317 1.473980 0.084226
v 0.255038 1.485171 0.072681
v 0.250540 1.492963 0.080261
v 0.255831 1.480970 0.092567
v 0.236590 1.496481 0.086015
v 0.244653 1.482489 0.100109
v 0.240271 1.460771 0.082295
v 0.232217 1.474849 0.068275
v 0.240271 1.460771 0.082295
v 0.230573 1.516831 0.064434
v 0.254736 1.454074 0.046233
v 0.201561 1.458471 0.043670
v 0.266484 1.450049 0.036109
v 0.229849 1.456656 0.053751
v 0.231684 1.518843 0.068147
v 0.244047 1.508493 0.077285
v 0.241727 1.516620 0.066375
v 0.232609 1.510727 0.080485
v 0.220711 1.509286 0.080022
v 0.239408 1.523894 0.057011
v 0.231139 1.533503 0.048865
v 0.237468 1.531486 0.047881
v 0.231003 1.536172 0.045459
v 0.231233 1.525754 0.058694
v 0.223941 1.531852 0.048612
v 0.222731 1.524895 0.057747
v 0.232059 1.489259 0.045903
v 0.250214 1.484434 0.054941
v 0.232404 1.480642 0.053189
v 0.248866 1.492478 0.047312
v 0.258012 1.494351 0.063278
v 0.255847 1.502149 0.055027
v 0.251552 1.511427 0.062492
v 0.253430 1.503564 0.072054
v 0.243695 1.538309 0.027840
v 0.243844 1.544093 0.022334
v 0.230510 1.541377 0.031965
v 0.208550 1.553386 0.012085
v 0.207016 1.544973 0.013145
v 0.205301 1.540217 0.015441
v 0.216527 1.545434 0.022801
v 0.218001 1.553187 0.020514
v 0.215159 1.541935 0.026141
v 0.230164 1.545226 0.026179
v 0.212808 1.521010 0.055943
v 0.221525 1.517104 0.068247
v 0.211757 1.512504 0.066122
v 0.210741 1.504813 0.076891
v 0.178040 1.441803 -0.000000
v 0.252058 1.549978 0.017544
v 0.244070 1.542110 0.027474
v 0.254728 1.536175 0.018960
v 0.243322 1.551639 0.023911
v 0.230546 1.544930 0.030394
v 0.230963 1.552958 0.025856
v 0.257526 1.548162 0.007893
v 0.244177 1.541015 0.028412
v 0.254866 1.535348 0.019710
v 0.254728 1.536175 0.018960
v 0.259393 1.533806 0.007364
v 0.259393 1.533806 0.007364
v 0.217159 1.553656 0.023181
v 0.215682 1.544850 0.026549
v 0.230594 1.543977 0.031901
v 0.230594 1.543977 0.031901
v 0.230789 1.538618 0.041186
v 0.272214 1.464656 0.020487
v 0.271172 1.478189 0.019445
v 0.264981 1.479325 0.032421
v 0.265551 1.466146 0.034119
v 0.274353 1.477974 0.006595
v 0.275481 1.464220 0.006595
v 0.273666 1.449033 0.021645
v 0.272214 1.464656 0.020487
v 0.275363 1.433821 0.022670
v 0.275481 1.464220 0.006595
v 0.277181 1.448196 0.006595
v 0.278494 1.433118 0.006595
v 0.269999 1.491474 0.018652
v 0.263903 1.492512 0.030988
v 0.273130 1.491259 0.006595
v 0.272021 1.502653 0.006595
v 0.267601 1.502569 0.021479
v 0.263069 1.503713 0.029858
v 0.268991 1.516529 0.000000
v 0.270095 1.511153 0.006595
v 0.270889 1.510701 0.000000
v 0.272458 1.502731 0.000000
v 0.273656 1.491029 0.000000
v 0.274690 1.477946 0.000000
v 0.275965 1.464061 0.000000
v 0.273117 1.464140 0.006910
v 0.273719 1.464082 0.000000
v 0.271894 1.477794 0.006910
v 0.275823 1.433497 0.006910
v 0.277181 1.448196 0.006595
v 0.274706 1.448016 0.006910
v 0.275481 1.464220 0.006595
v 0.273117 1.464140 0.006910
v 0.274353 1.477974 0.006595
v 0.273130 1.491259 0.006595
v 0.270682 1.491151 0.006910
v 0.269518 1.502182 0.006910
v 0.272021 1.502653 0.006595
v 0.270095 1.511153 0.006595
v 0.267796 1.510810 0.006910
v 0.264879 1.518810 0.006910
v 0.187190 1.456868 0.026122
v 0.273666 1.449033 0.021645
v 0.277181 1.448196 0.006595
v 0.274706 1.448016 0.006910
v 0.262030 1.529382 0.007007
v 0.260430 1.528592 0.007007
v 0.215604 1.543784 0.027774
v 0.230594 1.543977 0.031901
v 0.230189 1.537542 0.020675
v 0.204462 1.542247 0.015736
v 0.230189 1.537542 0.020675
v 0.230189 1.537542 0.020675
v 0.254866 1.535348 0.019710
v 0.244177 1.541015 0.028412
v 0.244177 1.541015 0.028412
v 0.259393 1.533806 0.007364
v 0.254728 1.536175 0.018960
v 0.244177 1.541015 0.028412
v 0.263903 1.492512 0.030988
v 0.254206 1.494744 0.038480
v 0.230590 1.552544 0.022998
v 0.244135 1.551600 0.019846
v 0.252080 1.550690 0.010536
v 0.218001 1.553187 0.020514
v 0.244135 1.551600 0.019846
v 0.208550 1.553386 0.012085
v 0.230590 1.552544 0.022998
v 0.261161 1.512953 0.028888
v 0.263069 1.503713 0.029858
v 0.258513 1.505081 0.034334
v 0.261161 1.512953 0.028888
v 0.251903 1.507677 0.037992
v 0.262030 1.529382 0.007007
v 0.267200 1.519162 0.006608
v 0.262212 1.523656 0.016941
v 0.267761 1.511277 0.015435
v 0.261793 1.518252 0.023911
v 0.267200 1.519162 0.006608
v 0.262212 1.523656 0.016941
v 0.196799 1.499215 0.025612
v 0.205241 1.495886 0.037111
v 0.248930 1.495801 0.043933
v 0.232092 1.490559 0.044927
v 0.249032 1.498701 0.040172
v 0.251903 1.507677 0.037992
v 0.249032 1.498701 0.040172
v 0.231983 1.488915 0.045028
v 0.232078 1.491570 0.044232
v 0.232078 1.491570 0.044232
v 0.206877 1.494830 0.052822
v 0.214190 1.482621 0.056917
v 0.207093 1.487097 0.061730
v 0.213554 1.490687 0.048435
v 0.232059 1.489259 0.045903
v 0.232404 1.480642 0.053189
v 0.206589 1.503800 0.060163
v 0.205476 1.496229 0.070170
v 0.206619 1.515633 0.043457
v 0.206815 1.510424 0.050675
v 0.206099 1.504561 0.040759
v 0.213040 1.494511 0.044137
v 0.206519 1.500128 0.046256
v 0.205203 1.507937 0.036102
v 0.212601 1.498026 0.039479
v 0.205203 1.507937 0.036102
v 0.200801 1.512518 0.028943
v 0.232092 1.490559 0.044927
v 0.212601 1.498026 0.039479
v 0.232078 1.491570 0.044232
v 0.230789 1.538618 0.041186
v 0.214611 1.537399 0.036848
v 0.206593 1.553950 0.012743
v 0.201298 1.533042 0.017584
v 0.197971 1.516920 0.021084
v 0.213351 1.528789 0.047258
v 0.213820 1.533455 0.042093
v 0.230594 1.543977 0.031901
v 0.215604 1.543784 0.027774
v 0.230789 1.538618 0.041186
v 0.215604 1.543784 0.027774
v 0.208144 1.528704 0.035914
v 0.205535 1.521073 0.035596
v 0.205535 1.521073 0.035596
v 0.214611 1.537399 0.036848
v 0.204462 1.542247 0.015736
v 0.207021 1.534876 0.028203
v 0.204462 1.542247 0.015736
v 0.208144 1.528704 0.035914
v 0.203366 1.526149 0.028440
v 0.216708 1.513413 0.064368
v 0.209376 1.504922 0.058349
v 0.212573 1.491722 0.073513
v 0.214687 1.497271 0.051443
v 0.217592 1.484281 0.067345
v 0.232021 1.481039 0.062303
v 0.230561 1.493844 0.046563
v 0.232021 1.481039 0.062303
v 0.230561 1.493844 0.046563
v 0.219779 1.478834 0.073478
v 0.234014 1.502011 0.079556
v 0.219504 1.499826 0.079169
v 0.213131 1.489735 0.075797
v 0.232055 1.505036 0.055452
v 0.251552 1.511427 0.062492
v 0.241727 1.516620 0.066375
v 0.231684 1.518843 0.068147
v 0.221525 1.517104 0.068247
v 0.211757 1.512504 0.066122
v 0.206589 1.503800 0.060163
v 0.232059 1.489259 0.045903
v 0.248866 1.492478 0.047312
v 0.255847 1.502149 0.055027
v 0.213554 1.490687 0.048435
v 0.206877 1.494830 0.052822
v 0.252605 1.542150 0.011267
v 0.260900 1.527178 0.007065
v 0.252080 1.550690 0.010536
v 0.253099 1.533299 0.019723
v 0.254589 1.523700 0.032193
v 0.261793 1.518252 0.023911
v 0.254724 1.507965 0.048702
v 0.245766 1.534506 0.036153
v 0.246888 1.530873 0.041042
v 0.247930 1.526919 0.045575
v 0.249686 1.519179 0.053852
v 0.254746 1.529109 0.027363
v 0.245766 1.534506 0.036153
v 0.254046 1.512536 0.043559
v 0.251041 1.525618 0.035608
v 0.253380 1.518068 0.035871
v 0.251041 1.525618 0.035608
v 0.253380 1.518068 0.035871
v 0.269518 1.502182 0.006910
v 0.268629 1.510463 0.000000
v 0.267796 1.510810 0.006910
v 0.271197 1.490992 0.000000
v 0.270682 1.491151 0.006910
v 0.258710 1.540813 0.000000
v 0.259295 1.534495 0.000000
v 0.258786 1.536247 -0.004393
v 0.256443 1.544733 -0.004411
v 0.255982 1.546496 0.000000
v 0.257604 1.540488 -0.006225
v 0.258786 1.536247 0.004393
v 0.256443 1.544733 0.004411
v 0.257604 1.540488 0.006225
vn 0.3799 -0.9171 -0.1207
vn 0.9227 -0.3822 -0.0503
vn 0.9227 0.3822 0.0503
vn 0.3799 0.9171 0.1207
vn -0.3799 0.9171 0.1207
vn -0.9227 0.3822 0.0503
vn -0.9227 -0.3822 -0.0503
vn -0.3799 -0.9171 -0.1207
vn 0.3799 -0.8546 -0.3540
vn 0.9227 -0.3562 -0.1475
vn 0.9227 0.3562 0.1475
vn 0.3799 0.8546 0.3540
vn -0.3799 0.8546 0.3540
vn -0.9227 0.3562 0.1475
vn -0.9227 -0.3562 -0.1475
vn -0.3799 -0.8546 -0.3540
vn 0.3799 -0.7339 -0.5631
vn 0.9227 -0.3058 -0.2347
vn 0.9227 0.3058 0.2347
vn 0.3799 0.7339 0.5631
vn -0.3799 0.7339 0.5631
vn -0.9227 0.3058 0.2347
vn -0.9227 -0.3058 -0.2347
vn -0.3799 -0.7339 -0.5631
vn 0.3799 -0.5631 -0.7339
vn 0.9227 -0.2347 -0.3058
vn 0.9227 0.2347 0.3058
vn 0.3799 0.5631 0.7339
vn -0.3799 0.5631 0.7339
vn -0.9227 0.2347 0.3058
vn -0.9227 -0.2347 -0.3058
vn -0.3799 -0.5631 -0.7339
vn 0.3799 -0.3540 -0.8546
vn 0.9227 -0.1475 -0.3562
vn 0.9227 0.1475 0.3562
vn 0.3799 0.3540 0.8546
vn -0.3799 0.3540 0.8546
vn -0.9227 0.1475 0.3562
vn -0.9227 -0.1475 -0.3562
vn -0.3799 -0.3540 -0.8546
vn 0.3799 -0.1207 -0.9171
vn 0.9227 -0.0503 -0.3822
vn 0.9227 0.0503 0.3822
vn 0.3799 0.1207 0.9171
vn -0.3799 0.1207 0.9171
vn -0.9227 0.0503 0.3822
vn -0.9227 -0.0503 -0.3822
vn -0.3799 -0.1207 -0.9171
vn 0.3799 0.1207 -0.9171
vn 0.9227 0.0503 -0.3822
vn 0.9227 -0.0503 0.3822
vn 0.3799 -0.1207 0.9171
vn -0.3799 -0.1207 0.9171
vn -0.9227 -0.0503 0.3822
vn -0.9227 0.0503 -0.3822
vn -0.3799 0.1207 -0.9171
vn 0.3799 0.3540 -0.8546
vn 0.9227 0.1475 -0.3562
vn 0.9227 -0.1475 0.3562
vn 0.3799 -0.3540 0.8546
vn -0.3799 -0.3540 0.8546
vn -0.9227 -0.1475 0.3562
vn -0.9227 0.1475 -0.3562
vn -0.3799 0.3540 -0.8546
vn 0.3799 0.5631 -0.7339
vn 0.9227 0.2347 -0.3058
vn 0.9227 -0.2347 0.3058
vn 0.3799 -0.5631 0.7339
vn -0.3799 -0.5631 0.7339
vn -0.9227 -0.2347 0.3058
vn -0.9227 0.2347 -0.3058
vn -0.3799 0.5631 -0.7339
vn 0.3799 0.7339 -0.5631
vn 0.9227 0.3058 -0.2347
vn 0.9227 -0.3058 0.2347
vn 0.3799 -0.7339 0.5631
vn -0.3799 -0.7339 0.5631
vn -0.9227 -0.3058 0.2347
vn -0.9227 0.3058 -0.2347
vn -0.3799 0.7339 -0.5631
vn 0.3799 0.8546 -0.3540
vn 0.9227 0.3562 -0.1475
vn 0.9227 -0.3562 0.1475
vn 0.3799 -0.8546 0.3540
vn -0.3799 -0.8546 0.3540
vn -0.9227 -0.3562 0.1475
vn -0.9227 0.3562 -0.1475
vn -0.3799 0.8546 -0.3540
vn 0.3799 0.9171 -0.1207
vn 0.9227 0.3822 -0.0503
vn 0.9227 -0.3822 0.0503
vn 0.3799 -0.9171 0.1207
vn -0.3799 -0.9171 0.1207
vn -0.9227 -0.3822 0.0503
vn -0.9227 0.3822 -0.0503
vn -0.3799 0.9171 -0.1207
vn 0.9227 0.3561 0.1475
vn -0.0000 0.1564 0.9877
vn -0.0000 0.4540 0.8910
vn -0.0000 0.7071 0.7071
vn -0.0000 0.8910 0.4540
vn -0.0000 0.9877 0.1564
vn -0.0000 0.9877 -0.1564
vn -0.0000 0.8910 -0.4540
vn -0.0000 0.7071 -0.7071
vn -0.0000 0.4540 -0.8910
vn -0.0000 0.1564 -0.9877
vn -0.0000 -0.1564 -0.9877
vn -0.0000 -0.4540 -0.8910
vn -0.0000 -0.7071 -0.7071
vn -0.0000 -0.8910 -0.4540
vn -0.0000 -0.9877 -0.1564
vn -0.0000 -0.9877 0.1564
vn -0.0000 -0.8910 0.4540
vn -0.0000 -0.7071 0.7071
vn -0.0000 -0.4540 0.8910
vn -0.0000 -0.1564 0.9877
vn 1.0000 -0.0000 -0.0000
vn -0.0000 -0.5000 -0.8660
vn -0.0000 -1.0000 -0.0000
vn -0.0000 -0.5000 0.8660
vn -0.0000 0.5000 0.8660
vn -0.0000 1.0000 -0.0000
vn -0.0000 0.5000 -0.8660
vn -1.0000 -0.0000 -0.0000
vn -0.0000 -0.0000 -1.0000
vn -0.0000 -0.0000 1.0000
vn -0.4120 -0.2225 -0.8836
vn -0.3304 -0.6235 -0.7086
vn -0.1834 -0.9010 -0.3932
vn 0.1834 -0.9010 0.3932
vn 0.3304 -0.6235 0.7086
vn 0.4120 -0.2225 0.8836
vn 0.4120 0.2225 0.8836
vn 0.3304 0.6235 0.7086
vn 0.1834 0.9010 0.3932
vn -0.1834 0.9010 -0.3932
vn 0.9063 -0.0000 -0.4226
vn -0.3304 0.6235 -0.7086
vn -0.4120 0.2225 -0.8836
vn -0.9063 -0.0000 0.4226
vn -0.9848 0.1736 -0.0000
vn 0.0734 0.4162 -0.9063
vn 0.9848 -0.1736 -0.0000
vn -0.0734 -0.4162 0.9063
vn -0.1574 -0.8925 -0.4226
vn 0.1574 0.8925 0.4226
vn 0.3354 -0.3019 -0.8924
vn 0.8926 -0.2580 -0.3697
vn 0.9270 -0.0629 0.3696
vn 0.4184 0.1690 0.8924
vn -0.3354 0.3019 0.8924
vn -0.8926 0.2580 0.3696
vn 0.1677 0.9513 -0.2588
vn -0.9270 0.0629 -0.3696
vn -0.4184 -0.1690 -0.8924
vn -0.1677 -0.9513 0.2588
vn 0.4184 0.1690 -0.8924
vn 0.9270 -0.0629 -0.3696
vn 0.8926 -0.2580 0.3697
vn 0.3354 -0.3019 0.8924
vn -0.4184 -0.1690 0.8924
vn -0.9270 0.0629 0.3696
vn 0.1677 0.9513 0.2588
vn -0.8926 0.2580 -0.3696
vn -0.3354 0.3019 -0.8924
vn -0.1677 -0.9513 -0.2588
vn 0.0287 0.9566 -0.2902
vn 0.0938 -0.2890 -0.9527
vn 0.0465 0.8810 -0.4709
vn 0.0865 -0.4696 -0.8786
vn 0.0624 0.7715 -0.6331
vn 0.0760 -0.6326 -0.7708
vn 0.0758 0.6326 -0.7708
vn 0.0624 -0.7715 -0.6331
vn 0.0865 0.4696 -0.8786
vn 0.0464 -0.8810 -0.4709
vn 0.0939 0.2890 -0.9527
vn 0.0287 -0.9566 -0.2902
vn 0.0975 0.0976 -0.9904
vn 0.0100 0.9951 -0.0980
vn 0.0094 -0.9951 -0.0980
vn 0.0976 -0.0976 -0.9904
vn 0.0286 0.9951 -0.0942
vn 0.0288 -0.9951 -0.0942
vn 0.2889 -0.0976 -0.9524
vn 0.0846 0.9566 -0.2790
vn 0.2779 -0.2890 -0.9161
vn 0.1374 0.8810 -0.4528
vn 0.2563 -0.4696 -0.8449
vn 0.1847 0.7715 -0.6088
vn 0.2248 -0.6326 -0.7412
vn 0.2249 0.6326 -0.7411
vn 0.1847 -0.7715 -0.6088
vn 0.2563 0.4696 -0.8449
vn 0.1374 -0.8810 -0.4528
vn 0.2779 0.2890 -0.9161
vn 0.0844 -0.9566 -0.2790
vn 0.2889 0.0976 -0.9524
vn 0.3651 0.6326 -0.6830
vn 0.3000 -0.7715 -0.5611
vn 0.4162 0.4696 -0.7786
vn 0.2231 -0.8810 -0.4173
vn 0.4513 0.2890 -0.8443
vn 0.1375 -0.9565 -0.2571
vn 0.4692 0.0975 -0.8777
vn 0.0464 0.9951 -0.0868
vn 0.0461 -0.9952 -0.0868
vn 0.4692 -0.0975 -0.8777
vn 0.1375 0.9565 -0.2571
vn 0.4513 -0.2890 -0.8443
vn 0.2231 0.8810 -0.4173
vn 0.4162 -0.4696 -0.7786
vn 0.2999 0.7715 -0.5611
vn 0.3651 -0.6326 -0.6830
vn 0.6313 -0.0976 -0.7693
vn 0.1849 0.9566 -0.2254
vn 0.6073 -0.2890 -0.7400
vn 0.3002 0.8810 -0.3658
vn 0.5601 -0.4696 -0.6825
vn 0.4036 0.7715 -0.4918
vn 0.4914 -0.6325 -0.5987
vn 0.4913 0.6326 -0.5987
vn 0.4036 -0.7715 -0.4918
vn 0.5601 0.4696 -0.6825
vn 0.3003 -0.8809 -0.3658
vn 0.6073 0.2890 -0.7400
vn 0.1851 -0.9565 -0.2254
vn 0.6314 0.0976 -0.7693
vn 0.0624 0.9951 -0.0761
vn 0.0625 -0.9951 -0.0761
vn 0.4918 -0.7715 -0.4036
vn 0.6825 0.4696 -0.5601
vn 0.3658 -0.8810 -0.3002
vn 0.7400 0.2890 -0.6073
vn 0.2254 -0.9565 -0.1850
vn 0.7693 0.0976 -0.6314
vn 0.0763 0.9951 -0.0625
vn 0.0764 -0.9951 -0.0625
vn 0.7693 -0.0976 -0.6314
vn 0.2253 0.9566 -0.1850
vn 0.7400 -0.2890 -0.6073
vn 0.3658 0.8810 -0.3002
vn 0.6825 -0.4696 -0.5601
vn 0.4918 0.7715 -0.4036
vn 0.5987 -0.6326 -0.4913
vn 0.5987 0.6326 -0.4913
vn 0.2571 0.9566 -0.1374
vn 0.8443 -0.2890 -0.4513
vn 0.4173 0.8810 -0.2231
vn 0.7786 -0.4696 -0.4162
vn 0.5611 0.7715 -0.2999
vn 0.6831 -0.6326 -0.3651
vn 0.6831 0.6326 -0.3651
vn 0.5611 -0.7715 -0.2999
vn 0.7786 0.4696 -0.4162
vn 0.4173 -0.8810 -0.2231
vn 0.8443 0.2890 -0.4513
vn 0.2571 -0.9566 -0.1374
vn 0.8777 0.0976 -0.4691
vn 0.0867 0.9952 -0.0464
vn 0.0867 -0.9952 -0.0464
vn 0.8777 -0.0976 -0.4692
vn 0.8449 0.4696 -0.2563
vn 0.4528 -0.8810 -0.1374
vn 0.9161 0.2890 -0.2779
vn 0.2790 -0.9565 -0.0846
vn 0.9524 0.0976 -0.2889
vn 0.0943 0.9951 -0.0286
vn 0.0944 -0.9951 -0.0286
vn 0.9524 -0.0976 -0.2889
vn 0.2790 0.9566 -0.0846
vn 0.9161 -0.2890 -0.2779
vn 0.4528 0.8809 -0.1374
vn 0.8448 -0.4696 -0.2563
vn 0.6088 0.7715 -0.1847
vn 0.7412 -0.6325 -0.2248
vn 0.7411 0.6326 -0.2248
vn 0.6088 -0.7715 -0.1847
vn 0.9527 -0.2890 -0.0938
vn 0.4709 0.8810 -0.0464
vn 0.8786 -0.4696 -0.0865
vn 0.6332 0.7715 -0.0624
vn 0.7708 -0.6326 -0.0759
vn 0.7708 0.6326 -0.0759
vn 0.6331 -0.7715 -0.0624
vn 0.8786 0.4696 -0.0865
vn 0.4709 -0.8810 -0.0464
vn 0.9527 0.2890 -0.0938
vn 0.2901 -0.9566 -0.0286
vn 0.9904 0.0975 -0.0976
vn 0.0979 0.9951 -0.0097
vn 0.0979 -0.9951 -0.0097
vn 0.9904 -0.0975 -0.0976
vn 0.2902 0.9566 -0.0286
vn 0.4709 -0.8810 0.0464
vn 0.9527 0.2890 0.0938
vn 0.2901 -0.9566 0.0286
vn 0.9904 0.0976 0.0976
vn 0.0979 0.9951 0.0097
vn 0.0979 -0.9951 0.0097
vn 0.9904 -0.0976 0.0976
vn 0.2902 0.9566 0.0286
vn 0.9527 -0.2890 0.0938
vn 0.4709 0.8810 0.0464
vn 0.8786 -0.4696 0.0865
vn 0.6332 0.7715 0.0624
vn 0.7708 -0.6326 0.0759
vn 0.7708 0.6326 0.0759
vn 0.6331 -0.7715 0.0624
vn 0.8786 0.4696 0.0865
vn 0.8448 -0.4696 0.2563
vn 0.6088 0.7715 0.1847
vn 0.7412 -0.6325 0.2248
vn 0.7411 0.6326 0.2248
vn 0.6088 -0.7715 0.1847
vn 0.8449 0.4696 0.2563
vn 0.4528 -0.8809 0.1374
vn 0.9161 0.2890 0.2779
vn 0.2790 -0.9565 0.0846
vn 0.9524 0.0976 0.2889
vn 0.0943 0.9951 0.0286
vn 0.0944 -0.9951 0.0286
vn 0.9524 -0.0976 0.2889
vn 0.2790 0.9566 0.0846
vn 0.9161 -0.2890 0.2779
vn 0.4529 0.8809 0.1374
vn 0.2571 -0.9566 0.1374
vn 0.8777 0.0976 0.4691
vn 0.0867 0.9952 0.0464
vn 0.0867 -0.9952 0.0464
vn 0.8777 -0.0976 0.4692
vn 0.2572 0.9565 0.1374
vn 0.8443 -0.2890 0.4513
vn 0.4173 0.8810 0.2231
vn 0.7786 -0.4696 0.4162
vn 0.5611 0.7715 0.2999
vn 0.6831 -0.6326 0.3651
vn 0.6831 0.6326 0.3651
vn 0.5610 -0.7716 0.2999
vn 0.7786 0.4696 0.4162
vn 0.4173 -0.8810 0.2231
vn 0.8443 0.2890 0.4513
vn 0.4918 0.7715 0.4036
vn 0.5987 -0.6326 0.4913
vn 0.5987 0.6326 0.4913
vn 0.4918 -0.7715 0.4036
vn 0.6825 0.4696 0.5601
vn 0.3658 -0.8809 0.3002
vn 0.7400 0.2890 0.6073
vn 0.2254 -0.9565 0.1850
vn 0.7693 0.0976 0.6314
vn 0.0763 0.9951 0.0625
vn 0.0764 -0.9951 0.0625
vn 0.7693 -0.0976 0.6314
vn 0.2254 0.9565 0.1850
vn 0.7400 -0.2890 0.6073
vn 0.3658 0.8810 0.3002
vn 0.6825 -0.4696 0.5601
vn 0.6314 0.0976 0.7693
vn 0.0624 0.9951 0.0761
vn 0.0625 -0.9951 0.0761
vn 0.6314 -0.0976 0.7693
vn 0.1849 0.9566 0.2254
vn 0.6073 -0.2890 0.7400
vn 0.3003 0.8809 0.3658
vn 0.5601 -0.4696 0.6825
vn 0.4036 0.7715 0.4918
vn 0.4913 -0.6326 0.5987
vn 0.4913 0.6326 0.5987
vn 0.4036 -0.7715 0.4918
vn 0.5601 0.4696 0.6825
vn 0.3002 -0.8810 0.3658
vn 0.6073 0.2890 0.7400
vn 0.1851 -0.9565 0.2254
vn 0.3651 -0.6326 0.6831
vn 0.3651 0.6326 0.6830
vn 0.3000 -0.7715 0.5611
vn 0.4162 0.4696 0.7786
vn 0.2231 -0.8810 0.4173
vn 0.4513 0.2890 0.8443
vn 0.1375 -0.9565 0.2571
vn 0.4691 0.0976 0.8777
vn 0.0464 0.9951 0.0868
vn 0.0461 -0.9952 0.0868
vn 0.4691 -0.0976 0.8777
vn 0.1375 0.9565 0.2571
vn 0.4513 -0.2890 0.8443
vn 0.2231 0.8810 0.4173
vn 0.4162 -0.4696 0.7786
vn 0.3000 0.7715 0.5611
vn 0.0286 0.9951 0.0942
vn 0.0288 -0.9951 0.0942
vn 0.2889 -0.0976 0.9524
vn 0.0846 0.9566 0.2790
vn 0.2779 -0.2890 0.9161
vn 0.1373 0.8810 0.4528
vn 0.2563 -0.4696 0.8449
vn 0.1847 0.7715 0.6088
vn 0.2248 -0.6326 0.7412
vn 0.2248 0.6326 0.7412
vn 0.1847 -0.7715 0.6088
vn 0.2563 0.4696 0.8449
vn 0.1374 -0.8810 0.4528
vn 0.2779 0.2890 0.9161
vn 0.0846 -0.9566 0.2790
vn 0.2889 0.0976 0.9524
vn 0.0759 0.6326 0.7708
vn 0.0624 -0.7715 0.6331
vn 0.0865 0.4696 0.8786
vn 0.0464 -0.8810 0.4709
vn 0.0939 0.2890 0.9527
vn 0.0287 -0.9566 0.2902
vn 0.0976 0.0976 0.9904
vn 0.0100 0.9951 0.0980
vn 0.0093 -0.9951 0.0980
vn 0.0975 -0.0976 0.9904
vn 0.0285 0.9566 0.2902
vn 0.0938 -0.2890 0.9527
vn 0.0465 0.8810 0.4709
vn 0.0865 -0.4696 0.8786
vn 0.0624 0.7715 0.6331
vn 0.0760 -0.6326 0.7708
vn -0.0976 -0.0976 0.9904
vn -0.0287 0.9566 0.2902
vn -0.0938 -0.2890 0.9527
vn -0.0464 0.8810 0.4709
vn -0.0865 -0.4696 0.8786
vn -0.0623 0.7715 0.6331
vn -0.0759 -0.6326 0.7708
vn -0.0759 0.6326 0.7708
vn -0.0624 -0.7715 0.6331
vn -0.0865 0.4696 0.8786
vn -0.0464 -0.8810 0.4709
vn -0.0938 0.2890 0.9527
vn -0.0287 -0.9566 0.2902
vn -0.0975 0.0976 0.9904
vn -0.0095 0.9951 0.0980
vn -0.0093 -0.9951 0.0980
vn -0.1847 -0.7715 0.6088
vn -0.2563 0.4696 0.8449
vn -0.1374 -0.8810 0.4528
vn -0.2779 0.2890 0.9161
vn -0.0846 -0.9566 0.2790
vn -0.2889 0.0976 0.9524
vn -0.0286 0.9951 0.0942
vn -0.0288 -0.9951 0.0942
vn -0.2889 -0.0976 0.9524
vn -0.0846 0.9566 0.2790
vn -0.2779 -0.2890 0.9161
vn -0.1374 0.8810 0.4528
vn -0.2563 -0.4696 0.8449
vn -0.1847 0.7715 0.6088
vn -0.2248 -0.6326 0.7412
vn -0.2248 0.6326 0.7412
vn -0.4513 -0.2890 0.8443
vn -0.2231 0.8810 0.4173
vn -0.4162 -0.4696 0.7786
vn -0.2999 0.7715 0.5611
vn -0.3651 -0.6326 0.6830
vn -0.3651 0.6326 0.6831
vn -0.3000 -0.7715 0.5611
vn -0.4162 0.4696 0.7786
vn -0.2231 -0.8810 0.4173
vn -0.4513 0.2890 0.8443
vn -0.1375 -0.9565 0.2571
vn -0.4691 0.0976 0.8777
vn -0.0464 0.9951 0.0868
vn -0.0461 -0.9952 0.0868
vn -0.4692 -0.0976 0.8777
vn -0.1375 0.9565 0.2571
vn -0.3002 -0.8810 0.3658
vn -0.6073 0.2890 0.7400
vn -0.1849 -0.9566 0.2254
vn -0.6313 0.0976 0.7693
vn -0.0624 0.9951 0.0761
vn -0.0625 -0.9951 0.0761
vn -0.6314 -0.0976 0.7693
vn -0.1849 0.9566 0.2254
vn -0.6073 -0.2890 0.7400
vn -0.3002 0.8810 0.3658
vn -0.5601 -0.4696 0.6825
vn -0.4036 0.7715 0.4918
vn -0.4913 -0.6326 0.5987
vn -0.4913 0.6326 0.5987
vn -0.4036 -0.7715 0.4918
vn -0.5601 0.4696 0.6825
vn -0.3658 0.8809 0.3002
vn -0.6825 -0.4696 0.5601
vn -0.4918 0.7715 0.4036
vn -0.5987 -0.6326 0.4913
vn -0.5987 0.6326 0.4913
vn -0.4918 -0.7715 0.4036
vn -0.6825 0.4696 0.5601
vn -0.3658 -0.8810 0.3002
vn -0.7400 0.2890 0.6073
vn -0.2254 -0.9565 0.1850
vn -0.7693 0.0976 0.6314
vn -0.0763 0.9951 0.0625
vn -0.0764 -0.9951 0.0625
vn -0.7693 -0.0976 0.6314
vn -0.2253 0.9566 0.1850
vn -0.7400 -0.2890 0.6073
vn -0.8443 0.2890 0.4513
vn -0.2571 -0.9566 0.1374
vn -0.8777 0.0975 0.4691
vn -0.0869 0.9951 0.0464
vn -0.0867 -0.9952 0.0464
vn -0.8777 -0.0976 0.4692
vn -0.2571 0.9566 0.1374
vn -0.8443 -0.2890 0.4513
vn -0.4173 0.8810 0.2231
vn -0.7786 -0.4696 0.4162
vn -0.5611 0.7715 0.2999
vn -0.6831 -0.6326 0.3651
vn -0.6830 0.6326 0.3651
vn -0.5611 -0.7715 0.2999
vn -0.7786 0.4696 0.4162
vn -0.4174 -0.8809 0.2231
vn -0.8449 -0.4696 0.2563
vn -0.6088 0.7715 0.1847
vn -0.7412 -0.6325 0.2248
vn -0.7411 0.6326 0.2248
vn -0.6088 -0.7715 0.1847
vn -0.8449 0.4696 0.2563
vn -0.4528 -0.8810 0.1374
vn -0.9161 0.2890 0.2779
vn -0.2790 -0.9565 0.0846
vn -0.9524 0.0976 0.2889
vn -0.0942 0.9951 0.0286
vn -0.0944 -0.9951 0.0286
vn -0.9524 -0.0976 0.2889
vn -0.2790 0.9566 0.0846
vn -0.9161 -0.2890 0.2779
vn -0.4529 0.8809 0.1374
vn -0.2901 -0.9566 0.0286
vn -0.9904 0.0975 0.0976
vn -0.0979 0.9951 0.0097
vn -0.0979 -0.9951 0.0097
vn -0.9904 -0.0976 0.0976
vn -0.2902 0.9565 0.0286
vn -0.9527 -0.2890 0.0938
vn -0.4709 0.8810 0.0464
vn -0.8786 -0.4696 0.0865
vn -0.6332 0.7715 0.0624
vn -0.7708 -0.6326 0.0759
vn -0.7708 0.6326 0.0759
vn -0.6331 -0.7715 0.0624
vn -0.8786 0.4696 0.0865
vn -0.4709 -0.8810 0.0464
vn -0.9527 0.2890 0.0938
vn -0.6332 0.7715 -0.0624
vn -0.7708 -0.6326 -0.0759
vn -0.7708 0.6326 -0.0759
vn -0.6331 -0.7715 -0.0624
vn -0.8786 0.4696 -0.0865
vn -0.4709 -0.8810 -0.0464
vn -0.9527 0.2890 -0.0938
vn -0.2901 -0.9566 -0.0286
vn -0.9904 0.0975 -0.0976
vn -0.0979 0.9951 -0.0097
vn -0.0979 -0.9951 -0.0097
vn -0.9904 -0.0976 -0.0976
vn -0.2902 0.9566 -0.0286
vn -0.9527 -0.2890 -0.0938
vn -0.4709 0.8810 -0.0464
vn -0.8786 -0.4696 -0.0865
vn -0.9524 0.0976 -0.2889
vn -0.0943 0.9951 -0.0286
vn -0.0944 -0.9951 -0.0286
vn -0.9524 -0.0976 -0.2889
vn -0.2790 0.9565 -0.0846
vn -0.9161 -0.2890 -0.2779
vn -0.4528 0.8809 -0.1374
vn -0.8448 -0.4696 -0.2563
vn -0.6088 0.7715 -0.1847
vn -0.7412 -0.6325 -0.2248
vn -0.7411 0.6326 -0.2248
vn -0.6088 -0.7715 -0.1847
vn -0.8449 0.4696 -0.2563
vn -0.4528 -0.8809 -0.1374
vn -0.9161 0.2890 -0.2779
vn -0.2790 -0.9565 -0.0846
vn -0.6831 -0.6326 -0.3651
vn -0.6830 0.6326 -0.3651
vn -0.5610 -0.7715 -0.2999
vn -0.7786 0.4696 -0.4162
vn -0.4173 -0.8810 -0.2231
vn -0.8443 0.2890 -0.4513
vn -0.2571 -0.9566 -0.1374
vn -0.8777 0.0976 -0.4691
vn -0.0867 0.9952 -0.0464
vn -0.0867 -0.9952 -0.0464
vn -0.8777 -0.0976 -0.4692
vn -0.2572 0.9565 -0.1374
vn -0.8443 -0.2890 -0.4513
vn -0.4173 0.8810 -0.2231
vn -0.7786 -0.4696 -0.4162
vn -0.5611 0.7715 -0.2999
vn -0.0764 -0.9951 -0.0625
vn -0.7693 -0.0975 -0.6314
vn -0.2254 0.9565 -0.1850
vn -0.7400 -0.2890 -0.6073
vn -0.3658 0.8810 -0.3002
vn -0.6825 -0.4696 -0.5601
vn -0.4918 0.7715 -0.4036
vn -0.5987 -0.6326 -0.4913
vn -0.5987 0.6326 -0.4913
vn -0.4918 -0.7715 -0.4036
vn -0.6825 0.4696 -0.5601
vn -0.3658 -0.8809 -0.3002
vn -0.7400 0.2890 -0.6073
vn -0.2254 -0.9565 -0.1850
vn -0.7693 0.0976 -0.6314
vn -0.0763 0.9951 -0.0625
vn -0.4036 -0.7715 -0.4918
vn -0.5601 0.4696 -0.6825
vn -0.3002 -0.8810 -0.3658
vn -0.6073 0.2890 -0.7400
vn -0.1851 -0.9565 -0.2254
vn -0.6314 0.0976 -0.7693
vn -0.0624 0.9951 -0.0761
vn -0.0625 -0.9951 -0.0761
vn -0.6314 -0.0976 -0.7693
vn -0.1849 0.9566 -0.2254
vn -0.6073 -0.2890 -0.7400
vn -0.3003 0.8809 -0.3658
vn -0.5601 -0.4696 -0.6825
vn -0.4037 0.7715 -0.4918
vn -0.4913 -0.6326 -0.5987
vn -0.4913 0.6326 -0.5987
vn -0.1375 0.9565 -0.2571
vn -0.4513 -0.2890 -0.8443
vn -0.2231 0.8810 -0.4173
vn -0.4162 -0.4696 -0.7786
vn -0.3000 0.7715 -0.5611
vn -0.3651 -0.6326 -0.6830
vn -0.3651 0.6326 -0.6831
vn -0.3000 -0.7715 -0.5611
vn -0.4162 0.4696 -0.7786
vn -0.2231 -0.8810 -0.4173
vn -0.4513 0.2890 -0.8443
vn -0.1375 -0.9565 -0.2571
vn -0.4691 0.0976 -0.8777
vn -0.0464 0.9951 -0.0868
vn -0.0461 -0.9952 -0.0868
vn -0.4691 -0.0976 -0.8777
vn -0.2563 0.4696 -0.8449
vn -0.1374 -0.8810 -0.4528
vn -0.2779 0.2890 -0.9161
vn -0.0844 -0.9566 -0.2790
vn -0.2889 0.0976 -0.9524
vn -0.0286 0.9951 -0.0942
vn -0.0288 -0.9951 -0.0942
vn -0.2889 -0.0976 -0.9524
vn -0.0846 0.9566 -0.2790
vn -0.2779 -0.2890 -0.9161
vn -0.1374 0.8810 -0.4528
vn -0.2563 -0.4696 -0.8449
vn -0.1847 0.7715 -0.6088
vn -0.2248 -0.6326 -0.7412
vn -0.2248 0.6326 -0.7412
vn -0.1847 -0.7715 -0.6088
vn -0.0939 -0.2890 -0.9527
vn -0.0465 0.8810 -0.4709
vn -0.0865 -0.4696 -0.8786
vn -0.0624 0.7715 -0.6331
vn -0.0759 -0.6326 -0.7708
vn -0.0759 0.6326 -0.7708
vn -0.0624 -0.7715 -0.6331
vn -0.0865 0.4696 -0.8786
vn -0.0464 -0.8810 -0.4709
vn -0.0939 0.2890 -0.9527
vn -0.0287 -0.9566 -0.2902
vn -0.0976 0.0976 -0.9904
vn -0.0095 0.9951 -0.0980
vn -0.0093 -0.9951 -0.0980
vn -0.0976 -0.0976 -0.9904
vn -0.0287 0.9566 -0.2902
vn 0.0939 -0.2890 -0.9527
vn 0.0759 -0.6326 -0.7708
vn 0.0759 0.6326 -0.7708
vn 0.0938 0.2890 -0.9527
vn 0.0975 -0.0976 -0.9904
vn 0.2248 0.6326 -0.7412
vn 0.4691 0.0976 -0.8777
vn 0.4692 -0.0976 -0.8777
vn 0.3651 0.6326 -0.6831
vn 0.4913 -0.6326 -0.5987
vn 0.1850 -0.9565 -0.2254
vn 0.6313 0.0976 -0.7693
vn 0.6314 -0.0976 -0.7693
vn 0.5610 -0.7715 0.2999
vn 0.3651 0.6326 0.6831
vn 0.3651 -0.6326 0.6830
vn 0.0938 0.2890 0.9527
vn 0.0939 -0.2890 0.9527
vn 0.0759 -0.6326 0.7708
vn -0.0624 0.7715 0.6331
vn -0.0866 0.4696 0.8786
vn -0.0976 0.0976 0.9904
vn -0.0975 -0.0976 0.9904
vn -0.7693 -0.0976 -0.6314
vn -0.2999 0.7715 -0.5611
vn -0.3651 -0.6326 -0.6831
vn -0.3651 0.6326 -0.6830
vn -0.2999 -0.7715 -0.5611
vn -0.4692 -0.0976 -0.8777
vn -0.0938 0.2890 -0.9527
vn 0.5013 0.6298 -0.5933
vn 0.3465 0.7591 -0.5512
vn 0.5503 0.7652 -0.3341
vn -0.5965 0.5447 -0.5894
vn -0.3764 0.7374 -0.5608
vn -0.3257 0.5832 -0.7442
vn 0.3465 0.7590 -0.5512
vn 0.5013 0.6298 -0.5934
vn 0.2566 0.6219 -0.7399
vn 0.6531 0.2977 -0.6964
vn 0.2601 0.3261 -0.9089
vn 0.0011 1.0000 -0.0000
vn -0.4313 0.7834 -0.4476
vn -0.5909 0.8068 -0.0000
vn -0.0052 0.7849 -0.6195
vn 0.4835 0.7331 -0.4783
vn 0.0012 1.0000 -0.0000
vn 0.6492 0.7606 -0.0000
vn -0.6057 0.7159 -0.3475
vn -0.7249 0.6888 -0.0000
vn 0.6208 0.7840 -0.0000
vn -0.7836 0.5230 -0.3352
vn -0.8700 0.4931 -0.0000
vn 0.7444 0.6678 -0.0000
vn 0.6580 0.6689 -0.3459
vn -0.9681 0.2506 -0.0000
vn -0.9054 0.2179 -0.3642
vn 0.8247 0.4361 -0.3602
vn 0.9339 0.3576 -0.0000
vn 0.0127 0.7323 -0.6808
vn 0.3464 0.7591 -0.5512
vn -0.0100 0.5387 -0.8424
vn -0.7051 0.2865 -0.6486
vn 0.6531 0.2977 -0.6963
vn -0.3628 0.2767 -0.8898
vn 0.0172 0.2710 -0.9624
vn 0.2600 0.3261 -0.9089
vn 0.5013 0.6298 0.5933
vn 0.5503 0.7652 0.3341
vn 0.3465 0.7591 0.5512
vn -0.5965 0.5447 0.5894
vn -0.3257 0.5832 0.7442
vn -0.3764 0.7374 0.5608
vn 0.3465 0.7590 0.5512
vn 0.2566 0.6218 0.7399
vn 0.5013 0.6298 0.5934
vn 0.6531 0.2977 0.6964
vn 0.2601 0.3261 0.9089
vn -0.4313 0.7834 0.4476
vn -0.0052 0.7849 0.6196
vn 0.4835 0.7331 0.4783
vn -0.6057 0.7158 0.3474
vn -0.7836 0.5230 0.3352
vn 0.6580 0.6689 0.3459
vn -0.9054 0.2179 0.3642
vn 0.8247 0.4361 0.3602
vn 0.0127 0.7323 0.6808
vn 0.3464 0.7591 0.5512
vn -0.0100 0.5387 0.8424
vn 0.2566 0.6219 0.7399
vn -0.7051 0.2865 0.6486
vn 0.6531 0.2977 0.6963
vn -0.3628 0.2767 0.8898
vn 0.0172 0.2711 0.9624
vn 0.2600 0.3261 0.9089
vn 0.3606 0.6272 0.6903
vn 0.3656 0.0121 0.9307
vn 0.7159 0.4848 0.5025
vn 0.7220 0.0244 0.6914
vn 0.7759 0.6000 -0.1948
vn 0.3532 0.9339 -0.0553
vn 0.6308 0.0001 -0.7760
vn 0.4483 0.0049 -0.8939
vn 0.6359 0.4082 -0.6550
vn 0.4619 0.5310 -0.7104
vn 0.9419 0.2533 -0.2208
vn 0.9617 0.2657 0.0677
vn 0.9852 0.0105 0.1712
vn 0.9783 -0.0000 -0.2071
vn 0.8464 0.2708 -0.4585
vn 0.8388 -0.0000 -0.5445
vn 0.7121 -0.4792 0.5131
vn 0.3175 -0.6348 0.7045
vn 0.3585 -0.9331 -0.0291
vn 0.7763 -0.5988 -0.1972
vn 0.5040 -0.5108 -0.6964
vn 0.6468 -0.4073 -0.6448
vn 0.9661 -0.2539 0.0470
vn 0.9411 -0.2564 -0.2206
vn 0.8458 -0.2785 -0.4550
vn 0.3606 0.6273 -0.6903
vn 0.7159 0.4848 -0.5025
vn 0.3656 0.0121 -0.9307
vn 0.7220 0.0239 -0.6914
vn 0.7760 0.6000 0.1948
vn 0.3532 0.9339 0.0553
vn 0.6308 -0.0000 0.7760
vn 0.6359 0.4082 0.6550
vn 0.4484 0.0049 0.8938
vn 0.4619 0.5310 0.7104
vn 0.9419 0.2533 0.2208
vn 0.9617 0.2657 -0.0677
vn 0.9852 0.0105 -0.1712
vn 0.9783 -0.0000 0.2071
vn 0.8464 0.2708 0.4585
vn 0.8388 -0.0000 0.5445
vn 0.7121 -0.4792 -0.5131
vn 0.3175 -0.6348 -0.7045
vn 0.3585 -0.9331 0.0291
vn 0.7763 -0.5988 0.1972
vn 0.5041 -0.5108 0.6964
vn 0.6468 -0.4072 0.6448
vn 0.9661 -0.2539 -0.0470
vn 0.9411 -0.2564 0.2206
vn 0.8458 -0.2785 0.4550
vn 0.7750 -0.6320 -0.0000
vn 0.7690 -0.6393 -0.0000
vn 0.7665 -0.6352 -0.0950
vn 0.7545 -0.6416 -0.1384
vn 0.7474 -0.6371 -0.1883
vn 0.7346 -0.6508 -0.1917
vn 0.9477 -0.0315 0.3177
vn 0.9270 -0.1208 -0.3552
vn 0.9055 0.3653 -0.2161
vn 0.8048 0.4889 -0.3365
vn 0.8171 0.3156 -0.4825
vn 0.5241 -0.1413 -0.8399
vn 0.3886 -0.6592 -0.6438
vn 0.3421 -0.9335 -0.1080
vn 0.7309 -0.6287 0.2656
vn 0.5591 0.4028 -0.7247
vn 0.8776 0.4794 -0.0000
vn 0.7628 -0.1246 -0.6345
vn 0.9995 -0.0318 -0.0000
vn 0.8603 0.5098 -0.0000
vn 0.6051 0.4347 -0.6670
vn 0.4045 -0.8112 -0.4222
vn 0.3961 -0.8843 -0.2471
vn 0.3031 -0.9530 -0.0000
vn 0.4859 -0.8740 -0.0000
vn 0.4411 0.1894 -0.8772
vn 0.9911 -0.0030 -0.1331
vn 0.8003 -0.0076 -0.5995
vn 0.8289 -0.0937 -0.5514
vn 0.8848 0.1674 -0.4348
vn -0.8977 -0.4405 -0.0000
vn -0.6034 -0.4833 -0.6343
vn -0.9875 -0.1578 -0.0000
vn -0.5504 -0.1447 -0.8223
vn -0.0012 -0.5438 -0.8392
vn -0.0001 -0.1791 -0.9838
vn 0.5441 -0.3062 -0.7812
vn 0.4449 -0.7531 -0.4846
vn 0.8997 -0.4364 -0.0000
vn 0.6480 -0.7617 -0.0000
vn 0.2166 -0.9568 0.1940
vn 0.0993 -0.7328 -0.6732
vn -0.0980 -0.7945 -0.5993
vn 0.3580 -0.5650 -0.7434
vn 0.5851 -0.1240 -0.8014
vn 0.4007 -0.1669 -0.9009
vn 0.4342 -0.2753 -0.8577
vn 0.5952 -0.0936 -0.7981
vn 0.3457 -0.3320 -0.8777
vn 0.7967 0.0057 -0.6044
vn 0.7914 -0.0966 -0.6036
vn 0.8687 -0.1808 -0.4611
vn 0.9162 -0.0998 -0.3880
vn 0.3130 -0.3860 -0.8678
vn 0.2297 -0.6884 -0.6881
vn 0.9405 0.0994 -0.3249
vn 0.9384 0.1601 -0.3061
vn 0.9150 0.2561 -0.3119
vn 0.9058 -0.2778 -0.3198
vn 0.9136 -0.1159 -0.3897
vn 0.9344 -0.2488 -0.2551
vn 0.8970 -0.2444 -0.3683
vn 0.8287 -0.5597 -0.0000
vn 0.8290 -0.5534 -0.0809
vn 0.8657 -0.5005 -0.0000
vn 0.8686 -0.4782 -0.1297
vn 0.1823 -0.9832 -0.0000
vn 0.1891 -0.9401 -0.2838
vn 0.3046 -0.9525 -0.0000
vn 0.4090 -0.8969 -0.1680
vn 0.9909 0.1343 -0.0000
vn 0.9349 -0.1917 -0.2987
vn 0.9779 -0.2090 -0.0000
vn 0.7997 -0.6004 -0.0000
vn 0.8070 -0.5725 -0.1449
vn 0.8746 -0.4849 -0.0000
vn 0.8587 -0.4902 -0.1491
vn 0.6581 -0.7529 -0.0000
vn 0.6579 -0.7345 -0.1663
vn 0.6691 -0.7431 -0.0000
vn 0.6389 -0.7603 -0.1174
vn 0.9163 -0.3322 -0.2236
vn 0.8414 -0.4990 -0.2074
vn 0.9612 -0.1099 -0.2528
vn 0.4052 -0.8562 -0.3206
vn 0.9425 -0.2013 -0.2669
vn 0.7711 -0.2677 -0.5777
vn 0.9210 -0.1672 -0.3519
vn 0.7757 -0.4696 -0.4216
vn 0.8113 -0.5344 -0.2371
vn 0.5364 -0.2280 -0.8126
vn 0.8817 -0.2784 -0.3809
vn 0.6646 -0.6701 -0.3306
vn 0.6844 -0.7041 -0.1894
vn 0.8092 -0.5659 -0.1579
vn 0.8119 -0.5741 -0.1062
vn 0.2722 -0.8095 -0.5203
vn 0.1242 -0.8431 -0.5233
vn 0.5961 -0.6410 -0.4835
vn 0.5493 -0.4918 -0.6756
vn 0.7664 -0.6353 0.0950
vn 0.7545 -0.6416 0.1384
vn 0.7474 -0.6371 0.1883
vn 0.7346 -0.6508 0.1917
vn 0.9477 -0.0314 -0.3177
vn 0.9055 0.3653 0.2161
vn 0.9270 -0.1208 0.3551
vn 0.8048 0.4889 0.3365
vn 0.8171 0.3156 0.4825
vn 0.5241 -0.1413 0.8399
vn 0.3886 -0.6592 0.6438
vn 0.3420 -0.9335 0.1080
vn 0.7309 -0.6287 -0.2656
vn 0.5591 0.4028 0.7247
vn 0.7628 -0.1246 0.6345
vn 0.6050 0.4347 0.6671
vn 0.4045 -0.8112 0.4223
vn 0.3961 -0.8843 0.2471
vn 0.4411 0.1894 0.8773
vn 0.9911 -0.0030 0.1332
vn 0.8003 -0.0076 0.5995
vn 0.8289 -0.0938 0.5514
vn 0.8848 0.1674 0.4348
vn -0.6034 -0.4833 0.6343
vn -0.5504 -0.1447 0.8223
vn -0.0012 -0.5438 0.8392
vn -0.0001 -0.1791 0.9838
vn 0.5441 -0.3062 0.7812
vn 0.4449 -0.7531 0.4846
vn 0.2165 -0.9568 -0.1940
vn -0.0980 -0.7945 0.5993
vn 0.0993 -0.7328 0.6732
vn 0.3580 -0.5650 0.7434
vn 0.5851 -0.1240 0.8014
vn 0.4343 -0.2753 0.8577
vn 0.4007 -0.1669 0.9009
vn 0.5952 -0.0936 0.7981
vn 0.3457 -0.3320 0.8777
vn 0.7914 -0.0966 0.6036
vn 0.7967 0.0057 0.6044
vn 0.8687 -0.1808 0.4611
vn 0.9163 -0.0998 0.3879
vn 0.3130 -0.3860 0.8678
vn 0.2297 -0.6884 0.6881
vn 0.9384 0.1601 0.3061
vn 0.9405 0.0994 0.3250
vn 0.9150 0.2561 0.3119
vn 0.9136 -0.1159 0.3897
vn 0.9058 -0.2778 0.3198
vn 0.9344 -0.2488 0.2551
vn 0.8970 -0.2444 0.3684
vn 0.8290 -0.5534 0.0809
vn 0.8686 -0.4782 0.1297
vn 0.1891 -0.9401 0.2838
vn 0.4090 -0.8970 0.1680
vn 0.9349 -0.1917 0.2987
vn 0.8070 -0.5725 0.1449
vn 0.8587 -0.4903 0.1492
vn 0.6579 -0.7345 0.1663
vn 0.6389 -0.7603 0.1174
vn 0.9163 -0.3322 0.2236
vn 0.8415 -0.4989 0.2074
vn 0.9612 -0.1099 0.2528
vn 0.4052 -0.8562 0.3206
vn 0.9425 -0.2013 0.2669
vn 0.7711 -0.2677 0.5777
vn 0.7757 -0.4696 0.4216
vn 0.9210 -0.1672 0.3519
vn 0.8113 -0.5344 0.2371
vn 0.5364 -0.2280 0.8126
vn 0.8817 -0.2784 0.3809
vn 0.6646 -0.6701 0.3306
vn 0.6844 -0.7041 0.1894
vn 0.8092 -0.5660 0.1579
vn 0.8119 -0.5741 0.1062
vn 0.2721 -0.8095 0.5203
vn 0.1242 -0.8431 0.5233
vn 0.5961 -0.6410 0.4835
vn 0.5493 -0.4918 0.6756
vn 0.8893 -0.0623 -0.4531
vn 0.9011 -0.0777 -0.4266
vn 0.8910 -0.0743 -0.4480
vn 0.9118 -0.0975 -0.3990
vn 0.9207 -0.1029 -0.3764
vn 0.9204 -0.1209 -0.3719
vn 0.8893 -0.0623 0.4532
vn 0.8909 -0.0743 0.4480
vn 0.9011 -0.0777 0.4266
vn 0.9118 -0.0975 0.3990
vn 0.9207 -0.1029 0.3764
vn 0.9204 -0.1209 0.3719
vn 0.2925 -0.2252 -0.9294
vn 0.1912 0.0291 -0.9811
vn 0.4343 -0.2754 -0.8577
vn 0.3458 -0.3320 -0.8776
vn 0.2925 -0.2253 -0.9293
vn 0.2864 -0.4687 -0.8356
vn 0.3457 -0.3320 -0.8776
vn 0.4616 -0.8822 0.0925
vn 0.9320 -0.1914 -0.3079
vn 0.9717 -0.2361 -0.0000
vn 0.9123 0.1193 -0.3918
vn 0.9970 0.0775 -0.0000
vn 0.6805 -0.0720 -0.7292
vn 0.8687 -0.1809 -0.4611
vn 0.8817 -0.2784 -0.3810
vn 0.4342 -0.2753 0.8577
vn 0.1912 0.0291 0.9811
vn 0.2925 -0.2252 0.9293
vn 0.4343 -0.2754 0.8577
vn 0.2925 -0.2253 0.9293
vn 0.3458 -0.3320 0.8776
vn 0.2864 -0.4687 0.8356
vn 0.3457 -0.3320 0.8776
vn 0.4616 -0.8823 -0.0925
vn 0.9320 -0.1914 0.3079
vn 0.9123 0.1193 0.3918
vn 0.6805 -0.0720 0.7292
vn 0.8687 -0.1809 0.4611
vn 0.4288 -0.0046 -0.9034
vn 0.4342 -0.2754 -0.8577
vn 0.1911 0.0292 -0.9811
vn 0.4288 -0.0047 -0.9034
vn 0.4288 -0.0046 0.9034
vn 0.4342 -0.2754 0.8577
vn 0.4289 -0.0047 0.9034
vn 0.1911 0.0292 0.9811
vn -0.1853 -0.7352 -0.6520
vn 0.1039 -0.6239 -0.7746
vn 0.1940 -0.8888 0.4151
vn 0.2192 -0.9709 0.0969
vn -0.8201 -0.5722 -0.0000
vn -0.9660 -0.2585 -0.0000
vn -0.7743 -0.5309 -0.3442
vn -0.8648 -0.2615 -0.4287
vn -0.3948 -0.1867 -0.8996
vn -0.0422 -0.2450 -0.9686
vn -0.2824 -0.4231 -0.8610
vn -0.6223 -0.5402 -0.5665
vn -0.6635 -0.2635 -0.7003
vn -0.3428 0.0077 -0.9394
vn -0.7122 -0.0021 -0.7020
vn 0.5391 -0.8366 0.0966
vn 0.4272 -0.9041 -0.0000
vn -0.7742 -0.5310 -0.3446
vn -0.3987 -0.8648 -0.3053
vn -0.8647 -0.2615 -0.4287
vn 0.6549 -0.6920 0.3036
vn 0.3601 -0.8711 0.3338
vn 0.5391 -0.8367 0.0967
vn -0.0469 0.0480 -0.9977
vn 0.1912 0.0292 -0.9811
vn -0.9330 -0.0528 -0.3560
vn -1.0000 0.0095 -0.0000
vn -0.1853 -0.7352 0.6520
vn 0.1940 -0.8888 -0.4151
vn 0.1039 -0.6239 0.7746
vn 0.2192 -0.9709 -0.0969
vn -0.7743 -0.5309 0.3442
vn -0.8648 -0.2616 0.4287
vn -0.3948 -0.1867 0.8996
vn -0.2823 -0.4231 0.8610
vn -0.0422 -0.2450 0.9686
vn -0.6223 -0.5403 0.5665
vn -0.6635 -0.2635 0.7003
vn -0.3428 0.0077 0.9394
vn -0.7122 -0.0021 0.7020
vn 0.5391 -0.8367 -0.0966
vn -0.7743 -0.5310 0.3442
vn -0.3987 -0.8648 0.3053
vn -0.8647 -0.2615 0.4287
vn 0.6549 -0.6920 -0.3036
vn 0.3602 -0.8711 -0.3337
vn -0.0469 0.0480 0.9977
vn 0.1912 0.0292 0.9811
vn -0.9330 -0.0528 0.3560
vn 0.8420 0.5307 -0.0967
vn 0.9922 0.0181 -0.1236
vn 0.9811 -0.0970 -0.1672
vn 0.9882 0.0713 -0.1354
vn -0.9144 -0.4046 0.0078
vn -0.9114 -0.4009 0.0929
vn -0.9847 0.1079 0.1368
vn -0.9193 0.3117 0.2402
vn -0.3925 -0.9071 -0.1522
vn -0.3739 -0.9234 -0.0865
vn 0.8999 -0.3943 -0.1864
vn 0.9739 -0.1002 -0.2034
vn -0.3926 -0.9070 -0.1522
vn 0.0282 0.9713 0.2360
vn -0.4406 0.8775 0.1892
vn -0.2605 -0.1339 -0.9561
vn -0.9489 -0.3000 -0.0983
vn -0.9959 0.0871 -0.0243
vn -0.2619 -0.8355 -0.4831
vn 0.9925 -0.0094 -0.1218
vn 0.8365 0.4868 -0.2514
vn 0.8875 -0.2109 -0.4097
vn -0.2719 0.9622 -0.0172
vn -0.2604 -0.1338 -0.9562
vn 0.2165 -0.9568 0.1940
vn 0.1940 -0.8889 0.4150
vn -0.0706 -0.9969 0.0348
vn -0.1074 -0.9942 -0.0000
vn 0.1998 -0.9787 0.0460
vn 0.4272 -0.9041 0.0001
vn 0.3601 -0.8712 0.3338
vn 0.6550 -0.6920 0.3036
vn 0.3581 -0.5650 -0.7434
vn 0.1999 -0.9787 0.0459
vn -0.5253 -0.7397 -0.4206
vn -0.6944 -0.7196 -0.0000
vn 0.8420 0.5307 0.0967
vn 0.9811 -0.0970 0.1672
vn 0.9922 0.0181 0.1236
vn 0.9882 0.0713 0.1354
vn -0.9144 -0.4046 -0.0078
vn -0.9847 0.1079 -0.1368
vn -0.9114 -0.4009 -0.0929
vn -0.9193 0.3117 -0.2402
vn -0.3925 -0.9071 0.1522
vn -0.3739 -0.9234 0.0865
vn 0.8999 -0.3943 0.1864
vn 0.9739 -0.1002 0.2035
vn -0.3926 -0.9070 0.1522
vn 0.0282 0.9714 -0.2360
vn -0.4406 0.8775 -0.1892
vn 0.0282 0.9713 -0.2360
vn -0.4406 0.8775 -0.1893
vn -0.2605 -0.1339 0.9561
vn -0.9959 0.0871 0.0243
vn -0.9489 -0.3000 0.0983
vn -0.2619 -0.8355 0.4831
vn 0.9925 -0.0094 0.1218
vn 0.8365 0.4868 0.2514
vn -0.2619 -0.8355 0.4830
vn 0.8875 -0.2109 0.4097
vn -0.2719 0.9622 0.0173
vn -0.2604 -0.1338 0.9562
vn -0.2719 0.9622 0.0172
vn -0.2606 -0.1338 0.9561
vn 0.2166 -0.9568 -0.1940
vn 0.1940 -0.8889 -0.4150
vn -0.0706 -0.9969 -0.0348
vn 0.4616 -0.8822 -0.0925
vn 0.1999 -0.9787 -0.0459
vn 0.3602 -0.8712 -0.3337
vn 0.6550 -0.6920 -0.3036
vn 0.3581 -0.5650 0.7433
vn 0.1999 -0.9787 -0.0460
vn -0.5253 -0.7397 0.4206
vn 0.3945 -0.3136 -0.8637
vn 0.2152 -0.4207 -0.8813
vn 0.1357 -0.2944 -0.9460
vn 0.3821 -0.4723 -0.7943
vn 0.5524 -0.4187 -0.7208
vn 0.6332 -0.2833 -0.7203
vn 0.4052 -0.1521 -0.9015
vn 0.1532 -0.1515 -0.9765
vn 0.6608 -0.1343 -0.7384
vn 0.3945 -0.3136 0.8637
vn 0.1357 -0.2944 0.9460
vn 0.2152 -0.4207 0.8813
vn 0.3821 -0.4723 0.7943
vn 0.5524 -0.4187 0.7208
vn 0.6332 -0.2832 0.7203
vn 0.4052 -0.1521 0.9015
vn 0.1532 -0.1515 0.9765
vn 0.6608 -0.1343 0.7384
vn 0.8249 0.5628 0.0527
vn 0.7428 0.4414 0.5033
vn 0.9429 0.3331 0.0003
vn 0.8052 0.2921 0.5161
vn 0.4314 0.2188 0.8752
vn 0.3678 0.4146 0.8324
vn 0.1043 0.2587 0.9603
vn -0.0406 0.1244 0.9914
vn 0.2683 -0.9315 -0.2458
vn -0.4342 -0.2686 0.8598
vn -0.3050 -0.9263 -0.2214
vn 0.2684 -0.9314 -0.2457
vn 0.5727 -0.7671 0.2891
vn -0.8895 0.3385 0.3069
vn -0.8659 0.4697 -0.1722
vn -0.9818 0.1315 0.1370
vn -0.7042 0.6814 0.1994
vn 0.2074 -0.9777 -0.0330
vn 0.8017 0.3041 -0.5146
vn 0.7495 0.4749 -0.4612
vn 0.3857 0.7785 -0.4951
vn 0.0714 0.6430 -0.7625
vn -0.0611 0.8712 -0.4872
vn 0.5648 0.8245 -0.0348
vn -0.0350 0.2810 -0.9591
vn 0.3538 0.4792 -0.8032
vn 0.4141 0.2114 -0.8853
vn 0.0068 0.1193 -0.9928
vn -0.4491 0.2571 -0.8557
vn -0.4237 0.0537 -0.9042
vn 0.5583 0.6739 0.4839
vn 0.3215 0.4797 0.8164
vn -0.1427 0.9601 0.2404
vn 0.1175 0.9880 -0.1000
vn -0.4189 0.9006 -0.1160
vn 0.2148 0.8866 0.4096
vn 0.1575 0.4323 0.8879
vn -0.4182 0.6187 0.6651
vn -0.4712 0.3789 0.7965
vn 0.0948 0.6948 0.7130
vn -0.2960 0.8601 0.4155
vn -0.9864 0.1209 -0.1117
vn -0.9818 0.1315 0.1371
vn -0.8782 -0.0210 -0.4777
vn -0.7959 0.2173 -0.5652
vn -0.7026 0.5342 -0.4701
vn -0.9929 -0.1127 0.0369
vn -0.3962 0.5539 -0.7322
vn -0.4697 0.7659 -0.4390
vn 0.4296 0.1279 0.8939
vn 0.4297 0.1279 0.8939
vn 0.7109 -0.6423 0.2864
vn 0.2218 0.2547 0.9412
vn -0.5066 -0.8036 -0.3123
vn -0.9349 0.0628 0.3494
vn -0.7218 -0.2420 0.6484
vn -0.5067 -0.8036 -0.3123
vn -0.4400 0.0311 0.8975
vn 0.2074 -0.9777 -0.0329
vn -0.8041 -0.1199 0.5823
vn 0.0315 -0.1356 0.9903
vn 0.0316 -0.1356 0.9903
vn -0.1567 0.9876 -0.0000
vn 0.6256 0.7801 -0.0000
vn 0.3084 0.9183 -0.2484
vn -0.5357 0.7938 -0.2879
vn -0.7792 0.6268 -0.0000
vn -0.4400 0.6245 -0.6453
vn -0.1445 0.8459 -0.5134
vn 0.2428 0.7243 -0.6453
vn 0.3083 0.9183 0.2485
vn -0.5358 0.7938 0.2879
vn -0.4400 0.6245 0.6453
vn -0.1445 0.8459 0.5134
vn 0.2428 0.7243 0.6453
vn -0.9354 -0.0258 0.3526
vn 0.1499 -0.9887 -0.0000
vn 0.0127 -0.9984 0.0556
vn -0.0043 -1.0000 -0.0000
vn 0.2466 -0.9612 0.1233
vn 0.1740 -0.9778 0.1171
vn 0.2506 -0.9626 0.1031
vn 0.2655 -0.9641 -0.0000
vn 0.0554 -0.9933 0.1016
vn 0.0127 -0.9984 -0.0556
vn 0.1739 -0.9778 -0.1171
vn 0.2466 -0.9613 -0.1233
vn 0.2506 -0.9626 -0.1031
vn 0.0553 -0.9933 -0.1016
vn 0.8355 0.0980 0.5407
vn 0.2428 0.7244 0.6452
vn 0.4421 0.0795 0.8934
vn 0.3084 0.9182 0.2484
vn 0.6255 0.7802 -0.0000
vn 0.8355 0.0980 0.5406
vn 0.9952 0.0975 0.0001
vn 0.3084 0.9183 0.2484
vn 0.8356 0.0979 -0.5406
vn 0.6255 0.7802 -0.0001
vn 0.9952 0.0975 -0.0001
vn 0.3084 0.9182 -0.2484
vn 0.2428 0.7244 -0.6452
vn 0.8355 0.0980 -0.5407
vn 0.4421 0.0795 -0.8934
vn 0.3083 0.9183 -0.2485
vn 0.0204 0.0404 -0.9990
vn 0.4420 0.0795 -0.8935
vn 0.0203 0.0404 -0.9990
vn -0.4347 -0.0208 -0.9003
vn -0.8299 -0.0454 -0.5561
vn -0.4349 -0.0208 -0.9003
vn -0.7791 0.6269 -0.0000
vn -0.9987 -0.0518 -0.0000
vn -0.8299 -0.0454 0.5561
vn -0.5357 0.7938 0.2879
vn -0.4349 -0.0208 0.9003
vn 0.0203 0.0404 0.9990
vn -0.4347 -0.0208 0.9003
vn 0.2427 0.7244 0.6452
vn 0.0204 0.0404 0.9990
vn 0.4420 0.0795 0.8935
vn -0.5026 -0.3007 0.8105
vn -0.7056 -0.0079 0.7085
vn -0.5760 -0.5775 0.5786
vn -0.5027 -0.3007 0.8105
vn -0.1883 -0.1843 0.9647
vn -0.1882 -0.1842 0.9647
vn -0.4117 0.1056 0.9052
vn -0.7056 -0.0078 0.7085
vn -0.7056 -0.0079 0.7086
vn -0.4118 0.1055 0.9052
vn -0.3394 0.4580 0.8216
vn -0.3395 0.4580 0.8216
vn -0.6593 0.3563 0.6621
vn -0.8083 -0.3007 0.5062
vn -0.8083 -0.3008 0.5061
vn -0.9639 -0.1843 0.1923
vn -0.7056 -0.0078 0.7086
vn -0.9034 0.1054 0.4156
vn -0.8202 0.4579 0.3428
vn -0.9035 0.1054 0.4154
vn -0.8202 0.4579 0.3429
vn 0.7056 0.0078 -0.7085
vn 0.7056 0.0078 -0.7086
vn 0.7057 0.0078 -0.7085
vn -0.9698 0.2439 -0.0000
vn -0.9809 0.1947 -0.0000
vn -0.9027 0.2217 -0.3689
vn -0.8988 0.1835 -0.3981
vn -0.9043 0.2455 -0.3492
vn -0.9660 0.2585 -0.0000
vn -0.5285 0.2472 -0.8122
vn -0.8477 0.2313 -0.4775
vn -0.5169 0.2334 -0.8236
vn -0.5511 0.2298 -0.8022
vn -0.0240 0.2446 -0.9693
vn -0.0238 0.2675 -0.9633
vn -0.0220 0.2485 -0.9684
vn -0.4603 0.2050 -0.8638
vn 0.3545 0.1846 -0.9166
vn 0.4190 0.1961 -0.8866
vn 0.7691 0.1255 -0.6267
vn 0.7955 0.1252 -0.5929
vn 0.4500 0.1959 -0.8713
vn -0.0241 0.2566 -0.9662
vn 0.7953 0.1302 -0.5921
vn 0.5285 0.1694 -0.8318
vn 0.7993 0.1255 -0.5877
vn 0.9471 -0.1045 0.3035
vn 0.6960 0.6037 -0.3887
vn 0.9909 0.1312 0.0312
vn 0.6897 0.5803 -0.4332
vn 0.4505 -0.6540 0.6078
vn 0.4816 -0.5771 0.6596
vn -0.5020 0.4557 -0.7351
vn -0.3312 0.5456 -0.7698
vn -0.8383 -0.0478 -0.5432
vn -0.9061 -0.2784 -0.3187
vn -0.6893 -0.6883 0.2263
vn 0.2980 -0.6064 0.7373
vn 0.4441 -0.5354 0.7184
vn -0.1890 -0.7424 0.6428
vn 0.9466 0.0675 0.3153
vn 0.9459 0.0769 0.3151
vn 0.6908 0.6493 -0.3182
vn 0.5858 0.6991 -0.4100
vn 0.1750 0.7470 -0.6414
vn 0.1530 0.7436 -0.6509
vn -0.1769 -0.7435 0.6449
vn -0.1770 -0.7435 0.6449
vn -0.1891 -0.7424 0.6427
vn 0.2400 0.7195 -0.6517
vn -0.0897 -0.9795 -0.1805
vn -0.0972 -0.9859 -0.1361
vn -0.0988 -0.9790 -0.1784
vn -0.0851 -0.9946 -0.0597
vn 0.0760 0.8245 -0.5608
vn 0.4354 0.7534 -0.4927
vn 0.4324 0.7620 -0.4821
vn 0.0920 0.8351 -0.5424
vn -0.2989 0.8001 -0.5201
vn 0.3878 0.7526 -0.5322
vn 0.0546 0.7851 -0.6170
vn 0.0705 0.8368 -0.5429
vn 0.3764 0.7532 -0.5395
vn 0.0697 0.7977 -0.5989
vn -0.2325 0.7760 -0.5862
vn -0.2600 0.7764 -0.5741
vn 0.0559 -0.6685 0.7416
vn -0.0582 -0.6751 0.7354
vn 0.4195 -0.5756 0.7019
vn 0.6381 -0.4820 0.6004
vn 0.9506 -0.0719 0.3019
vn 0.9875 0.0725 0.1398
vn 0.7779 0.5509 -0.3023
vn 0.8531 0.4745 -0.2169
vn 0.5393 0.5733 -0.6168
vn 0.0848 0.7724 -0.6294
vn 0.5973 0.4569 -0.6591
vn -0.8504 0.2474 -0.4643
vn -0.8071 0.3809 -0.4510
vn -0.9567 0.2911 -0.0000
vn -0.9758 0.2186 -0.0000
vn -0.8456 0.4370 -0.3066
vn -0.9251 0.3798 -0.0000
vn -0.4403 0.5126 -0.7372
vn -0.3414 0.3559 -0.8699
vn -0.4857 0.6489 -0.5857
vn 0.0429 0.5224 -0.8516
vn -0.7006 0.5732 -0.4249
vn -0.3225 0.7801 -0.5361
vn -0.7179 0.5857 -0.3762
vn -0.7927 0.5291 -0.3026
vn -0.9678 0.2515 -0.0000
vn 0.7343 0.2398 -0.6350
vn 0.8323 0.2073 -0.5142
vn 0.5300 0.3452 -0.7746
vn 0.3481 0.3909 -0.8521
vn 0.0183 0.4757 -0.8794
vn 0.0136 0.4915 -0.8708
vn 0.9030 0.1581 -0.3995
vn 0.4695 0.7314 -0.4947
vn 0.8322 0.2073 -0.5142
vn 0.7803 0.5161 -0.3533
vn 0.9170 0.2582 -0.3041
vn 0.9170 0.2583 -0.3040
vn -0.3561 0.4235 -0.8330
vn -0.5327 0.4127 -0.7389
vn 0.0687 0.8486 -0.5246
vn 0.0781 0.8452 -0.5287
vn 0.9380 0.0997 -0.3319
vn 0.9354 0.1020 -0.3385
vn 0.9822 0.0868 -0.1667
vn 0.9794 0.0979 -0.1764
vn 0.9364 0.1143 -0.3317
vn 0.9376 0.1132 -0.3287
vn 0.9804 0.1007 -0.1696
vn 0.9841 0.0857 -0.1555
vn 0.9370 0.1044 -0.3333
vn 0.8167 0.1063 -0.5672
vn 0.9747 0.0944 -0.2026
vn 0.9676 0.1464 -0.2056
vn 0.9125 0.1628 -0.3754
vn 0.8202 0.1663 -0.5474
vn 0.9325 0.3612 -0.0000
vn 0.9720 0.2351 -0.0000
vn 0.9440 0.2798 -0.1748
vn 0.9903 0.1393 -0.0000
vn 0.9958 0.0919 -0.0000
vn 0.9964 0.0853 -0.0000
vn 0.9956 0.0939 -0.0000
vn 0.9949 0.1004 -0.0000
vn 0.9962 0.0876 -0.0000
vn 0.9914 0.0964 -0.0890
vn 0.9934 0.0913 -0.0700
vn 0.9952 0.0980 -0.0000
vn -0.1273 -0.0120 0.9918
vn -0.1217 -0.0100 0.9925
vn -0.1229 -0.0111 0.9924
vn -0.1292 -0.0124 0.9915
vn -0.1269 -0.0124 0.9918
vn -0.1257 -0.0121 0.9920
vn -0.1212 -0.0186 0.9925
vn -0.1250 -0.0187 0.9920
vn -0.1255 -0.0354 0.9915
vn -0.1302 -0.0364 0.9908
vn -0.1227 -0.0428 0.9915
vn -0.0943 -0.9939 -0.0569
vn -0.0920 -0.9954 -0.0272
vn 0.0666 -0.9967 -0.0468
vn -0.0965 -0.9945 -0.0403
vn -0.0952 -0.9955 -0.0000
vn -0.0908 -0.9959 -0.0000
vn -0.3956 0.9184 -0.0000
vn -0.3723 0.7807 0.5018
vn 0.2128 0.9771 -0.0000
vn 0.0552 0.9088 0.4137
vn 0.1886 0.8965 0.4009
vn 0.1763 0.9413 0.2879
vn 0.0947 0.8622 0.4977
vn 0.2159 0.9518 0.2180
vn 0.2270 0.9739 -0.0000
vn 0.1764 0.9413 0.2878
vn 0.2127 0.9771 -0.0000
vn 0.1886 0.8965 0.4008
vn 0.0412 0.8803 0.4726
vn 0.0590 0.8665 0.4957
vn 0.0591 0.8665 0.4957
vn 0.0241 0.9997 -0.0000
vn 0.0368 0.9879 0.1504
vn 0.0398 0.9992 -0.0000
vn 0.0385 0.9712 0.2352
vn 0.1763 0.9413 0.2878
vn 0.0194 0.8986 0.4384
vn 0.4458 0.1206 -0.8870
vn 0.0475 0.3958 -0.9171
vn 0.4234 0.2988 -0.8553
vn 0.0621 0.9977 0.0284
vn 0.0594 0.9972 0.0459
vn 0.0599 0.9972 0.0448
vn 0.0609 0.9978 0.0243
vn 0.0634 0.9980 -0.0000
vn 0.0653 0.9979 -0.0000
vn 0.0595 0.9973 0.0433
vn 0.8181 0.2577 -0.5141
vn 0.6356 0.1320 -0.7607
vn 0.8645 -0.0732 -0.4973
vn 0.8619 0.4619 -0.2093
vn 0.8717 0.4900 -0.0000
vn 0.8978 0.4405 -0.0000
vn 0.8992 0.3900 -0.1982
vn 0.8579 0.4159 -0.3018
vn 0.9064 0.2818 -0.3147
vn 0.8432 0.3578 -0.4011
vn -0.9910 0.1339 -0.0000
vn -0.9334 0.1389 -0.3308
vn -0.5637 0.1115 -0.8184
vn 0.7495 -0.4769 0.4592
vn 0.0117 -0.7324 0.6808
vn 0.6156 -0.5511 -0.5633
vn 0.8644 -0.0732 -0.4974
vn 0.6156 -0.5512 -0.5633
vn -0.0309 0.1806 -0.9831
vn 0.1907 0.0002 -0.9816
vn 0.1907 0.0001 -0.9817
vn -0.9110 -0.3139 0.2675
vn -0.9082 -0.3268 0.2616
vn -0.4591 -0.6623 0.5921
vn -0.2959 -0.6861 0.6646
vn 0.0558 -0.6685 0.7416
vn -0.9933 0.1141 -0.0176
vn -0.9692 0.2230 -0.1042
vn -0.9580 0.2353 -0.1638
vn -0.9276 0.2608 -0.2675
vn -0.9771 -0.2056 0.0540
vn -0.4147 -0.7120 0.5667
vn -0.9706 -0.2026 0.1300
vn -0.8194 0.0081 -0.5732
vn -0.6271 -0.5841 -0.5153
vn -0.8700 0.1363 -0.4739
vn 0.0116 -0.7324 0.6808
vn -0.6271 -0.5842 -0.5153
vn 0.1908 0.0001 -0.9816
vn 0.0781 0.8453 -0.5286
vn -0.4425 0.7414 -0.5044
vn -0.7772 0.3043 -0.5508
vn -0.9706 0.2406 -0.0000
vn -0.9537 0.3009 -0.0000
vn -0.9071 0.3040 -0.2912
vn -0.9880 0.1547 -0.0000
vn -0.9531 0.1717 -0.2493
vn -0.6635 0.5710 -0.4835
vn -0.4368 0.7293 -0.5266
vn 0.0780 0.8452 -0.5287
vn -0.4007 0.7600 -0.5117
vn -0.8294 0.3899 -0.4001
vn -0.9236 0.1296 -0.3607
vn -0.9236 0.1296 -0.3608
vn -0.8377 0.3621 -0.4088
vn -0.7472 0.4999 -0.4380
vn -0.8377 0.3621 -0.4089
vn -0.9703 0.2421 -0.0000
vn -0.8795 0.2657 -0.3949
vn -0.4846 0.5888 -0.6469
vn -0.9823 -0.0270 -0.1853
vn -0.9824 -0.0254 -0.1853
vn -0.6047 -0.6636 0.4404
vn -0.6239 -0.6642 0.4118
vn -0.1273 -0.7560 0.6420
vn -0.1076 -0.7761 0.6214
vn -0.1274 -0.7561 0.6420
vn -0.1077 -0.7761 0.6214
vn -0.6436 -0.6886 0.3341
vn 0.0929 0.7497 -0.6553
vn -0.4856 0.5842 -0.6503
vn -0.9515 -0.0702 -0.2997
vn 0.2204 -0.9754 -0.0000
vn 0.2131 -0.9770 0.0001
vn 0.0612 -0.6115 -0.7889
vn -0.0382 -0.6684 -0.7428
vn -0.0596 -0.6514 -0.7564
vn 0.0521 -0.6752 -0.7358
vn 0.1359 -0.6625 -0.7367
vn 0.1610 -0.6382 -0.7529
vn 0.1715 -0.6221 -0.7640
vn -0.0155 -0.5584 -0.8294
vn 0.0535 -0.5170 -0.8543
vn -0.0611 -0.6188 -0.7832
vn 0.1077 -0.5454 -0.8312
vn 0.1650 -0.6073 -0.7771
vn 0.8593 0.3415 -0.3808
vn 0.9553 0.2955 -0.0000
vn 0.8870 0.4016 -0.2280
vn 0.9936 0.1130 -0.0000
vn 0.8847 0.1185 -0.4509
vn 0.9231 0.3846 -0.0000
vn 0.7801 0.4475 -0.4373
vn 0.7784 0.3361 -0.5303
vn 0.9909 0.1172 0.0661
vn 0.5924 0.6578 -0.4652
vn 0.5585 0.7132 -0.4236
vn 0.7256 0.5732 -0.3807
vn 0.7482 0.5669 -0.3447
vn 0.7884 0.4396 -0.4303
vn 0.9908 0.1311 -0.0320
vn 0.8602 0.3925 -0.3257
vn 0.8332 0.1655 -0.5276
vn 0.8602 0.3925 -0.3256
vn 0.9956 0.0933 -0.0000
vn 0.9970 0.0778 -0.0000
vn 0.9986 0.0525 -0.0000
vn 0.9766 0.2152 -0.0000
vn 0.9914 0.1307 -0.0000
vn 0.9956 0.0940 -0.0000
vn -0.9027 0.2217 0.3689
vn -0.8988 0.1835 0.3982
vn -0.9043 0.2455 0.3492
vn -0.5285 0.2472 0.8122
vn -0.8477 0.2313 0.4775
vn -0.5169 0.2334 0.8236
vn -0.5511 0.2298 0.8021
vn -0.0240 0.2446 0.9693
vn -0.0238 0.2675 0.9633
vn -0.5284 0.2472 0.8122
vn -0.0220 0.2485 0.9684
vn -0.4603 0.2050 0.8638
vn 0.4190 0.1961 0.8866
vn 0.3545 0.1846 0.9166
vn 0.7955 0.1253 0.5928
vn 0.7691 0.1255 0.6267
vn 0.4500 0.1959 0.8713
vn -0.0241 0.2566 0.9662
vn 0.7953 0.1302 0.5921
vn 0.5285 0.1694 0.8318
vn -0.5511 0.2298 0.8022
vn 0.7993 0.1255 0.5877
vn 0.9471 -0.1045 -0.3035
vn 0.9909 0.1313 -0.0312
vn 0.6960 0.6037 0.3887
vn 0.6897 0.5802 0.4332
vn 0.4505 -0.6540 -0.6078
vn 0.4816 -0.5771 -0.6596
vn -0.5020 0.4557 0.7351
vn -0.8383 -0.0478 0.5432
vn -0.3312 0.5456 0.7698
vn -0.9061 -0.2784 0.3187
vn -0.6893 -0.6883 -0.2263
vn 0.2980 -0.6064 -0.7373
vn -0.1890 -0.7424 -0.6428
vn 0.4441 -0.5354 -0.7184
vn 0.9466 0.0674 -0.3154
vn 0.9459 0.0770 -0.3151
vn 0.6908 0.6493 0.3182
vn 0.5858 0.6991 0.4100
vn 0.1530 0.7436 0.6509
vn 0.1750 0.7470 0.6414
vn -0.1769 -0.7435 -0.6449
vn -0.1891 -0.7424 -0.6427
vn -0.1770 -0.7435 -0.6449
vn 0.2400 0.7195 0.6517
vn -0.0897 -0.9795 0.1805
vn -0.0988 -0.9790 0.1783
vn -0.0972 -0.9859 0.1361
vn -0.0851 -0.9946 0.0597
vn 0.0760 0.8245 0.5608
vn 0.4324 0.7620 0.4821
vn 0.4354 0.7534 0.4927
vn 0.0920 0.8351 0.5424
vn -0.2989 0.8000 0.5202
vn 0.3878 0.7526 0.5322
vn 0.0546 0.7851 0.6170
vn 0.3764 0.7532 0.5395
vn 0.0705 0.8368 0.5429
vn 0.0697 0.7977 0.5989
vn -0.2325 0.7760 0.5862
vn -0.2600 0.7764 0.5741
vn 0.0559 -0.6685 -0.7416
vn 0.4195 -0.5758 -0.7018
vn -0.0582 -0.6751 -0.7354
vn 0.6381 -0.4820 -0.6004
vn 0.9506 -0.0719 -0.3019
vn 0.9875 0.0725 -0.1398
vn 0.7779 0.5509 0.3023
vn 0.8530 0.4749 0.2165
vn 0.5393 0.5733 0.6168
vn 0.5973 0.4569 0.6591
vn 0.0848 0.7724 0.6294
vn -0.8504 0.2474 0.4643
vn -0.8071 0.3809 0.4510
vn -0.8456 0.4370 0.3066
vn -0.4403 0.5126 0.7372
vn -0.3414 0.3559 0.8699
vn -0.4857 0.6489 0.5857
vn 0.0429 0.5224 0.8516
vn -0.7006 0.5732 0.4249
vn -0.3225 0.7801 0.5361
vn -0.7179 0.5857 0.3763
vn -0.7928 0.5287 0.3033
vn 0.7343 0.2398 0.6350
vn 0.5300 0.3452 0.7746
vn 0.8323 0.2073 0.5142
vn 0.3482 0.3909 0.8521
vn 0.0183 0.4757 0.8794
vn 0.0136 0.4915 0.8708
vn 0.9030 0.1581 0.3995
vn 0.4694 0.7314 0.4947
vn 0.7803 0.5161 0.3533
vn 0.9170 0.2582 0.3041
vn 0.9170 0.2583 0.3040
vn -0.3561 0.4235 0.8330
vn -0.5326 0.4127 0.7389
vn 0.0687 0.8486 0.5246
vn 0.0781 0.8452 0.5286
vn 0.9380 0.0997 0.3319
vn 0.9354 0.1020 0.3385
vn 0.7691 0.1255 0.6266
vn 0.9822 0.0868 0.1667
vn 0.9794 0.0979 0.1764
vn 0.9364 0.1143 0.3317
vn 0.9376 0.1132 0.3287
vn 0.9804 0.1007 0.1696
vn 0.9841 0.0857 0.1555
vn 0.9370 0.1044 0.3333
vn 0.8167 0.1067 0.5671
vn 0.9747 0.0944 0.2026
vn 0.9676 0.1464 0.2056
vn 0.9125 0.1628 0.3754
vn 0.8202 0.1663 0.5474
vn 0.9325 0.3611 -0.0000
vn 0.9440 0.2797 0.1748
vn 0.9913 0.0965 0.0890
vn 0.9934 0.0913 0.0700
vn -0.1273 -0.0121 -0.9918
vn -0.1229 -0.0111 -0.9924
vn -0.1217 -0.0100 -0.9925
vn -0.1292 -0.0124 -0.9915
vn -0.1298 -0.0117 -0.9915
vn -0.1278 -0.0112 -0.9917
vn -0.1269 -0.0124 -0.9918
vn -0.1257 -0.0121 -0.9920
vn -0.1278 -0.0113 -0.9917
vn -0.1250 -0.0187 -0.9920
vn -0.1212 -0.0186 -0.9925
vn -0.1255 -0.0354 -0.9915
vn -0.1302 -0.0363 -0.9908
vn -0.1255 -0.0447 -0.9911
vn -0.0943 -0.9939 0.0569
vn -0.0920 -0.9954 0.0272
vn 0.0666 -0.9967 0.0468
vn -0.0965 -0.9945 0.0403
vn -0.3723 0.7807 -0.5018
vn 0.0547 0.9097 -0.4115
vn 0.1886 0.8965 -0.4009
vn 0.0947 0.8622 -0.4977
vn 0.1763 0.9413 -0.2879
vn 0.2159 0.9518 -0.2180
vn 0.1764 0.9413 -0.2878
vn 0.1886 0.8965 -0.4008
vn 0.0412 0.8803 -0.4726
vn 0.0591 0.8665 -0.4957
vn 0.0368 0.9879 -0.1504
vn 0.1763 0.9413 -0.2878
vn 0.0385 0.9712 -0.2352
vn 0.0194 0.8986 -0.4384
vn 0.8167 0.1067 0.5672
vn 0.4458 0.1206 0.8870
vn 0.0475 0.3958 0.9171
vn 0.4234 0.2988 0.8553
vn 0.0621 0.9977 -0.0284
vn 0.0598 0.9972 -0.0449
vn 0.0594 0.9972 -0.0460
vn 0.0609 0.9978 -0.0243
vn 0.0595 0.9973 -0.0433
vn 0.8181 0.2577 0.5141
vn 0.6356 0.1320 0.7607
vn 0.8645 -0.0732 0.4973
vn 0.8619 0.4619 0.2093
vn 0.8992 0.3900 0.1981
vn 0.8579 0.4160 0.3018
vn 0.9064 0.2818 0.3147
vn 0.8432 0.3578 0.4012
vn 0.8992 0.3900 0.1982
vn 0.8579 0.4159 0.3018
vn -0.9334 0.1391 0.3308
vn -0.5637 0.1115 0.8184
vn 0.7495 -0.4769 -0.4592
vn 0.0117 -0.7324 -0.6807
vn 0.6156 -0.5512 0.5633
vn 0.8644 -0.0731 0.4974
vn 0.6155 -0.5512 0.5633
vn -0.0309 0.1806 0.9831
vn 0.1907 0.0002 0.9816
vn 0.1908 -0.0000 0.9816
vn -0.9110 -0.3140 -0.2675
vn -0.4591 -0.6623 -0.5921
vn -0.9082 -0.3268 -0.2616
vn -0.2959 -0.6861 -0.6646
vn 0.0558 -0.6685 -0.7416
vn -0.9692 0.2230 0.1042
vn -0.9933 0.1141 0.0176
vn -0.9276 0.2608 0.2675
vn -0.9580 0.2353 0.1639
vn -0.9771 -0.2056 -0.0540
vn -0.4147 -0.7120 -0.5667
vn -0.9706 -0.2026 -0.1300
vn -0.8194 0.0082 0.5732
vn -0.6271 -0.5842 0.5153
vn -0.8700 0.1363 0.4739
vn 0.0116 -0.7324 -0.6808
vn 0.1907 0.0001 0.9816
vn 0.0781 0.8453 0.5286
vn -0.4425 0.7414 0.5044
vn -0.7772 0.3043 0.5508
vn -0.9071 0.3040 0.2912
vn -0.9531 0.1717 0.2493
vn -0.6635 0.5710 0.4835
vn -0.4368 0.7293 0.5266
vn -0.4007 0.7600 0.5116
vn 0.0780 0.8453 0.5286
vn -0.4007 0.7600 0.5117
vn -0.8294 0.3899 0.4001
vn -0.9236 0.1296 0.3607
vn -0.9236 0.1296 0.3608
vn -0.8377 0.3621 0.4088
vn -0.7472 0.4999 0.4380
vn -0.8377 0.3621 0.4089
vn -0.8795 0.2657 0.3949
vn -0.4846 0.5888 0.6469
vn -0.9824 -0.0253 0.1851
vn -0.9823 -0.0270 0.1853
vn -0.6047 -0.6636 -0.4404
vn -0.6239 -0.6642 -0.4118
vn -0.1273 -0.7560 -0.6420
vn -0.1077 -0.7761 -0.6214
vn -0.1274 -0.7561 -0.6420
vn -0.6436 -0.6886 -0.3341
vn 0.0929 0.7497 0.6553
vn -0.4856 0.5842 0.6503
vn -0.9515 -0.0702 0.2997
vn 0.0612 -0.6115 0.7889
vn -0.0597 -0.6513 0.7565
vn -0.0382 -0.6684 0.7428
vn 0.0521 -0.6752 0.7358
vn 0.1359 -0.6625 0.7366
vn 0.1610 -0.6382 0.7529
vn 0.1715 -0.6221 0.7640
vn 0.0532 -0.5170 0.8543
vn -0.0155 -0.5584 0.8294
vn -0.0611 -0.6188 0.7832
vn 0.1077 -0.5454 0.8312
vn 0.1650 -0.6073 0.7771
vn 0.8593 0.3415 0.3808
vn 0.8870 0.4016 0.2280
vn 0.8847 0.1185 0.4509
vn 0.7801 0.4475 0.4373
vn 0.7784 0.3361 0.5303
vn 0.9909 0.1172 -0.0661
vn 0.5924 0.6578 0.4652
vn 0.5585 0.7132 0.4236
vn 0.7256 0.5732 0.3807
vn 0.7482 0.5669 0.3447
vn 0.7884 0.4396 0.4303
vn 0.9908 0.1311 0.0321
vn 0.8602 0.3925 0.3257
vn 0.8332 0.1655 0.5276
vn 0.8602 0.3924 0.3256
vn -0.1279 -0.0112 -0.9917
vn 0.9868 0.1375 0.0849
vn 0.9766 0.2151 -0.0000
vn 0.9545 0.2748 0.1154
vn 0.9927 0.0967 0.0718
vn 0.9638 0.2666 -0.0000
vn 0.9957 0.0921 -0.0000
vn 0.9814 0.1414 -0.1301
vn 0.9149 0.3820 -0.1306
vn 0.9015 0.4327 -0.0000
vn 0.9479 0.2613 -0.1820
vn 0.9814 0.1414 0.1301
vn 0.9149 0.3820 0.1306
vn 0.9479 0.2613 0.1820
vt 0.442228 0.089869
vt 0.442228 0.081855
vt 0.452112 0.080399
vt 0.452112 0.088090
vt 0.022993 0.079894
vt 0.010258 0.068865
vt 0.019390 0.066974
vt 0.030834 0.076885
vt 0.028521 0.065083
vt 0.038675 0.073877
vt 0.339745 0.213515
vt 0.339745 0.223430
vt 0.329861 0.222732
vt 0.329861 0.213338
vt 0.319977 0.223430
vt 0.319977 0.213515
vt 0.362903 0.073877
vt 0.373057 0.065083
vt 0.382189 0.066974
vt 0.370744 0.076885
vt 0.391320 0.068865
vt 0.378585 0.079894
vt 0.432344 0.088090
vt 0.432344 0.080399
vt 0.442228 0.071377
vt 0.452112 0.070343
vt 0.003666 0.056565
vt 0.013465 0.055919
vt 0.023265 0.055274
vt 0.339745 0.232442
vt 0.329861 0.231270
vt 0.319977 0.232442
vt 0.378313 0.055274
vt 0.388113 0.055920
vt 0.397912 0.056565
vt 0.432344 0.070343
vt 0.442228 0.059150
vt 0.452112 0.058608
vt 0.003666 0.043830
vt 0.013466 0.044475
vt 0.023265 0.045120
vt 0.339745 0.239935
vt 0.329861 0.238369
vt 0.319977 0.239935
vt 0.378313 0.045120
vt 0.388113 0.044475
vt 0.397912 0.043830
vt 0.432344 0.058608
vt 0.442228 0.046005
vt 0.452112 0.045993
vt 0.010258 0.031529
vt 0.019390 0.033421
vt 0.028521 0.035312
vt 0.339745 0.245400
vt 0.329861 0.243546
vt 0.319977 0.245400
vt 0.373057 0.035312
vt 0.382189 0.033421
vt 0.391320 0.031529
vt 0.432344 0.045993
vt 0.442228 0.032839
vt 0.452112 0.033357
vt 0.022993 0.020501
vt 0.030834 0.023509
vt 0.038675 0.026518
vt 0.467088 0.240637
vt 0.467088 0.234406
vt 0.476971 0.232968
vt 0.476971 0.238870
vt 0.486855 0.234406
vt 0.486855 0.240637
vt 0.362903 0.026518
vt 0.370744 0.023509
vt 0.378585 0.020501
vt 0.432344 0.033357
vt 0.442228 0.020550
vt 0.452112 0.021563
vt 0.041002 0.011496
vt 0.047019 0.015417
vt 0.053036 0.019338
vt 0.467088 0.226313
vt 0.476971 0.225300
vt 0.486855 0.226313
vt 0.348542 0.019338
vt 0.354559 0.015417
vt 0.360576 0.011496
vt 0.432344 0.021563
vt 0.442228 0.009974
vt 0.452112 0.011413
vt 0.063059 0.005129
vt 0.066841 0.009695
vt 0.070624 0.014260
vt 0.467088 0.216908
vt 0.476971 0.216391
vt 0.486855 0.216908
vt 0.330955 0.014261
vt 0.334737 0.009695
vt 0.338519 0.005129
vt 0.432344 0.011413
vt 0.442228 0.001833
vt 0.452112 0.003599
vt 0.087660 0.001833
vt 0.088950 0.006733
vt 0.090240 0.011632
vt 0.467088 0.206833
vt 0.476971 0.206846
vt 0.486855 0.206833
vt 0.311338 0.011632
vt 0.312628 0.006733
vt 0.313918 0.001833
vt 0.432344 0.003599
vt 0.469328 0.089543
vt 0.469328 0.080589
vt 0.479211 0.079271
vt 0.479211 0.087865
vt 0.113129 0.001833
vt 0.111839 0.006733
vt 0.110549 0.011632
vt 0.467088 0.196774
vt 0.476971 0.197316
vt 0.486855 0.196774
vt 0.291029 0.011632
vt 0.289739 0.006733
vt 0.288449 0.001833
vt 0.459444 0.087865
vt 0.459444 0.079271
vt 0.469328 0.069405
vt 0.479211 0.068538
vt 0.137730 0.005129
vt 0.133948 0.009695
vt 0.130166 0.014260
vt 0.467088 0.187416
vt 0.476971 0.188450
vt 0.486855 0.187416
vt 0.271413 0.014260
vt 0.267630 0.009695
vt 0.263848 0.005129
vt 0.459444 0.068538
vt 0.469328 0.056754
vt 0.479211 0.056397
vt 0.159787 0.011496
vt 0.153770 0.015417
vt 0.147753 0.019338
vt 0.467088 0.179398
vt 0.476971 0.180854
vt 0.486855 0.179398
vt 0.253825 0.019338
vt 0.247808 0.015417
vt 0.241791 0.011496
vt 0.459444 0.056397
vt 0.469328 0.043498
vt 0.479211 0.043675
vt 0.177797 0.020501
vt 0.169955 0.023509
vt 0.162114 0.026518
vt 0.467088 0.173265
vt 0.476971 0.175044
vt 0.486855 0.173265
vt 0.239464 0.026518
vt 0.231623 0.023509
vt 0.223782 0.020501
vt 0.459444 0.043675
vt 0.469328 0.030541
vt 0.479211 0.031239
vt 0.190531 0.031529
vt 0.181400 0.033421
vt 0.172268 0.035312
vt 0.486855 0.102228
vt 0.486855 0.108360
vt 0.476972 0.109816
vt 0.476972 0.104007
vt 0.467088 0.108360
vt 0.467088 0.102228
vt 0.229310 0.035312
vt 0.220178 0.033421
vt 0.211047 0.031529
vt 0.459444 0.031239
vt 0.469328 0.018765
vt 0.479211 0.019938
vt 0.197123 0.043830
vt 0.187324 0.044475
vt 0.177524 0.045120
vt 0.486855 0.116379
vt 0.476972 0.117413
vt 0.467088 0.116379
vt 0.224054 0.045120
vt 0.214254 0.044475
vt 0.204455 0.043830
vt 0.459444 0.019938
vt 0.469328 0.008974
vt 0.479211 0.010540
vt 0.197123 0.056564
vt 0.187324 0.055919
vt 0.177524 0.055274
vt 0.486855 0.125736
vt 0.476972 0.126278
vt 0.467088 0.125736
vt 0.224054 0.055274
vt 0.214254 0.055919
vt 0.204455 0.056565
vt 0.459444 0.010540
vt 0.469328 0.001833
vt 0.479211 0.003687
vt 0.190531 0.068865
vt 0.181400 0.066974
vt 0.172268 0.065083
vt 0.486855 0.135795
vt 0.476972 0.135808
vt 0.467088 0.135795
vt 0.229310 0.065083
vt 0.220178 0.066974
vt 0.211047 0.068865
vt 0.459444 0.003687
vt 0.415128 0.001833
vt 0.415128 0.009974
vt 0.405244 0.011413
vt 0.405244 0.003600
vt 0.177797 0.079894
vt 0.169955 0.076885
vt 0.162114 0.073877
vt 0.486855 0.145871
vt 0.476972 0.145353
vt 0.467088 0.145871
vt 0.239464 0.073877
vt 0.231623 0.076885
vt 0.223782 0.079894
vt 0.425012 0.003600
vt 0.425012 0.011413
vt 0.415128 0.020550
vt 0.405244 0.021563
vt 0.159787 0.088898
vt 0.153770 0.084978
vt 0.147753 0.081057
vt 0.486855 0.155276
vt 0.476972 0.154263
vt 0.467088 0.155276
vt 0.253825 0.081057
vt 0.247808 0.084978
vt 0.241791 0.088898
vt 0.425012 0.021563
vt 0.415128 0.032839
vt 0.405244 0.033357
vt 0.137730 0.095265
vt 0.133948 0.090700
vt 0.130166 0.086134
vt 0.486855 0.163369
vt 0.476972 0.161930
vt 0.467088 0.163369
vt 0.271412 0.086134
vt 0.267630 0.090700
vt 0.263848 0.095266
vt 0.425012 0.033357
vt 0.415128 0.046005
vt 0.405244 0.045993
vt 0.113129 0.098561
vt 0.111839 0.093662
vt 0.110549 0.088762
vt 0.486855 0.169599
vt 0.476972 0.167833
vt 0.467088 0.169599
vt 0.291029 0.088762
vt 0.289739 0.093662
vt 0.288449 0.098561
vt 0.425012 0.045993
vt 0.415128 0.059150
vt 0.405244 0.058608
vt 0.087660 0.098561
vt 0.088950 0.093662
vt 0.090240 0.088762
vt 0.339745 0.178278
vt 0.339745 0.185130
vt 0.329861 0.186448
vt 0.329861 0.179956
vt 0.319977 0.185130
vt 0.319977 0.178278
vt 0.311338 0.088762
vt 0.312628 0.093662
vt 0.313918 0.098561
vt 0.425012 0.058608
vt 0.415128 0.071378
vt 0.405244 0.070343
vt 0.063059 0.095266
vt 0.066841 0.090700
vt 0.070624 0.086134
vt 0.339745 0.193689
vt 0.329861 0.194556
vt 0.319977 0.193689
vt 0.330954 0.086134
vt 0.334737 0.090700
vt 0.338519 0.095266
vt 0.425012 0.070343
vt 0.415128 0.081855
vt 0.405244 0.080399
vt 0.041002 0.088898
vt 0.047019 0.084978
vt 0.053036 0.081057
vt 0.339745 0.203370
vt 0.329861 0.203728
vt 0.319977 0.203370
vt 0.348542 0.081057
vt 0.354559 0.084978
vt 0.360576 0.088898
vt 0.425012 0.080399
vt 0.415128 0.089869
vt 0.405244 0.088090
vt 0.425012 0.088090
vt 0.312645 0.157683
vt 0.312645 0.167618
vt 0.172866 0.167618
vt 0.172866 0.157683
vt 0.312645 0.174612
vt 0.172866 0.174612
vt 0.172866 0.178278
vt 0.189241 0.178278
vt 0.189241 0.248167
vt 0.172866 0.248167
vt 0.210832 0.178278
vt 0.210832 0.248167
vt 0.235527 0.178278
vt 0.235527 0.248167
vt 0.260908 0.178278
vt 0.260908 0.248167
vt 0.284490 0.178278
vt 0.284489 0.248167
vt 0.303965 0.178278
vt 0.303965 0.248167
vt 0.319977 0.174612
vt 0.319977 0.167618
vt 0.459755 0.167618
vt 0.459755 0.174612
vt 0.319977 0.157683
vt 0.459755 0.157683
vt 0.319977 0.145778
vt 0.459755 0.145778
vt 0.319977 0.133070
vt 0.459755 0.133070
vt 0.319977 0.120801
vt 0.459755 0.120801
vt 0.319977 0.110174
vt 0.459755 0.110174
vt 0.319977 0.102228
vt 0.459755 0.102228
vt 0.312645 0.102228
vt 0.312645 0.110174
vt 0.172866 0.110174
vt 0.172866 0.102228
vt 0.312645 0.120801
vt 0.172866 0.120801
vt 0.312645 0.133070
vt 0.172866 0.133070
vt 0.312645 0.145778
vt 0.172866 0.145778
vt 0.033008 0.174127
vt 0.021735 0.168491
vt 0.012877 0.161863
vt 0.006776 0.154498
vt 0.003666 0.146680
vt 0.003666 0.138709
vt 0.006777 0.130891
vt 0.012878 0.123526
vt 0.021735 0.116898
vt 0.033008 0.111262
vt 0.046264 0.106833
vt 0.060993 0.103783
vt 0.076629 0.102228
vt 0.092572 0.102228
vt 0.108208 0.103783
vt 0.122937 0.106833
vt 0.136193 0.111262
vt 0.147466 0.116898
vt 0.156323 0.123526
vt 0.162424 0.130891
vt 0.165534 0.138709
vt 0.165534 0.146680
vt 0.162424 0.154498
vt 0.156323 0.161863
vt 0.147466 0.168491
vt 0.136193 0.174127
vt 0.122937 0.178556
vt 0.108208 0.181607
vt 0.092571 0.183162
vt 0.076629 0.183162
vt 0.060993 0.181606
vt 0.046264 0.178556
vt 0.123921 0.215762
vt 0.123921 0.208773
vt 0.131545 0.208773
vt 0.131545 0.215762
vt 0.135317 0.208773
vt 0.135317 0.215762
vt 0.057461 0.208773
vt 0.057461 0.215762
vt 0.049837 0.215762
vt 0.049837 0.208773
vt 0.045985 0.215762
vt 0.045985 0.208773
vt 0.360282 0.183996
vt 0.353680 0.185902
vt 0.347077 0.183996
vt 0.347077 0.180184
vt 0.353680 0.178278
vt 0.360282 0.180184
vt 0.077243 0.198118
vt 0.077243 0.205107
vt 0.069647 0.205107
vt 0.069647 0.198118
vt 0.065280 0.205107
vt 0.065280 0.198118
vt 0.374217 0.178278
vt 0.380820 0.180184
vt 0.380820 0.183996
vt 0.374217 0.185902
vt 0.367615 0.183996
vt 0.367615 0.180184
vt 0.142650 0.215762
vt 0.142650 0.208773
vt 0.150274 0.208773
vt 0.150274 0.215762
vt 0.154046 0.208773
vt 0.154046 0.215762
vt 0.076269 0.208773
vt 0.076269 0.215762
vt 0.068645 0.215762
vt 0.068645 0.208773
vt 0.064793 0.215762
vt 0.064793 0.208773
vt 0.085818 0.192546
vt 0.085818 0.188734
vt 0.092420 0.186828
vt 0.099023 0.188734
vt 0.099023 0.192546
vt 0.092420 0.194452
vt 0.097780 0.198118
vt 0.097780 0.205107
vt 0.090185 0.205107
vt 0.090185 0.198118
vt 0.085818 0.205107
vt 0.085818 0.198118
vt 0.016872 0.203836
vt 0.010269 0.205742
vt 0.003666 0.203836
vt 0.003666 0.200024
vt 0.010269 0.198118
vt 0.016872 0.200024
vt 0.024204 0.216397
vt 0.024204 0.209408
vt 0.031828 0.209408
vt 0.031828 0.216397
vt 0.035600 0.209408
vt 0.035600 0.216397
vt 0.379091 0.200858
vt 0.379091 0.207847
vt 0.371467 0.207847
vt 0.371467 0.200858
vt 0.367615 0.207847
vt 0.367615 0.200858
vt 0.106355 0.192546
vt 0.106355 0.188734
vt 0.112958 0.186828
vt 0.119561 0.188734
vt 0.119561 0.192546
vt 0.112958 0.194452
vt 0.126893 0.205107
vt 0.126893 0.198118
vt 0.134489 0.198118
vt 0.134489 0.205107
vt 0.138856 0.198118
vt 0.138856 0.205107
vt 0.140099 0.192546
vt 0.133496 0.194452
vt 0.126893 0.192546
vt 0.126893 0.188734
vt 0.133496 0.186828
vt 0.140099 0.188734
vt 0.003666 0.216397
vt 0.003666 0.209408
vt 0.011290 0.209408
vt 0.011290 0.216397
vt 0.015062 0.209408
vt 0.015062 0.216397
vt 0.418924 0.200858
vt 0.418924 0.207847
vt 0.411300 0.207847
vt 0.411300 0.200858
vt 0.407448 0.207847
vt 0.407448 0.200858
vt 0.044742 0.192546
vt 0.044742 0.188734
vt 0.051345 0.186828
vt 0.057948 0.188734
vt 0.057948 0.192546
vt 0.051345 0.194452
vt 0.118318 0.198118
vt 0.118318 0.205107
vt 0.110722 0.205107
vt 0.110722 0.198118
vt 0.106355 0.205107
vt 0.106355 0.198118
vt 0.160637 0.192546
vt 0.154034 0.194452
vt 0.147431 0.192546
vt 0.147431 0.188734
vt 0.154034 0.186828
vt 0.160637 0.188734
vt 0.347077 0.218502
vt 0.347077 0.211514
vt 0.354701 0.211514
vt 0.354701 0.218502
vt 0.358473 0.211514
vt 0.358473 0.218502
vt 0.096051 0.208773
vt 0.096051 0.215762
vt 0.088427 0.215762
vt 0.088427 0.208773
vt 0.084575 0.215762
vt 0.084575 0.208773
vt 0.016872 0.192546
vt 0.010269 0.194452
vt 0.003666 0.192546
vt 0.003666 0.188734
vt 0.010269 0.186828
vt 0.016872 0.188734
vt 0.159394 0.198118
vt 0.159394 0.205107
vt 0.151798 0.205107
vt 0.151798 0.198118
vt 0.147431 0.205107
vt 0.147431 0.198118
vt 0.030807 0.186828
vt 0.037410 0.188734
vt 0.037410 0.192546
vt 0.030807 0.194452
vt 0.024204 0.192546
vt 0.024204 0.188734
vt 0.365805 0.218502
vt 0.365805 0.211514
vt 0.373429 0.211514
vt 0.373429 0.218502
vt 0.377202 0.211514
vt 0.377202 0.218502
vt 0.420167 0.178278
vt 0.420167 0.185267
vt 0.412542 0.185267
vt 0.412542 0.178278
vt 0.408690 0.185267
vt 0.408690 0.178278
vt 0.347077 0.195286
vt 0.347077 0.191474
vt 0.353680 0.189568
vt 0.360283 0.191474
vt 0.360283 0.195286
vt 0.353680 0.197192
vt 0.400115 0.200858
vt 0.400115 0.207847
vt 0.392519 0.207847
vt 0.392519 0.200858
vt 0.388153 0.207847
vt 0.388153 0.200858
vt 0.078485 0.192546
vt 0.071883 0.194452
vt 0.065280 0.192546
vt 0.065280 0.188734
vt 0.071883 0.186828
vt 0.078485 0.188734
vt 0.407448 0.218502
vt 0.407448 0.211514
vt 0.415072 0.211514
vt 0.415072 0.218502
vt 0.418844 0.211514
vt 0.418844 0.218502
vt 0.420167 0.189568
vt 0.420167 0.196557
vt 0.412542 0.196557
vt 0.412542 0.189568
vt 0.408690 0.196557
vt 0.408690 0.189568
vt 0.367615 0.195286
vt 0.367615 0.191474
vt 0.374218 0.189568
vt 0.380820 0.191474
vt 0.380820 0.195286
vt 0.374218 0.197192
vt 0.347077 0.207847
vt 0.347077 0.200858
vt 0.354673 0.200858
vt 0.354673 0.207847
vt 0.359040 0.200858
vt 0.359040 0.207847
vt 0.401358 0.183996
vt 0.394755 0.185902
vt 0.388153 0.183996
vt 0.388153 0.180184
vt 0.394755 0.178278
vt 0.401358 0.180184
vt 0.388719 0.218502
vt 0.388719 0.211514
vt 0.396343 0.211514
vt 0.396343 0.218502
vt 0.400115 0.211514
vt 0.400115 0.218502
vt 0.116589 0.208773
vt 0.116589 0.215762
vt 0.108965 0.215762
vt 0.108965 0.208773
vt 0.105113 0.215762
vt 0.105113 0.208773
vt 0.024204 0.203836
vt 0.024204 0.200024
vt 0.030807 0.198118
vt 0.037410 0.200024
vt 0.037410 0.203836
vt 0.030807 0.205742
vt 0.045985 0.205107
vt 0.045985 0.198118
vt 0.053581 0.198118
vt 0.053581 0.205107
vt 0.057947 0.198118
vt 0.057947 0.205107
vt 0.401358 0.195286
vt 0.394755 0.197192
vt 0.388153 0.195286
vt 0.388153 0.191474
vt 0.394755 0.189568
vt 0.401358 0.191474
vt 0.347358 0.409687
vt 0.328869 0.409612
vt 0.328869 0.317183
vt 0.347358 0.317258
vt 0.469566 0.465019
vt 0.482446 0.460818
vt 0.482446 0.482740
vt 0.469566 0.486941
vt 0.292456 0.317258
vt 0.310945 0.317183
vt 0.310945 0.409612
vt 0.292456 0.409687
vt 0.429684 0.497636
vt 0.416804 0.493435
vt 0.416804 0.471513
vt 0.429684 0.475714
vt 0.374254 0.406995
vt 0.352086 0.410061
vt 0.352086 0.320249
vt 0.374254 0.317183
vt 0.401151 0.345242
vt 0.378983 0.342176
vt 0.378983 0.252364
vt 0.401151 0.255430
vt 0.394697 0.431453
vt 0.412030 0.431463
vt 0.412075 0.443040
vt 0.394742 0.443030
vt 0.412075 0.456373
vt 0.394742 0.456363
vt 0.412030 0.468823
vt 0.394697 0.468813
vt 0.347037 0.461149
vt 0.329710 0.461094
vt 0.329946 0.449763
vt 0.347273 0.449818
vt 0.330031 0.436473
vt 0.347358 0.436529
vt 0.329947 0.423858
vt 0.347273 0.423914
vt 0.329710 0.414415
vt 0.347037 0.414471
vt 0.464792 0.472399
vt 0.447459 0.472410
vt 0.447504 0.460833
vt 0.464838 0.460823
vt 0.447504 0.447499
vt 0.464838 0.447489
vt 0.447459 0.435050
vt 0.464792 0.435040
vt 0.356607 0.414845
vt 0.373934 0.414789
vt 0.374170 0.426120
vt 0.356843 0.426176
vt 0.374254 0.439409
vt 0.356928 0.439465
vt 0.331929 0.309480
vt 0.321475 0.301143
vt 0.315674 0.289096
vt 0.315674 0.275725
vt 0.321475 0.263678
vt 0.331929 0.255340
vt 0.344964 0.252364
vt 0.357999 0.255339
vt 0.368453 0.263676
vt 0.374254 0.275723
vt 0.374254 0.289094
vt 0.368453 0.301141
vt 0.358000 0.309479
vt 0.344964 0.312454
vt 0.374170 0.452025
vt 0.356843 0.452080
vt 0.373934 0.461468
vt 0.356607 0.461523
vt 0.305144 0.301143
vt 0.294690 0.309479
vt 0.281655 0.312454
vt 0.268619 0.309478
vt 0.258166 0.301141
vt 0.252364 0.289094
vt 0.252364 0.275722
vt 0.258166 0.263676
vt 0.268620 0.255339
vt 0.281655 0.252364
vt 0.294690 0.255340
vt 0.305144 0.263677
vt 0.310945 0.275725
vt 0.310945 0.289096
vt 0.256619 0.449747
vt 0.256619 0.415109
vt 0.287728 0.414481
vt 0.287728 0.449119
vt 0.434509 0.291926
vt 0.405880 0.284241
vt 0.405880 0.252364
vt 0.434509 0.260050
vt 0.293031 0.449054
vt 0.293031 0.414416
vt 0.324140 0.415043
vt 0.324140 0.449682
vt 0.405880 0.304341
vt 0.434509 0.296655
vt 0.434509 0.328532
vt 0.405880 0.336217
vt 0.412075 0.392713
vt 0.412075 0.426724
vt 0.378983 0.424723
vt 0.378983 0.390712
vt 0.378983 0.385983
vt 0.378983 0.351972
vt 0.412075 0.349971
vt 0.412075 0.383982
vt 0.445347 0.334305
vt 0.445347 0.255877
vt 0.450375 0.257790
vt 0.450375 0.336217
vt 0.416804 0.440519
vt 0.416804 0.351056
vt 0.422995 0.351066
vt 0.422995 0.440530
vt 0.427403 0.349971
vt 0.427403 0.439434
vt 0.447459 0.429781
vt 0.447459 0.351354
vt 0.453569 0.351883
vt 0.453569 0.430311
vt 0.458597 0.349971
vt 0.458597 0.428398
vt 0.432131 0.439445
vt 0.432131 0.349981
vt 0.438322 0.349971
vt 0.438322 0.439434
vt 0.408187 0.488676
vt 0.402689 0.488452
vt 0.398801 0.483928
vt 0.398801 0.477757
vt 0.402689 0.473552
vt 0.408187 0.473777
vt 0.412075 0.478300
vt 0.412075 0.484471
vt 0.442730 0.351066
vt 0.442730 0.440530
vt 0.439237 0.334834
vt 0.439238 0.256407
vt 0.460950 0.492038
vt 0.455451 0.492263
vt 0.451563 0.488058
vt 0.451563 0.481886
vt 0.455451 0.477363
vt 0.460950 0.477138
vt 0.464838 0.481343
vt 0.464838 0.487515
vt 0.252364 0.409604
vt 0.252364 0.317218
vt 0.257016 0.317366
vt 0.257016 0.409752
vt 0.263194 0.317351
vt 0.263194 0.409738
vt 0.267280 0.317183
vt 0.267280 0.409569
vt 0.318015 0.388021
vt 0.318015 0.317183
vt 0.324140 0.317762
vt 0.324140 0.388600
vt 0.272812 0.409717
vt 0.272812 0.317331
vt 0.277464 0.317183
vt 0.277464 0.409569
vt 0.283642 0.317197
vt 0.283642 0.409584
vt 0.296847 0.495631
vt 0.293031 0.491267
vt 0.293031 0.485076
vt 0.296847 0.480684
vt 0.302242 0.480664
vt 0.306057 0.485028
vt 0.306057 0.491219
vt 0.302242 0.495611
vt 0.287728 0.317366
vt 0.287728 0.409752
vt 0.455104 0.327294
vt 0.455104 0.256456
vt 0.461229 0.255877
vt 0.461229 0.326715
vt 0.394072 0.484154
vt 0.390257 0.488518
vt 0.384861 0.488498
vt 0.381046 0.484106
vt 0.381046 0.477915
vt 0.384862 0.473552
vt 0.390257 0.473572
vt 0.394072 0.477963
vt 0.482653 0.447471
vt 0.484934 0.446099
vt 0.485211 0.446523
vt 0.483196 0.448303
vt 0.479033 0.416897
vt 0.479290 0.414496
vt 0.481601 0.415357
vt 0.481210 0.417707
vt 0.480257 0.448754
vt 0.481045 0.449963
vt 0.478568 0.419458
vt 0.480527 0.420187
vt 0.477838 0.449899
vt 0.478841 0.451438
vt 0.477914 0.422080
vt 0.479580 0.422701
vt 0.475489 0.450863
vt 0.476669 0.452672
vt 0.477095 0.424663
vt 0.478405 0.425151
vt 0.473300 0.451607
vt 0.474611 0.453617
vt 0.476144 0.427108
vt 0.477046 0.427444
vt 0.471355 0.452104
vt 0.472747 0.454238
vt 0.475096 0.429321
vt 0.475556 0.429492
vt 0.479330 0.412347
vt 0.479152 0.410534
vt 0.481463 0.411394
vt 0.481687 0.413225
vt 0.487013 0.444691
vt 0.347157 0.477277
vt 0.348952 0.478666
vt 0.348676 0.479091
vt 0.485552 0.446878
vt 0.348335 0.479445
vt 0.423887 0.466784
vt 0.421488 0.465514
vt 0.422439 0.463984
vt 0.424821 0.465283
vt 0.483864 0.448999
vt 0.483609 0.416512
vt 0.483101 0.418796
vt 0.482015 0.450972
vt 0.482230 0.421167
vt 0.480076 0.452723
vt 0.481028 0.423534
vt 0.478121 0.454183
vt 0.479542 0.425806
vt 0.476224 0.455296
vt 0.477829 0.427895
vt 0.419322 0.463881
vt 0.417473 0.461948
vt 0.418352 0.460534
vt 0.420255 0.462380
vt 0.475956 0.429722
vt 0.481494 0.453704
vt 0.479788 0.455337
vt 0.482201 0.424548
vt 0.480464 0.426603
vt 0.416804 0.458517
vt 0.417759 0.456992
vt 0.419414 0.458840
vt 0.478464 0.428444
vt 0.421382 0.460581
vt 0.476279 0.430002
vt 0.423588 0.462149
vt 0.485943 0.447149
vt 0.347944 0.479716
vt 0.425948 0.463484
vt 0.484632 0.449530
vt 0.427308 0.466229
vt 0.428370 0.464534
vt 0.483130 0.451743
vt 0.429806 0.466784
vt 0.430761 0.465259
vt 0.483609 0.422360
vt 0.424891 0.460082
vt 0.427225 0.461456
vt 0.486370 0.447325
vt 0.485470 0.449876
vt 0.429573 0.462624
vt 0.484346 0.452246
vt 0.431844 0.463539
vt 0.483042 0.454344
vt 0.433030 0.465631
vt 0.433951 0.464168
vt 0.481608 0.456089
vt 0.483055 0.425705
vt 0.481135 0.427511
vt 0.418842 0.455272
vt 0.420617 0.456929
vt 0.478926 0.429070
vt 0.422660 0.458553
vt 0.348418 0.482044
vt 0.347580 0.482390
vt 0.347517 0.479893
vt 0.483556 0.426958
vt 0.481529 0.428496
vt 0.420011 0.453425
vt 0.421916 0.454877
vt 0.347345 0.484673
vt 0.346074 0.484889
vt 0.346705 0.482539
vt 0.424038 0.456374
vt 0.347070 0.479969
vt 0.426296 0.457860
vt 0.486816 0.447401
vt 0.428604 0.459277
vt 0.486345 0.450025
vt 0.430871 0.460571
vt 0.485617 0.452462
vt 0.433013 0.461692
vt 0.484660 0.454619
vt 0.434945 0.462597
vt 0.417403 0.453646
vt 0.418397 0.452075
vt 0.487265 0.447373
vt 0.487225 0.449970
vt 0.430030 0.457030
vt 0.432215 0.458455
vt 0.486894 0.452383
vt 0.434222 0.459788
vt 0.486285 0.454518
vt 0.435974 0.460978
vt 0.419425 0.450456
vt 0.421220 0.451521
vt 0.345202 0.486928
vt 0.343577 0.486826
vt 0.344797 0.484809
vt 0.423260 0.452760
vt 0.345825 0.482484
vt 0.425465 0.454127
vt 0.346622 0.479941
vt 0.427751 0.455569
vt 0.422424 0.449632
vt 0.424597 0.450662
vt 0.343563 0.484437
vt 0.344975 0.482228
vt 0.426885 0.451900
vt 0.346189 0.479810
vt 0.429199 0.453298
vt 0.487698 0.447242
vt 0.431450 0.454803
vt 0.488074 0.449714
vt 0.433553 0.456356
vt 0.488127 0.452010
vt 0.435426 0.457899
vt 0.417943 0.449607
vt 0.418748 0.448345
vt 0.420449 0.448850
vt 0.436998 0.459372
vt 0.342006 0.486353
vt 0.432809 0.452680
vt 0.434833 0.454357
vt 0.469061 0.257722
vt 0.471429 0.256460
vt 0.471761 0.257137
vt 0.469543 0.258705
vt 0.436578 0.456100
vt 0.466970 0.259268
vt 0.467584 0.260519
vt 0.437977 0.457841
vt 0.421429 0.447319
vt 0.423576 0.447832
vt 0.340551 0.485525
vt 0.342420 0.483786
vt 0.425877 0.448662
vt 0.344188 0.481779
vt 0.428244 0.449777
vt 0.345787 0.479581
vt 0.430584 0.451134
vt 0.488099 0.447014
vt 0.488862 0.449266
vt 0.341411 0.482882
vt 0.343493 0.481157
vt 0.427051 0.446838
vt 0.429489 0.447840
vt 0.345433 0.479264
vt 0.431854 0.449159
vt 0.488454 0.446696
vt 0.434055 0.450743
vt 0.474152 0.255877
vt 0.474416 0.256195
vt 0.472279 0.257761
vt 0.436006 0.452532
vt 0.470295 0.259611
vt 0.437634 0.454457
vt 0.468541 0.261672
vt 0.338654 0.486928
vt 0.337144 0.485575
vt 0.339267 0.484374
vt 0.465958 0.262511
vt 0.467083 0.263866
vt 0.424632 0.446190
vt 0.335123 0.486439
vt 0.333733 0.484573
vt 0.335893 0.483896
vt 0.471288 0.260404
vt 0.469804 0.262681
vt 0.338203 0.482946
vt 0.468569 0.265053
vt 0.340575 0.481760
vt 0.465979 0.266109
vt 0.467630 0.267428
vt 0.342917 0.480384
vt 0.428072 0.445259
vt 0.430573 0.446164
vt 0.345139 0.478870
vt 0.432960 0.447450
vt 0.488747 0.446302
vt 0.435139 0.449067
vt 0.474765 0.256473
vt 0.472963 0.258308
vt 0.437028 0.450953
vt 0.342483 0.479490
vt 0.344918 0.478414
vt 0.466771 0.271823
vt 0.467023 0.269714
vt 0.469134 0.270861
vt 0.468923 0.272994
vt 0.488969 0.445847
vt 0.433858 0.446072
vt 0.436020 0.447716
vt 0.475185 0.256702
vt 0.473787 0.258755
vt 0.331806 0.484952
vt 0.330693 0.482661
vt 0.332685 0.482415
vt 0.472484 0.261054
vt 0.334950 0.481954
vt 0.471326 0.263509
vt 0.337401 0.481295
vt 0.470359 0.266026
vt 0.339944 0.480463
vt 0.469618 0.268509
vt 0.473836 0.261536
vt 0.473047 0.264123
vt 0.334350 0.479824
vt 0.336891 0.479483
vt 0.472383 0.266748
vt 0.339544 0.479040
vt 0.471867 0.269311
vt 0.342207 0.478510
vt 0.471521 0.271713
vt 0.344777 0.477915
vt 0.471358 0.273862
vt 0.489109 0.445347
vt 0.468995 0.274824
vt 0.471383 0.275675
vt 0.475660 0.256871
vt 0.474718 0.259087
vt 0.329986 0.480149
vt 0.332018 0.480049
vt 0.474094 0.272235
vt 0.473981 0.274394
vt 0.489164 0.444822
vt 0.344722 0.477390
vt 0.473956 0.276197
vt 0.476172 0.256975
vt 0.475722 0.259291
vt 0.329710 0.477512
vt 0.331759 0.477565
vt 0.475294 0.261832
vt 0.334116 0.477588
vt 0.474902 0.264499
vt 0.336692 0.477582
vt 0.474564 0.267190
vt 0.339388 0.477546
vt 0.474291 0.269802
vt 0.342099 0.477481
vt 0.334258 0.475333
vt 0.336813 0.475664
vt 0.476820 0.264623
vt 0.476818 0.267337
vt 0.339482 0.476038
vt 0.476796 0.269965
vt 0.342165 0.476443
vt 0.476753 0.272407
vt 0.344756 0.476861
vt 0.476692 0.274570
vt 0.489131 0.444293
vt 0.476615 0.276369
vt 0.476701 0.257009
vt 0.476760 0.259359
vt 0.329878 0.474851
vt 0.331916 0.475058
vt 0.476800 0.261930
vt 0.489011 0.443779
vt 0.344876 0.476347
vt 0.479387 0.274383
vt 0.479258 0.276186
vt 0.477226 0.256973
vt 0.477791 0.259287
vt 0.330482 0.472269
vt 0.332485 0.472626
vt 0.478297 0.261826
vt 0.334770 0.473144
vt 0.478725 0.264491
vt 0.337248 0.473802
vt 0.479059 0.267181
vt 0.339825 0.474576
vt 0.479286 0.269792
vt 0.342400 0.475435
vt 0.479397 0.272224
vt 0.480546 0.264108
vt 0.481200 0.266730
vt 0.337982 0.472068
vt 0.340401 0.473214
vt 0.481665 0.269291
vt 0.342797 0.474497
vt 0.481922 0.271692
vt 0.345078 0.475869
vt 0.481963 0.273841
vt 0.488808 0.443301
vt 0.481784 0.275654
vt 0.477729 0.256867
vt 0.478777 0.259079
vt 0.331499 0.469864
vt 0.333444 0.470361
vt 0.479728 0.261525
vt 0.335633 0.471105
vt 0.484319 0.272963
vt 0.484095 0.274794
vt 0.478189 0.256696
vt 0.479678 0.258744
vt 0.332891 0.467730
vt 0.334755 0.468350
vt 0.481037 0.261037
vt 0.336813 0.469296
vt 0.482213 0.263487
vt 0.338985 0.470530
vt 0.483160 0.266001
vt 0.341189 0.472005
vt 0.483842 0.268481
vt 0.343340 0.473664
vt 0.484234 0.270831
vt 0.345355 0.475444
vt 0.488531 0.442877
vt 0.340220 0.469245
vt 0.342159 0.470995
vt 0.484862 0.265021
vt 0.485734 0.267392
vt 0.344008 0.472969
vt 0.486242 0.269676
vt 0.345696 0.475090
vt 0.468009 0.351241
vt 0.470409 0.349971
vt 0.471342 0.351472
vt 0.468961 0.352771
vt 0.488191 0.442522
vt 0.465843 0.352874
vt 0.466777 0.354374
vt 0.478588 0.256466
vt 0.480462 0.258293
vt 0.463995 0.354807
vt 0.464874 0.356220
vt 0.482174 0.260382
vt 0.336368 0.466672
vt 0.338264 0.467785
vt 0.483660 0.262654
vt 0.467904 0.356173
vt 0.465936 0.357915
vt 0.481097 0.257744
vt 0.483096 0.259585
vt 0.463325 0.358238
vt 0.464281 0.359763
vt 0.484833 0.261640
vt 0.339932 0.466631
vt 0.341638 0.468264
vt 0.486242 0.263828
vt 0.343274 0.470224
vt 0.473830 0.350526
vt 0.476328 0.349971
vt 0.477283 0.351496
vt 0.474892 0.352221
vt 0.344776 0.472438
vt 0.472469 0.353271
vt 0.346087 0.474819
vt 0.470110 0.354605
vt 0.487800 0.442252
vt 0.478912 0.256186
vt 0.344490 0.469721
vt 0.345614 0.472091
vt 0.476095 0.354131
vt 0.473747 0.355299
vt 0.346514 0.474643
vt 0.471412 0.356673
vt 0.487373 0.442075
vt 0.469181 0.358202
vt 0.488274 0.439924
vt 0.487436 0.439577
vt 0.467139 0.359825
vt 0.481559 0.257118
vt 0.483767 0.258677
vt 0.465364 0.361482
vt 0.485687 0.260483
vt 0.341752 0.465878
vt 0.343186 0.467623
vt 0.479552 0.351124
vt 0.480473 0.352586
vt 0.478366 0.353215
vt 0.487201 0.437295
vt 0.486561 0.439429
vt 0.485930 0.437079
vt 0.468437 0.361878
vt 0.466532 0.363330
vt 0.484161 0.257692
vt 0.486189 0.259230
vt 0.463924 0.363108
vt 0.464918 0.364679
vt 0.481467 0.354158
vt 0.479534 0.355063
vt 0.344804 0.467349
vt 0.345761 0.469505
vt 0.477393 0.356184
vt 0.346489 0.471943
vt 0.475125 0.357478
vt 0.346960 0.474567
vt 0.472818 0.358895
vt 0.486926 0.441999
vt 0.470560 0.360381
vt 0.478737 0.358300
vt 0.476552 0.359724
vt 0.347369 0.471998
vt 0.347409 0.474595
vt 0.474272 0.361185
vt 0.486478 0.442027
vt 0.471986 0.362627
vt 0.485681 0.439484
vt 0.469781 0.363994
vt 0.484653 0.437159
vt 0.467742 0.365234
vt 0.485058 0.435040
vt 0.483433 0.435141
vt 0.465947 0.366299
vt 0.482495 0.355777
vt 0.480744 0.356967
vt 0.346429 0.467450
vt 0.347038 0.469585
vt 0.471119 0.366093
vt 0.468946 0.367123
vt 0.483419 0.437531
vt 0.481862 0.435615
vt 0.466971 0.367905
vt 0.483519 0.357383
vt 0.481948 0.358856
vt 0.464465 0.367148
vt 0.465269 0.368410
vt 0.480075 0.360398
vt 0.348271 0.469957
vt 0.348219 0.472254
vt 0.477972 0.361952
vt 0.347842 0.474725
vt 0.475720 0.363457
vt 0.486045 0.442158
vt 0.473406 0.364855
vt 0.484831 0.439740
vt 0.349006 0.472702
vt 0.348244 0.474954
vt 0.479331 0.364075
vt 0.477106 0.365621
vt 0.485643 0.442386
vt 0.474765 0.366978
vt 0.484044 0.440188
vt 0.472399 0.368092
vt 0.482276 0.438181
vt 0.470098 0.368922
vt 0.480407 0.436443
vt 0.467950 0.369435
vt 0.484499 0.358914
vt 0.483100 0.360655
vt 0.466429 0.428466
vt 0.464338 0.426920
vt 0.464951 0.425669
vt 0.466911 0.427483
vt 0.481355 0.362398
vt 0.468797 0.429728
vt 0.469129 0.429051
vt 0.481267 0.439085
vt 0.479123 0.437593
vt 0.463325 0.423677
vt 0.464451 0.422322
vt 0.465908 0.424516
vt 0.478510 0.435040
vt 0.477000 0.436392
vt 0.467663 0.426577
vt 0.484156 0.362297
vt 0.482528 0.364222
vt 0.469647 0.428427
vt 0.480576 0.366012
vt 0.471520 0.430311
vt 0.471784 0.429993
vt 0.478376 0.367596
vt 0.485289 0.442704
vt 0.348598 0.475271
vt 0.476011 0.368915
vt 0.483349 0.440811
vt 0.473572 0.369917
vt 0.471153 0.370564
vt 0.481660 0.367688
vt 0.479481 0.369305
vt 0.484995 0.443098
vt 0.348891 0.475665
vt 0.477095 0.370591
vt 0.482773 0.441584
vt 0.474593 0.371496
vt 0.480431 0.440207
vt 0.463346 0.420079
vt 0.464997 0.418760
vt 0.465937 0.421135
vt 0.478059 0.439022
vt 0.467172 0.423507
vt 0.475749 0.438072
vt 0.468655 0.425784
vt 0.474979 0.435528
vt 0.473589 0.437394
vt 0.470331 0.427880
vt 0.483549 0.365801
vt 0.472133 0.429715
vt 0.467726 0.420162
vt 0.468694 0.422679
vt 0.477257 0.440673
vt 0.474806 0.440014
vt 0.469851 0.425134
vt 0.472541 0.439552
vt 0.471154 0.427433
vt 0.471662 0.437016
vt 0.470549 0.439306
vt 0.472553 0.429486
vt 0.482542 0.369039
vt 0.480380 0.370683
vt 0.484774 0.443553
vt 0.349113 0.476121
vt 0.464390 0.416474
vt 0.464139 0.414365
vt 0.466291 0.413194
vt 0.466501 0.415327
vt 0.482339 0.442478
vt 0.466986 0.417679
vt 0.479801 0.441505
vt 0.349254 0.476621
vt 0.468725 0.412326
vt 0.468889 0.414475
vt 0.484633 0.444053
vt 0.482063 0.443458
vt 0.469235 0.416877
vt 0.479400 0.442928
vt 0.469750 0.419440
vt 0.476747 0.442484
vt 0.470415 0.422065
vt 0.474206 0.442143
vt 0.471204 0.424652
vt 0.471874 0.441919
vt 0.472086 0.427100
vt 0.469842 0.441819
vt 0.473028 0.429317
vt 0.466363 0.411364
vt 0.468750 0.410513
vt 0.472270 0.421689
vt 0.472661 0.424356
vt 0.473972 0.444379
vt 0.471615 0.444403
vt 0.473090 0.426897
vt 0.469566 0.444456
vt 0.473539 0.429213
vt 0.471323 0.409991
vt 0.471349 0.411794
vt 0.484578 0.444578
vt 0.349308 0.477145
vt 0.471462 0.413953
vt 0.481955 0.444487
vt 0.471659 0.416386
vt 0.479244 0.444422
vt 0.471932 0.418998
vt 0.476548 0.444386
vt 0.484612 0.445107
vt 0.482021 0.445525
vt 0.474121 0.413781
vt 0.474164 0.416223
vt 0.479339 0.445929
vt 0.474186 0.418851
vt 0.476669 0.446304
vt 0.474187 0.421565
vt 0.474114 0.446635
vt 0.474167 0.424258
vt 0.471772 0.446909
vt 0.474127 0.426829
vt 0.469734 0.447117
vt 0.474068 0.429179
vt 0.473983 0.409819
vt 0.474060 0.411618
vt 0.349275 0.477675
vt 0.474626 0.448824
vt 0.472341 0.449342
vt 0.475665 0.424362
vt 0.475159 0.426901
vt 0.470338 0.449699
vt 0.474594 0.429215
vt 0.476626 0.410002
vt 0.476755 0.411805
vt 0.484732 0.445621
vt 0.349155 0.478188
vt 0.476764 0.413964
vt 0.482256 0.446533
vt 0.476653 0.416396
vt 0.479681 0.447392
vt 0.476427 0.419007
vt 0.477104 0.448166
vt 0.476093 0.421697
vt 0.481665 0.288177
vt 0.481923 0.285776
vt 0.484234 0.286636
vt 0.483842 0.288987
vt 0.367298 0.479966
vt 0.369694 0.478683
vt 0.370237 0.479516
vt 0.368086 0.481175
vt 0.481200 0.290737
vt 0.483160 0.291467
vt 0.364879 0.481112
vt 0.365882 0.482650
vt 0.480546 0.293360
vt 0.482213 0.293980
vt 0.362530 0.482075
vt 0.363709 0.483884
vt 0.479728 0.295943
vt 0.481037 0.296431
vt 0.360341 0.482819
vt 0.361652 0.484829
vt 0.478777 0.298388
vt 0.479678 0.298724
vt 0.358396 0.483316
vt 0.359788 0.485450
vt 0.477729 0.300601
vt 0.478189 0.300772
vt 0.481963 0.283627
vt 0.481784 0.281814
vt 0.484095 0.282674
vt 0.484319 0.284505
vt 0.371975 0.477311
vt 0.374053 0.475903
vt 0.372252 0.477736
vt 0.483404 0.317718
vt 0.485200 0.319108
vt 0.484923 0.319532
vt 0.484583 0.319887
vt 0.300115 0.475936
vt 0.297715 0.474666
vt 0.298667 0.473135
vt 0.301049 0.474435
vt 0.372592 0.478090
vt 0.370905 0.480211
vt 0.486242 0.287792
vt 0.485734 0.290076
vt 0.369056 0.482185
vt 0.484862 0.292447
vt 0.367117 0.483935
vt 0.483660 0.294814
vt 0.365161 0.485395
vt 0.482174 0.297085
vt 0.363265 0.486508
vt 0.480462 0.299175
vt 0.295549 0.473033
vt 0.293701 0.471100
vt 0.294580 0.469686
vt 0.296483 0.471532
vt 0.478588 0.301002
vt 0.484833 0.295828
vt 0.483096 0.297882
vt 0.293032 0.467669
vt 0.293987 0.466143
vt 0.295641 0.467991
vt 0.481097 0.299724
vt 0.297610 0.469733
vt 0.478912 0.301282
vt 0.299816 0.471301
vt 0.372984 0.478361
vt 0.484191 0.320158
vt 0.302175 0.472636
vt 0.371673 0.480742
vt 0.303536 0.475380
vt 0.304597 0.473686
vt 0.370171 0.482956
vt 0.306034 0.475936
vt 0.306989 0.474410
vt 0.368535 0.484916
vt 0.486242 0.293640
vt 0.366829 0.486549
vt 0.373411 0.478537
vt 0.372510 0.481089
vt 0.303453 0.470608
vt 0.305801 0.471775
vt 0.371387 0.483459
vt 0.308072 0.472691
vt 0.370083 0.485557
vt 0.309258 0.474782
vt 0.310179 0.473320
vt 0.368649 0.487302
vt 0.485687 0.296984
vt 0.483767 0.298791
vt 0.295070 0.464424
vt 0.296845 0.466081
vt 0.481559 0.300350
vt 0.298887 0.467705
vt 0.484665 0.322485
vt 0.483828 0.322832
vt 0.483764 0.320334
vt 0.301118 0.469233
vt 0.296238 0.462577
vt 0.298143 0.464028
vt 0.483592 0.325114
vt 0.482321 0.325330
vt 0.482952 0.322980
vt 0.300266 0.465526
vt 0.483318 0.320410
vt 0.302524 0.467011
vt 0.373857 0.478613
vt 0.304831 0.468428
vt 0.373386 0.481237
vt 0.307099 0.469722
vt 0.372657 0.483675
vt 0.309240 0.470844
vt 0.371700 0.485831
vt 0.311173 0.471749
vt 0.293630 0.462798
vt 0.294624 0.461227
vt 0.486189 0.298238
vt 0.484161 0.299776
vt 0.306258 0.466182
vt 0.308443 0.467606
vt 0.374265 0.481182
vt 0.373934 0.483595
vt 0.310450 0.468939
vt 0.373326 0.485730
vt 0.312201 0.470129
vt 0.295653 0.459607
vt 0.297448 0.460672
vt 0.481450 0.327369
vt 0.479824 0.327268
vt 0.481045 0.325250
vt 0.299487 0.461912
vt 0.482073 0.322925
vt 0.301692 0.463279
vt 0.482870 0.320382
vt 0.303978 0.464721
vt 0.374305 0.478585
vt 0.479811 0.324878
vt 0.481223 0.322669
vt 0.300825 0.459814
vt 0.303112 0.461052
vt 0.482436 0.320251
vt 0.305426 0.462450
vt 0.374739 0.478454
vt 0.307678 0.463954
vt 0.375115 0.480926
vt 0.309781 0.465508
vt 0.375168 0.483222
vt 0.311654 0.467051
vt 0.294171 0.458759
vt 0.294975 0.457497
vt 0.296677 0.458001
vt 0.313225 0.468523
vt 0.298652 0.458784
vt 0.478254 0.326794
vt 0.466429 0.378069
vt 0.468797 0.376808
vt 0.469129 0.377485
vt 0.466911 0.379053
vt 0.311061 0.463508
vt 0.312806 0.465251
vt 0.464338 0.379615
vt 0.464951 0.380867
vt 0.314205 0.466993
vt 0.297656 0.456471
vt 0.299804 0.456984
vt 0.476799 0.325966
vt 0.478667 0.324228
vt 0.302105 0.457814
vt 0.480435 0.322221
vt 0.304471 0.458929
vt 0.482035 0.320023
vt 0.306812 0.460285
vt 0.375140 0.478226
vt 0.309037 0.461831
vt 0.375903 0.480478
vt 0.303278 0.455989
vt 0.305717 0.456992
vt 0.479740 0.321598
vt 0.481681 0.319705
vt 0.308082 0.458310
vt 0.375494 0.477909
vt 0.310282 0.459895
vt 0.471520 0.376225
vt 0.471784 0.376543
vt 0.469647 0.378109
vt 0.312234 0.461684
vt 0.467663 0.379958
vt 0.313862 0.463609
vt 0.465908 0.382020
vt 0.474902 0.327369
vt 0.473392 0.326017
vt 0.475515 0.324816
vt 0.463325 0.382858
vt 0.464451 0.384214
vt 0.477658 0.323324
vt 0.300860 0.455342
vt 0.471371 0.326881
vt 0.469981 0.325015
vt 0.472141 0.324337
vt 0.468655 0.380752
vt 0.467172 0.383029
vt 0.474451 0.323387
vt 0.465937 0.385401
vt 0.476823 0.322202
vt 0.463346 0.386456
vt 0.464997 0.387775
vt 0.479165 0.320825
vt 0.304299 0.454410
vt 0.306801 0.455316
vt 0.481387 0.319311
vt 0.309187 0.456601
vt 0.375788 0.477515
vt 0.311366 0.458218
vt 0.472133 0.376821
vt 0.470331 0.378655
vt 0.313255 0.460105
vt 0.478730 0.319932
vt 0.481166 0.318856
vt 0.464139 0.392171
vt 0.464390 0.390061
vt 0.466501 0.391209
vt 0.466291 0.393341
vt 0.376009 0.477059
vt 0.310086 0.455224
vt 0.312248 0.456867
vt 0.472553 0.377049
vt 0.471154 0.379103
vt 0.468054 0.325393
vt 0.466941 0.323103
vt 0.468932 0.322857
vt 0.469851 0.381402
vt 0.471197 0.322395
vt 0.468694 0.383857
vt 0.473649 0.321736
vt 0.467726 0.386374
vt 0.476192 0.320904
vt 0.466986 0.388857
vt 0.470597 0.320266
vt 0.473138 0.319925
vt 0.470415 0.384470
vt 0.469750 0.387095
vt 0.475791 0.319481
vt 0.469235 0.389658
vt 0.478454 0.318951
vt 0.468889 0.392060
vt 0.481025 0.318356
vt 0.468725 0.394209
vt 0.376150 0.476559
vt 0.466363 0.395171
vt 0.468750 0.396022
vt 0.473028 0.377219
vt 0.472086 0.379435
vt 0.466233 0.320590
vt 0.468266 0.320490
vt 0.471204 0.381884
vt 0.376205 0.476035
vt 0.480970 0.317831
vt 0.471349 0.394742
vt 0.471323 0.396545
vt 0.473539 0.377323
vt 0.473090 0.379639
vt 0.465958 0.317953
vt 0.468006 0.318006
vt 0.472661 0.382180
vt 0.470364 0.318030
vt 0.472270 0.384847
vt 0.472940 0.318023
vt 0.471932 0.387538
vt 0.475635 0.317987
vt 0.471659 0.390150
vt 0.478347 0.317922
vt 0.471462 0.392582
vt 0.474187 0.384971
vt 0.474186 0.387684
vt 0.473061 0.316105
vt 0.475730 0.316480
vt 0.474164 0.390313
vt 0.478412 0.316884
vt 0.474121 0.392755
vt 0.481004 0.317302
vt 0.474060 0.394918
vt 0.376172 0.475505
vt 0.473982 0.396717
vt 0.474068 0.377357
vt 0.474127 0.379706
vt 0.466125 0.315292
vt 0.468164 0.315500
vt 0.474167 0.382277
vt 0.470506 0.315774
vt 0.476755 0.394731
vt 0.476626 0.396534
vt 0.474594 0.377321
vt 0.475159 0.379635
vt 0.466730 0.312710
vt 0.468733 0.313067
vt 0.475665 0.382174
vt 0.471018 0.313585
vt 0.476093 0.384839
vt 0.473496 0.314243
vt 0.476427 0.387529
vt 0.476072 0.315017
vt 0.476653 0.390140
vt 0.478648 0.315876
vt 0.476764 0.392572
vt 0.481124 0.316788
vt 0.376051 0.474992
vt 0.474230 0.312510
vt 0.476649 0.313655
vt 0.478568 0.387078
vt 0.479033 0.389639
vt 0.479045 0.314938
vt 0.479290 0.392040
vt 0.481326 0.316310
vt 0.479330 0.394188
vt 0.375849 0.474513
vt 0.479152 0.396002
vt 0.475096 0.377215
vt 0.476144 0.379427
vt 0.467747 0.310305
vt 0.469692 0.310802
vt 0.477095 0.381872
vt 0.471881 0.311546
vt 0.477914 0.384455
vt 0.475556 0.377043
vt 0.477046 0.379092
vt 0.469139 0.308171
vt 0.471003 0.308792
vt 0.478405 0.381385
vt 0.473060 0.309737
vt 0.479580 0.383835
vt 0.475233 0.310971
vt 0.480527 0.386348
vt 0.477437 0.312446
vt 0.481210 0.388828
vt 0.479588 0.314106
vt 0.481601 0.391179
vt 0.481603 0.315886
vt 0.481687 0.393311
vt 0.375572 0.474089
vt 0.481463 0.395141
vt 0.482230 0.385369
vt 0.483101 0.387739
vt 0.478407 0.311437
vt 0.480256 0.313410
vt 0.483609 0.390023
vt 0.481944 0.315531
vt 0.271238 0.455746
vt 0.273638 0.454476
vt 0.274571 0.455977
vt 0.272190 0.457276
vt 0.375232 0.473734
vt 0.269072 0.457379
vt 0.270006 0.458880
vt 0.475956 0.376814
vt 0.477829 0.378640
vt 0.267224 0.459312
vt 0.268103 0.460726
vt 0.479542 0.380730
vt 0.472616 0.307113
vt 0.474512 0.308226
vt 0.481028 0.383002
vt 0.476468 0.309686
vt 0.271133 0.460679
vt 0.269164 0.462420
vt 0.478464 0.378092
vt 0.480464 0.379933
vt 0.266554 0.462743
vt 0.267510 0.464268
vt 0.482201 0.381987
vt 0.476180 0.307072
vt 0.477886 0.308705
vt 0.483609 0.384176
vt 0.479522 0.310666
vt 0.277059 0.455031
vt 0.279556 0.454476
vt 0.280512 0.456001
vt 0.278120 0.456726
vt 0.481024 0.312879
vt 0.275698 0.457776
vt 0.482335 0.315260
vt 0.273339 0.459110
vt 0.374840 0.473464
vt 0.476279 0.376534
vt 0.480738 0.310163
vt 0.481861 0.312533
vt 0.279324 0.458636
vt 0.276976 0.459804
vt 0.482762 0.315084
vt 0.274641 0.461178
vt 0.374413 0.473287
vt 0.272410 0.462707
vt 0.375314 0.471136
vt 0.374477 0.470790
vt 0.270368 0.464331
vt 0.478926 0.377466
vt 0.481135 0.379025
vt 0.268593 0.465987
vt 0.483055 0.380831
vt 0.478000 0.306320
vt 0.479434 0.308065
vt 0.282781 0.455629
vt 0.283702 0.457092
vt 0.281595 0.457720
vt 0.271666 0.466383
vt 0.269761 0.467835
vt 0.481529 0.378040
vt 0.483556 0.379577
vt 0.267153 0.467613
vt 0.268147 0.469184
vt 0.284696 0.458663
vt 0.282763 0.459568
vt 0.481051 0.307790
vt 0.482008 0.309947
vt 0.280622 0.460689
vt 0.482737 0.312384
vt 0.278354 0.461983
vt 0.483208 0.315008
vt 0.276047 0.463400
vt 0.373967 0.473211
vt 0.273788 0.464886
vt 0.373601 0.470641
vt 0.374241 0.468507
vt 0.372970 0.468291
vt 0.483616 0.312439
vt 0.483656 0.315036
vt 0.279781 0.464230
vt 0.277501 0.465691
vt 0.373519 0.473239
vt 0.275215 0.467132
vt 0.372722 0.470696
vt 0.273010 0.468500
vt 0.371694 0.468371
vt 0.270971 0.469739
vt 0.372099 0.466252
vt 0.370473 0.466353
vt 0.269176 0.470804
vt 0.285724 0.460282
vt 0.283973 0.461472
vt 0.482676 0.307891
vt 0.483285 0.310026
vt 0.281966 0.462805
vt 0.370460 0.468743
vt 0.368903 0.466827
vt 0.272175 0.471628
vt 0.270200 0.472410
vt 0.286748 0.461888
vt 0.285177 0.463361
vt 0.267694 0.471653
vt 0.268498 0.472915
vt 0.283304 0.464903
vt 0.484519 0.310399
vt 0.484466 0.312695
vt 0.281201 0.466457
vt 0.484090 0.315167
vt 0.278949 0.467962
vt 0.373085 0.473370
vt 0.276635 0.469360
vt 0.371872 0.470952
vt 0.274348 0.470598
vt 0.282560 0.468580
vt 0.280335 0.470126
vt 0.372684 0.473598
vt 0.484491 0.315395
vt 0.277994 0.471483
vt 0.371084 0.471400
vt 0.275628 0.472598
vt 0.369316 0.469394
vt 0.273327 0.473428
vt 0.367448 0.467655
vt 0.271179 0.473941
vt 0.287728 0.463419
vt 0.286329 0.465160
vt 0.469061 0.299746
vt 0.466970 0.298200
vt 0.467584 0.296948
vt 0.469543 0.298763
vt 0.284584 0.466903
vt 0.471429 0.301008
vt 0.471761 0.300330
vt 0.485254 0.313143
vt 0.465958 0.294957
vt 0.467083 0.293601
vt 0.468540 0.295796
vt 0.365551 0.466252
vt 0.366164 0.468805
vt 0.364041 0.467604
vt 0.470295 0.297857
vt 0.287385 0.466802
vt 0.285757 0.468728
vt 0.472279 0.299706
vt 0.283805 0.470517
vt 0.474152 0.301591
vt 0.474416 0.301273
vt 0.281605 0.472101
vt 0.372330 0.473916
vt 0.484846 0.315713
vt 0.279240 0.473420
vt 0.370389 0.472023
vt 0.276801 0.474422
vt 0.368307 0.470297
vt 0.274383 0.475069
vt 0.372036 0.474310
vt 0.485139 0.316107
vt 0.282710 0.473810
vt 0.280324 0.475096
vt 0.369814 0.472796
vt 0.277822 0.476001
vt 0.367472 0.471420
vt 0.465979 0.291359
vt 0.467630 0.290040
vt 0.468569 0.292415
vt 0.365100 0.470234
vt 0.469804 0.294786
vt 0.362790 0.469284
vt 0.471288 0.297064
vt 0.362020 0.466740
vt 0.360630 0.468607
vt 0.472963 0.299160
vt 0.286778 0.470307
vt 0.284889 0.472193
vt 0.474765 0.300994
vt 0.364298 0.471885
vt 0.361846 0.471226
vt 0.471326 0.293959
vt 0.472484 0.296414
vt 0.359581 0.470764
vt 0.473787 0.298712
vt 0.358703 0.468228
vt 0.357590 0.470519
vt 0.475185 0.300766
vt 0.285771 0.473544
vt 0.283609 0.475188
vt 0.371815 0.474766
vt 0.485360 0.316562
vt 0.467023 0.287754
vt 0.466771 0.285644
vt 0.468923 0.284474
vt 0.469134 0.286606
vt 0.369379 0.473690
vt 0.469618 0.288959
vt 0.366841 0.472717
vt 0.470359 0.291442
vt 0.471358 0.283606
vt 0.471521 0.285755
vt 0.371674 0.475265
vt 0.369103 0.474670
vt 0.471867 0.288157
vt 0.366440 0.474140
vt 0.472383 0.290720
vt 0.363787 0.473697
vt 0.473048 0.293345
vt 0.361246 0.473356
vt 0.473836 0.295931
vt 0.358915 0.473131
vt 0.474718 0.298380
vt 0.356882 0.473031
vt 0.475660 0.300597
vt 0.468995 0.282644
vt 0.471383 0.281793
vt 0.485501 0.317062
vt 0.474902 0.292969
vt 0.475294 0.295636
vt 0.361013 0.475591
vt 0.358655 0.475615
vt 0.475722 0.298176
vt 0.356607 0.475668
vt 0.476172 0.300493
vt 0.473956 0.281271
vt 0.473981 0.283074
vt 0.371619 0.475790
vt 0.485556 0.317587
vt 0.474094 0.285233
vt 0.368996 0.475699
vt 0.474291 0.287665
vt 0.366284 0.475634
vt 0.474564 0.290277
vt 0.363589 0.475598
vt 0.476753 0.285060
vt 0.476796 0.287503
vt 0.369061 0.476737
vt 0.366379 0.477141
vt 0.476818 0.290131
vt 0.363710 0.477516
vt 0.476820 0.292844
vt 0.361155 0.477847
vt 0.476800 0.295538
vt 0.358813 0.478122
vt 0.476760 0.298109
vt 0.356774 0.478329
vt 0.476701 0.300458
vt 0.476615 0.281098
vt 0.476692 0.282898
vt 0.371652 0.476319
vt 0.485523 0.318116
vt 0.478297 0.295642
vt 0.477791 0.298181
vt 0.359382 0.480554
vt 0.357379 0.480911
vt 0.477226 0.300495
vt 0.479258 0.281281
vt 0.479387 0.283085
vt 0.371773 0.476833
vt 0.485402 0.318630
vt 0.479397 0.285244
vt 0.369297 0.477745
vt 0.479286 0.287675
vt 0.366721 0.478604
vt 0.479059 0.290286
vt 0.364145 0.479378
vt 0.478725 0.292976
vt 0.361667 0.480036
vt 0.089844 0.894531
vt 0.074219 0.937500
vt 0.046875 0.933594
vt 0.425781 0.890625
vt 0.386719 0.941406
vt 0.378906 0.898438
vt 0.195312 0.949219
vt 0.175781 0.921875
vt 0.214844 0.921875
vt 0.175781 0.894531
vt 0.230469 0.898438
vt 0.359375 0.992188
vt 0.394531 0.964844
vt 0.371094 0.972656
vt 0.351562 0.972656
vt 0.312500 0.968750
vt 0.003906 1.000000
vt 0.003906 0.972656
vt 0.042969 0.972656
vt 0.449219 0.937500
vt 0.406250 0.945312
vt 0.003906 0.933594
vt 0.472656 0.882812
vt 0.417969 0.886719
vt 0.003906 0.894531
vt 0.050781 0.894531
vt 0.421875 0.828125
vt 0.492188 0.824219
vt 0.050781 0.863281
vt 0.003906 0.863281
vt 0.335938 0.941406
vt 0.289062 0.937500
vt 0.320312 0.902344
vt 0.269531 0.894531
vt 0.429688 0.835938
vt 0.097656 0.863281
vt 0.371094 0.839844
vt 0.308594 0.843750
vt 0.250000 0.847656
vt 0.265625 0.613281
vt 0.261719 0.566406
vt 0.273438 0.609375
vt 0.269531 0.566406
vt 0.296875 0.617188
vt 0.296875 0.625000
vt 0.332031 0.566406
vt 0.347656 0.562500
vt 0.332031 0.605469
vt 0.347656 0.613281
vt 0.300781 0.609375
vt 0.281250 0.597656
vt 0.277344 0.566406
vt 0.300781 0.566406
vt 0.312500 0.597656
vt 0.312500 0.566406
vt 0.273438 0.519531
vt 0.265625 0.511719
vt 0.296875 0.507812
vt 0.296875 0.515625
vt 0.343750 0.519531
vt 0.335938 0.523438
vt 0.281250 0.542969
vt 0.300781 0.535156
vt 0.312500 0.539062
vt 0.468750 0.609375
vt 0.468750 0.585938
vt 0.476562 0.609375
vt 0.476562 0.585938
vt 0.492188 0.609375
vt 0.492188 0.589844
vt 0.097656 0.714844
vt 0.074219 0.714844
vt 0.093750 0.691406
vt 0.074219 0.687500
vt 0.062500 0.695312
vt 0.066406 0.714844
vt 0.066406 0.726562
vt 0.074219 0.730469
vt 0.089844 0.730469
vt 0.007812 0.652344
vt 0.003906 0.652344
vt 0.011719 0.640625
vt 0.003906 0.640625
vt 0.003906 0.679688
vt 0.011719 0.667969
vt 0.019531 0.628906
vt 0.011719 0.632812
vt 0.003906 0.625000
vt 0.003906 0.632812
vt 0.019531 0.640625
vt 0.105469 0.714844
vt 0.105469 0.671875
vt 0.121094 0.714844
vt 0.078125 0.664062
vt 0.148438 0.550781
vt 0.140625 0.550781
vt 0.148438 0.539062
vt 0.140625 0.539062
vt 0.101562 0.550781
vt 0.101562 0.539062
vt 0.050781 0.527344
vt 0.050781 0.535156
vt 0.003906 0.519531
vt 0.003906 0.527344
vt 0.156250 0.621094
vt 0.136719 0.597656
vt 0.117188 0.570312
vt 0.156250 0.652344
vt 0.136719 0.753906
vt 0.148438 0.695312
vt 0.144531 0.753906
vt 0.136719 0.703125
vt 0.156250 0.683594
vt 0.082031 0.808594
vt 0.101562 0.757812
vt 0.066406 0.792969
vt 0.082031 0.761719
vt 0.144531 0.644531
vt 0.117188 0.617188
vt 0.019531 0.710938
vt 0.023438 0.683594
vt 0.054688 0.667969
vt 0.062500 0.730469
vt 0.058594 0.707031
vt 0.097656 0.734375
vt 0.074219 0.734375
vt 0.003906 0.601562
vt 0.015625 0.601562
vt 0.003906 0.617188
vt 0.023438 0.625000
vt 0.003906 0.546875
vt 0.039062 0.550781
vt 0.003906 0.566406
vt 0.019531 0.566406
vt 0.003906 0.714844
vt 0.011719 0.738281
vt 0.003906 0.757812
vt 0.003906 0.589844
vt 0.015625 0.589844
vt 0.003906 0.593750
vt 0.015625 0.593750
vt 0.003906 0.574219
vt 0.019531 0.574219
vt 0.003906 0.597656
vt 0.015625 0.597656
vt 0.031250 0.765625
vt 0.031250 0.601562
vt 0.027344 0.640625
vt 0.050781 0.574219
vt 0.035156 0.644531
vt 0.082031 0.644531
vt 0.050781 0.660156
vt 0.062500 0.621094
vt 0.046875 0.593750
vt 0.128906 0.652344
vt 0.042969 0.773438
vt 0.046875 0.582031
vt 0.035156 0.582031
vt 0.031250 0.589844
vt 0.031250 0.593750
vt 0.078125 0.589844
vt 0.097656 0.566406
vt 0.074219 0.605469
vt 0.097656 0.632812
vt 0.496094 0.562500
vt 0.437500 0.562500
vt 0.496094 0.507812
vt 0.437500 0.507812
vt 0.375000 0.562500
vt 0.375000 0.507812
vt 0.277344 0.667969
vt 0.265625 0.703125
vt 0.253906 0.667969
vt 0.253906 0.714844
vt 0.281250 0.652344
vt 0.042969 0.796875
vt 0.003906 0.800781
vt 0.031250 0.769531
vt 0.003906 0.765625
vt 0.050781 0.816406
vt 0.003906 0.820312
vt 0.117188 0.796875
vt 0.062500 0.792969
vt 0.128906 0.785156
vt 0.148438 0.753906
vt 0.132812 0.792969
vt 0.347656 0.640625
vt 0.316406 0.667969
vt 0.351562 0.644531
vt 0.324219 0.667969
vt 0.425781 0.656250
vt 0.429688 0.710938
vt 0.476562 0.664062
vt 0.484375 0.710938
vt 0.363281 0.695312
vt 0.304688 0.703125
vt 0.359375 0.664062
vt 0.406250 0.664062
vt 0.414062 0.691406
vt 0.363281 0.753906
vt 0.425781 0.753906
vt 0.472656 0.640625
vt 0.425781 0.640625
vt 0.433594 0.640625
vt 0.480469 0.710938
vt 0.421875 0.640625
vt 0.398438 0.660156
vt 0.476562 0.652344
vt 0.300781 0.753906
vt 0.257812 0.761719
vt 0.207031 0.835938
vt 0.238281 0.835938
vt 0.488281 0.761719
vt 0.238281 0.566406
vt 0.238281 0.507812
vt 0.222656 0.566406
vt 0.222656 0.507812
vt 0.179688 0.554688
vt 0.179688 0.507812
vt 0.191406 0.554688
vt 0.187500 0.507812
vt 0.171875 0.554688
vt 0.171875 0.507812
vt 0.210938 0.507812
vt 0.210938 0.566406
vt 0.203125 0.566406
vt 0.207031 0.507812
vt 0.246094 0.507812
vt 0.246094 0.566406
vt 0.195312 0.507812
vt 0.199219 0.554688
vt 0.191406 0.582031
vt 0.183594 0.562500
vt 0.191406 0.566406
vt 0.175781 0.562500
vt 0.222656 0.597656
vt 0.238281 0.617188
vt 0.210938 0.605469
vt 0.226562 0.617188
vt 0.199219 0.566406
vt 0.230469 0.632812
vt 0.242188 0.628906
vt 0.246094 0.617188
vt 0.308594 0.683594
vt 0.308594 0.679688
vt 0.308594 0.675781
vt 0.312500 0.683594
vt 0.160156 0.605469
vt 0.164062 0.589844
vt 0.144531 0.582031
vt 0.164062 0.566406
vt 0.171875 0.582031
vt 0.175781 0.835938
vt 0.207031 0.679688
vt 0.226562 0.652344
vt 0.230469 0.671875
vt 0.203125 0.648438
vt 0.187500 0.656250
vt 0.183594 0.675781
vt 0.207031 0.718750
vt 0.238281 0.730469
vt 0.179688 0.718750
vt 0.031250 0.316406
vt 0.070312 0.308594
vt 0.035156 0.253906
vt 0.070312 0.253906
vt 0.121094 0.253906
vt 0.113281 0.304688
vt 0.144531 0.296875
vt 0.152344 0.253906
vt 0.214844 0.355469
vt 0.250000 0.375000
vt 0.214844 0.367188
vt 0.222656 0.359375
vt 0.210938 0.375000
vt 0.156250 0.398438
vt 0.109375 0.343750
vt 0.156250 0.335938
vt 0.132812 0.398438
vt 0.199219 0.347656
vt 0.000000 0.253906
vt 0.003906 0.332031
vt 0.023438 0.382812
vt 0.027344 0.359375
vt 0.066406 0.398438
vt 0.035156 0.367188
vt 0.027344 0.308594
vt 0.011719 0.332031
vt 0.011719 0.253906
vt 0.027344 0.253906
vt 0.046875 0.300781
vt 0.046875 0.253906
vt 0.062500 0.359375
vt 0.105469 0.343750
vt 0.105469 0.437500
vt 0.082031 0.429688
vt 0.105469 0.398438
vt 0.089844 0.417969
vt 0.187500 0.335938
vt 0.152344 0.398438
vt 0.199219 0.425781
vt 0.222656 0.410156
vt 0.128906 0.414062
vt 0.148438 0.437500
vt 0.109375 0.292969
vt 0.152344 0.332031
vt 0.074219 0.253906
vt 0.070312 0.296875
vt 0.066406 0.339844
vt 0.109375 0.253906
vt 0.042969 0.347656
vt 0.062500 0.375000
vt 0.144531 0.335938
vt 0.140625 0.332031
vt 0.179688 0.367188
vt 0.187500 0.394531
vt 0.191406 0.363281
vt 0.207031 0.390625
vt 0.175781 0.300781
vt 0.179688 0.343750
vt 0.191406 0.332031
vt 0.191406 0.253906
vt 0.195312 0.292969
vt 0.156250 0.253906
vt 0.167969 0.304688
vt 0.183594 0.328125
vt 0.246094 0.308594
vt 0.246094 0.453125
vt 0.246094 0.425781
vt 0.246094 0.445312
vt 0.234375 0.445312
vt 0.152344 0.445312
vt 0.203125 0.496094
vt 0.203125 0.445312
vt 0.152344 0.496094
vt 0.089844 0.496094
vt 0.140625 0.445312
vt 0.089844 0.445312
vt 0.140625 0.496094
vt 0.085938 0.496094
vt 0.085938 0.445312
vt 0.195312 0.445312
vt 0.132812 0.496094
vt 0.132812 0.445312
vt 0.195312 0.496094
vt 0.183594 0.496094
vt 0.125000 0.445312
vt 0.183594 0.445312
vt 0.125000 0.496094
vt 0.164062 0.445312
vt 0.097656 0.496094
vt 0.097656 0.445312
vt 0.164062 0.496094
vt 0.218750 0.496094
vt 0.218750 0.445312
vt 0.031250 0.500000
vt 0.031250 0.417969
vt 0.000000 0.417969
vt 0.035156 0.500000
vt 0.070312 0.441406
vt 0.035156 0.417969
vt 0.042969 0.496094
vt 0.074219 0.437500
vt 0.078125 0.500000
vt 0.960938 0.656250
vt 0.960938 0.710938
vt 0.875000 0.656250
vt 0.867188 0.710938
vt 0.875000 0.597656
vt 0.960938 0.597656
vt 0.804688 0.605469
vt 0.875000 0.542969
vt 0.804688 0.656250
vt 0.804688 0.542969
vt 0.746094 0.656250
vt 0.746094 0.597656
vt 0.746094 0.695312
vt 0.808594 0.699219
vt 0.683594 0.695312
vt 0.683594 0.652344
vt 0.632812 0.695312
vt 0.628906 0.652344
vt 0.683594 0.597656
vt 0.746094 0.542969
vt 0.632812 0.585938
vt 0.683594 0.542969
vt 0.632812 0.542969
vt 0.875000 0.054688
vt 0.898438 0.054688
vt 0.875000 0.089844
vt 0.898438 0.089844
vt 0.851562 0.089844
vt 0.851562 0.054688
vt 0.937500 0.031250
vt 0.937500 0.003906
vt 0.957031 0.003906
vt 0.957031 0.031250
vt 0.976562 0.003906
vt 0.851562 0.003906
vt 0.851562 0.031250
vt 0.832031 0.031250
vt 0.875000 0.003906
vt 0.875000 0.031250
vt 0.898438 0.031250
vt 0.898438 0.003906
vt 0.917969 0.003906
vt 0.917969 0.031250
vt 0.832031 0.003906
vt 0.996094 0.003906
vt 0.996094 0.031250
vt 0.917969 0.089844
vt 0.742188 0.761719
vt 0.656250 0.054688
vt 0.625000 0.050781
vt 0.621094 0.003906
vt 0.656250 0.003906
vt 0.687500 0.003906
vt 0.628906 0.089844
vt 0.656250 0.132812
vt 0.656250 0.148438
vt 0.632812 0.128906
vt 0.656250 0.089844
vt 0.679688 0.132812
vt 0.683594 0.089844
vt 0.503906 0.039062
vt 0.503906 0.003906
vt 0.527344 0.003906
vt 0.531250 0.042969
vt 0.558594 0.003906
vt 0.562500 0.042969
vt 0.597656 0.046875
vt 0.593750 0.003906
vt 0.597656 0.468750
vt 0.574219 0.472656
vt 0.597656 0.507812
vt 0.527344 0.531250
vt 0.527344 0.507812
vt 0.503906 0.507812
vt 0.503906 0.531250
vt 0.531250 0.480469
vt 0.503906 0.480469
vt 0.550781 0.507812
vt 0.550781 0.531250
vt 0.554688 0.476562
vt 0.574219 0.507812
vt 0.710938 0.085938
vt 0.683594 0.050781
vt 0.710938 0.046875
vt 0.714844 0.003906
vt 0.960938 0.542969
vt 0.996094 0.996094
vt 0.628906 0.960938
vt 0.589844 0.937500
vt 0.593750 0.933594
vt 0.539062 0.914062
vt 0.652344 0.988281
vt 0.699219 0.968750
vt 0.578125 0.652344
vt 0.578125 0.695312
vt 0.531250 0.695312
vt 0.531250 0.652344
vt 0.578125 0.585938
vt 0.582031 0.542969
vt 0.531250 0.585938
vt 0.531250 0.542969
vt 0.585938 0.738281
vt 0.640625 0.742188
vt 0.531250 0.738281
vt 0.531250 0.785156
vt 0.597656 0.785156
vt 0.640625 0.789062
vt 0.503906 0.839844
vt 0.503906 0.816406
vt 0.531250 0.820312
vt 0.503906 0.785156
vt 0.503906 0.738281
vt 0.503906 0.695312
vt 0.503906 0.652344
vt 0.503906 0.585938
vt 0.503906 0.542969
vt 0.738281 0.761719
vt 0.617188 0.996094
vt 0.609375 0.996094
vt 0.605469 0.996094
vt 0.652344 0.996094
vt 0.656250 0.996094
vt 0.613281 0.996094
vt 0.671875 0.996094
vt 0.707031 0.996094
vt 0.679688 0.742188
vt 0.570312 0.531250
vt 0.597656 0.531250
vt 0.546875 0.515625
vt 0.640625 0.828125
vt 0.664062 0.792969
vt 0.687500 0.800781
vt 0.542969 0.894531
vt 0.503906 0.914062
vt 0.503906 0.875000
vt 0.535156 0.851562
vt 0.582031 0.875000
vt 0.570312 0.820312
vt 0.609375 0.855469
vt 0.960938 0.765625
vt 0.859375 0.761719
vt 0.808594 0.746094
vt 0.531250 0.062500
vt 0.503906 0.054688
vt 0.531250 0.089844
vt 0.542969 0.101562
vt 0.703125 0.765625
vt 0.746094 0.734375
vt 0.746094 0.746094
vt 0.503906 0.066406
vt 0.773438 0.042969
vt 0.773438 0.003906
vt 0.796875 0.003906
vt 0.796875 0.042969
vt 0.816406 0.042969
vt 0.816406 0.003906
vt 0.738281 0.003906
vt 0.738281 0.042969
vt 0.738281 0.078125
vt 0.738281 0.113281
vt 0.773438 0.093750
vt 0.796875 0.062500
vt 0.773438 0.070312
vt 0.777344 0.117188
vt 0.796875 0.089844
vt 0.839844 0.820312
vt 0.808594 0.804688
vt 0.816406 0.054688
vt 0.789062 0.769531
vt 0.816406 0.062500
vt 0.656250 0.171875
vt 0.699219 0.179688
vt 0.960938 0.902344
vt 0.960938 0.949219
vt 0.890625 0.914062
vt 0.960938 0.832031
vt 0.875000 0.832031
vt 0.707031 0.128906
vt 0.703125 0.156250
vt 0.832031 0.996094
vt 0.777344 0.976562
vt 0.851562 0.980469
vt 0.734375 0.160156
vt 0.753906 0.144531
vt 0.808594 0.863281
vt 0.808594 0.941406
vt 0.898438 0.960938
vt 0.847656 0.925781
vt 0.808594 0.902344
vt 0.839844 0.878906
vt 0.937500 0.089844
vt 0.957031 0.054688
vt 0.957031 0.089844
vt 0.976562 0.089844
vt 0.976562 0.054688
vt 0.832031 0.054688
vt 0.832031 0.089844
vt 0.996094 0.054688
vt 0.996094 0.089844
vt 0.976562 0.031250
vt 0.917969 0.054688
vt 0.937500 0.054688
vt 0.957031 0.046875
vt 0.601562 0.996094
vt 0.625000 0.507812
vt 0.660156 0.503906
vt 0.648438 0.457031
vt 0.660156 0.531250
vt 0.625000 0.531250
vt 0.667969 0.453125
vt 0.621094 0.460938
vt 0.660156 0.878906
vt 0.562500 0.074219
vt 0.609375 0.167969
vt 0.605469 0.148438
vt 0.601562 0.125000
vt 0.597656 0.085938
vt 0.625000 0.906250
vt 0.679688 0.933594
vt 0.562500 0.101562
vt 0.687500 0.894531
vt 0.683594 0.851562
vt 0.582031 0.152344
vt 0.562500 0.132812
vt 0.589844 0.441406
vt 0.503906 0.441406
vt 0.589844 0.382812
vt 0.503906 0.382812
vt 0.660156 0.390625
vt 0.589844 0.328125
vt 0.660156 0.441406
vt 0.660156 0.328125
vt 0.503906 0.328125
vt 0.921875 0.097656
vt 0.921875 0.140625
vt 0.867188 0.140625
vt 0.871094 0.097656
vt 0.968750 0.140625
vt 0.968750 0.097656
vt 0.914062 0.183594
vt 0.859375 0.187500
vt 0.968750 0.183594
vt 0.968750 0.230469
vt 0.902344 0.230469
vt 0.859375 0.234375
vt 0.996094 0.285156
vt 0.968750 0.265625
vt 0.996094 0.261719
vt 0.996094 0.230469
vt 0.996094 0.183594
vt 0.996094 0.140625
vt 0.996094 0.097656
vt 0.859375 0.273438
vt 0.929688 0.265625
vt 0.890625 0.300781
vt 0.964844 0.296875
vt 0.917969 0.320312
vt 0.546875 0.996094
vt 0.503906 0.996094
vt 0.511719 0.960938
vt 0.582031 0.960938
vt 0.589844 0.996094
vt 0.546875 0.953125
s 0
usemtl tim_____gal_cockpit
f 1/1/1 9/2/1 10/3/1 2/4/1
f 2/5/2 10/6/2 11/7/2 3/8/2
f 3/8/3 11/7/3 12/9/3 4/10/3
f 4/11/4 12/12/4 13/13/4 5/14/4
f 5/14/5 13/13/5 14/15/5 6/16/5
f 6/17/6 14/18/6 15/19/6 7/20/6
f 7/20/7 15/19/7 16/21/7 8/22/7
f 8/23/8 16/24/8 9/2/8 1/1/8
f 9/2/9 17/25/9 18/26/9 10/3/9
f 10/6/10 18/27/10 19/28/10 11/7/10
f 11/7/11 19/28/11 20/29/11 12/9/11
f 12/12/12 20/30/12 21/31/12 13/13/12
f 13/13/13 21/31/13 22/32/13 14/15/13
f 14/18/14 22/33/14 23/34/14 15/19/14
f 15/19/15 23/34/15 24/35/15 16/21/15
f 16/24/16 24/36/16 17/25/16 9/2/16
f 17/25/17 25/37/17 26/38/17 18/26/17
f 18/27/18 26/39/18 27/40/18 19/28/18
f 19/28/19 27/40/19 28/41/19 20/29/19
f 20/30/20 28/42/20 29/43/20 21/31/20
f 21/31/21 29/43/21 30/44/21 22/32/21
f 22/33/22 30/45/22 31/46/22 23/34/22
f 23/34/23 31/46/23 32/47/23 24/35/23
f 24/36/24 32/48/24 25/37/24 17/25/24
f 25/37/25 33/49/25 34/50/25 26/38/25
f 26/39/26 34/51/26 35/52/26 27/40/26
f 27/40/27 35/52/27 36/53/27 28/41/27
f 28/42/28 36/54/28 37/55/28 29/43/28
f 29/43/29 37/55/29 38/56/29 30/44/29
f 30/45/30 38/57/30 39/58/30 31/46/30
f 31/46/31 39/58/31 40/59/31 32/47/31
f 32/48/32 40/60/32 33/49/32 25/37/32
f 33/49/33 41/61/33 42/62/33 34/50/33
f 34/51/34 42/63/34 43/64/34 35/52/34
f 35/52/35 43/64/35 44/65/35 36/53/35
f 36/66/36 44/67/36 45/68/36 37/69/36
f 37/69/37 45/68/37 46/70/37 38/71/37
f 38/57/38 46/72/38 47/73/38 39/58/38
f 39/58/39 47/73/39 48/74/39 40/59/39
f 40/60/40 48/75/40 41/61/40 33/49/40
f 41/61/41 49/76/41 50/77/41 42/62/41
f 42/63/42 50/78/42 51/79/42 43/64/42
f 43/64/43 51/79/43 52/80/43 44/65/43
f 44/67/44 52/81/44 53/82/44 45/68/44
f 45/68/45 53/82/45 54/83/45 46/70/45
f 46/72/46 54/84/46 55/85/46 47/73/46
f 47/73/47 55/85/47 56/86/47 48/74/47
f 48/75/48 56/87/48 49/76/48 41/61/48
f 49/76/49 57/88/49 58/89/49 50/77/49
f 50/78/50 58/90/50 59/91/50 51/79/50
f 51/79/51 59/91/51 60/92/51 52/80/51
f 52/81/52 60/93/52 61/94/52 53/82/52
f 53/82/53 61/94/53 62/95/53 54/83/53
f 54/84/54 62/96/54 63/97/54 55/85/54
f 55/85/55 63/97/55 64/98/55 56/86/55
f 56/87/56 64/99/56 57/88/56 49/76/56
f 57/88/57 65/100/57 66/101/57 58/89/57
f 58/90/58 66/102/58 67/103/58 59/91/58
f 59/91/59 67/103/59 68/104/59 60/92/59
f 60/93/60 68/105/60 69/106/60 61/94/60
f 61/94/61 69/106/61 70/107/61 62/95/61
f 62/96/62 70/108/62 71/109/62 63/97/62
f 63/97/63 71/109/63 72/110/63 64/98/63
f 64/99/64 72/111/64 65/100/64 57/88/64
f 65/112/65 73/113/65 74/114/65 66/115/65
f 66/102/66 74/116/66 75/117/66 67/103/66
f 67/103/67 75/117/67 76/118/67 68/104/67
f 68/105/68 76/119/68 77/120/68 69/106/68
f 69/106/69 77/120/69 78/121/69 70/107/69
f 70/108/70 78/122/70 79/123/70 71/109/70
f 71/109/71 79/123/71 80/124/71 72/110/71
f 72/125/72 80/126/72 73/113/72 65/112/72
f 73/113/73 81/127/73 82/128/73 74/114/73
f 74/116/74 82/129/74 83/130/74 75/117/74
f 75/117/75 83/130/75 84/131/75 76/118/75
f 76/119/76 84/132/76 85/133/76 77/120/76
f 77/120/77 85/133/77 86/134/77 78/121/77
f 78/122/78 86/135/78 87/136/78 79/123/78
f 79/123/79 87/136/79 88/137/79 80/124/79
f 80/126/80 88/138/80 81/127/80 73/113/80
f 81/127/81 89/139/81 90/140/81 82/128/81
f 82/129/82 90/141/82 91/142/82 83/130/82
f 83/130/83 91/142/83 92/143/83 84/131/83
f 84/132/84 92/144/84 93/145/84 85/133/84
f 85/133/85 93/145/85 94/146/85 86/134/85
f 86/135/86 94/147/86 95/148/86 87/136/86
f 87/136/87 95/148/87 96/149/87 88/137/87
f 88/138/88 96/150/88 89/139/88 81/127/88
f 89/139/89 97/151/89 98/152/89 90/140/89
f 90/141/90 98/153/90 99/154/90 91/142/90
f 91/142/91 99/154/91 100/155/91 92/143/91
f 92/144/92 100/156/92 101/157/92 93/145/92
f 93/145/93 101/157/93 102/158/93 94/146/93
f 94/147/94 102/159/94 103/160/94 95/148/94
f 95/148/95 103/160/95 104/161/95 96/149/95
f 96/150/96 104/162/96 97/151/96 89/139/96
f 97/151/4 105/163/4 106/164/4 98/152/4
f 98/153/3 106/165/3 107/166/3 99/154/3
f 99/154/2 107/166/2 108/167/2 100/155/2
f 100/168/1 108/169/1 109/170/1 101/171/1
f 101/171/8 109/170/8 110/172/8 102/173/8
f 102/159/7 110/174/7 111/175/7 103/160/7
f 103/160/6 111/175/6 112/176/6 104/161/6
f 104/162/5 112/177/5 105/163/5 97/151/5
f 105/163/12 113/178/12 114/179/12 106/164/12
f 106/165/97 114/180/97 115/181/97 107/166/97
f 107/166/10 115/181/10 116/182/10 108/167/10
f 108/169/9 116/183/9 117/184/9 109/170/9
f 109/170/16 117/184/16 118/185/16 110/172/16
f 110/174/15 118/186/15 119/187/15 111/175/15
f 111/175/14 119/187/14 120/188/14 112/176/14
f 112/177/13 120/189/13 113/178/13 105/163/13
f 113/178/20 121/190/20 122/191/20 114/179/20
f 114/180/19 122/192/19 123/193/19 115/181/19
f 115/181/18 123/193/18 124/194/18 116/182/18
f 116/183/17 124/195/17 125/196/17 117/184/17
f 117/184/24 125/196/24 126/197/24 118/185/24
f 118/186/23 126/198/23 127/199/23 119/187/23
f 119/187/22 127/199/22 128/200/22 120/188/22
f 120/189/21 128/201/21 121/190/21 113/178/21
f 121/190/28 129/202/28 130/203/28 122/191/28
f 122/192/27 130/204/27 131/205/27 123/193/27
f 123/193/26 131/205/26 132/206/26 124/194/26
f 124/195/25 132/207/25 133/208/25 125/196/25
f 125/196/32 133/208/32 134/209/32 126/197/32
f 126/198/31 134/210/31 135/211/31 127/199/31
f 127/199/30 135/211/30 136/212/30 128/200/30
f 128/201/29 136/213/29 129/202/29 121/190/29
f 129/214/36 137/215/36 138/216/36 130/217/36
f 130/204/35 138/218/35 139/219/35 131/205/35
f 131/205/34 139/219/34 140/220/34 132/206/34
f 132/207/33 140/221/33 141/222/33 133/208/33
f 133/208/40 141/222/40 142/223/40 134/209/40
f 134/210/39 142/224/39 143/225/39 135/211/39
f 135/211/38 143/225/38 144/226/38 136/212/38
f 136/227/37 144/228/37 137/215/37 129/214/37
f 137/215/44 145/229/44 146/230/44 138/216/44
f 138/218/43 146/231/43 147/232/43 139/219/43
f 139/219/42 147/232/42 148/233/42 140/220/42
f 140/221/41 148/234/41 149/235/41 141/222/41
f 141/222/48 149/235/48 150/236/48 142/223/48
f 142/224/47 150/237/47 151/238/47 143/225/47
f 143/225/46 151/238/46 152/239/46 144/226/46
f 144/228/45 152/240/45 145/229/45 137/215/45
f 145/229/52 153/241/52 154/242/52 146/230/52
f 146/231/51 154/243/51 155/244/51 147/232/51
f 147/232/50 155/244/50 156/245/50 148/233/50
f 148/234/49 156/246/49 157/247/49 149/235/49
f 149/235/56 157/247/56 158/248/56 150/236/56
f 150/237/55 158/249/55 159/250/55 151/238/55
f 151/238/54 159/250/54 160/251/54 152/239/54
f 152/240/53 160/252/53 153/241/53 145/229/53
f 153/241/60 161/253/60 162/254/60 154/242/60
f 154/243/59 162/255/59 163/256/59 155/244/59
f 155/244/58 163/256/58 164/257/58 156/245/58
f 156/246/57 164/258/57 165/259/57 157/247/57
f 157/247/64 165/259/64 166/260/64 158/248/64
f 158/249/63 166/261/63 167/262/63 159/250/63
f 159/250/62 167/262/62 168/263/62 160/251/62
f 160/252/61 168/264/61 161/253/61 153/241/61
f 161/253/68 169/265/68 170/266/68 162/254/68
f 162/255/67 170/267/67 171/268/67 163/256/67
f 163/256/66 171/268/66 172/269/66 164/257/66
f 164/270/65 172/271/65 173/272/65 165/273/65
f 165/273/72 173/272/72 174/274/72 166/275/72
f 166/261/71 174/276/71 175/277/71 167/262/71
f 167/262/70 175/277/70 176/278/70 168/263/70
f 168/264/69 176/279/69 169/265/69 161/253/69
f 169/265/76 177/280/76 178/281/76 170/266/76
f 170/267/75 178/282/75 179/283/75 171/268/75
f 171/268/74 179/283/74 180/284/74 172/269/74
f 172/271/73 180/285/73 181/286/73 173/272/73
f 173/272/80 181/286/80 182/287/80 174/274/80
f 174/276/79 182/288/79 183/289/79 175/277/79
f 175/277/78 183/289/78 184/290/78 176/278/78
f 176/279/77 184/291/77 177/280/77 169/265/77
f 177/280/84 185/292/84 186/293/84 178/281/84
f 178/282/83 186/294/83 187/295/83 179/283/83
f 179/283/82 187/295/82 188/296/82 180/284/82
f 180/285/81 188/297/81 189/298/81 181/286/81
f 181/286/88 189/298/88 190/299/88 182/287/88
f 182/288/87 190/300/87 191/301/87 183/289/87
f 183/289/86 191/301/86 192/302/86 184/290/86
f 184/291/85 192/303/85 185/292/85 177/280/85
f 185/292/92 1/304/92 2/305/92 186/293/92
f 186/294/91 2/5/91 3/8/91 187/295/91
f 187/295/90 3/8/90 4/10/90 188/296/90
f 188/297/89 4/11/89 5/14/89 189/298/89
f 189/298/96 5/14/96 6/16/96 190/299/96
f 190/300/95 6/17/95 7/20/95 191/301/95
f 191/301/94 7/20/94 8/22/94 192/302/94
f 192/303/93 8/306/93 1/304/93 185/292/93
f 193/307/98 195/308/98 196/309/98 194/310/98
f 195/308/99 197/311/99 198/312/99 196/309/99
f 197/313/100 199/314/100 200/315/100 198/316/100
f 199/314/101 201/317/101 202/318/101 200/315/101
f 201/317/102 203/319/102 204/320/102 202/318/102
f 203/319/103 205/321/103 206/322/103 204/320/103
f 205/321/104 207/323/104 208/324/104 206/322/104
f 207/323/105 209/325/105 210/326/105 208/324/105
f 209/327/106 211/328/106 212/329/106 210/330/106
f 211/328/107 213/331/107 214/332/107 212/329/107
f 213/331/108 215/333/108 216/334/108 214/332/108
f 215/333/109 217/335/109 218/336/109 216/334/109
f 217/335/110 219/337/110 220/338/110 218/336/110
f 219/337/111 221/339/111 222/340/111 220/338/111
f 221/339/112 223/341/112 224/342/112 222/340/112
f 223/343/113 225/344/113 226/345/113 224/346/113
f 225/344/114 227/347/114 228/348/114 226/345/114
f 227/347/115 229/349/115 230/350/115 228/348/115
f 229/349/116 231/351/116 232/352/116 230/350/116
f 231/351/117 193/307/117 194/310/117 232/352/117
f 233/353/118 234/354/118 235/355/118 236/356/118 237/357/118 238/358/118 239/359/118 240/360/118 241/361/118 242/362/118 243/363/118 244/364/118 245/365/118 246/366/118 247/367/118 248/368/118 249/369/118 250/370/118 251/371/118 252/372/118 253/373/118 254/374/118 255/375/118 256/376/118 257/377/118 258/378/118 259/379/118 260/380/118 261/381/118 262/382/118 263/383/118 264/384/118
f 265/385/119 266/386/119 268/387/119 267/388/119
f 267/388/120 268/387/120 270/389/120 269/390/120
f 269/391/121 270/392/121 272/393/121 271/394/121
f 271/394/122 272/393/122 274/395/122 273/396/122
f 268/397/118 266/398/118 276/399/118 274/400/118 272/401/118 270/402/118
f 273/403/123 274/404/123 276/405/123 275/406/123
f 275/406/124 276/405/124 266/407/124 265/408/124
f 265/409/125 267/410/125 269/411/125 271/412/125 273/413/125 275/414/125
f 277/415/119 278/416/119 280/417/119 279/418/119
f 279/418/120 280/417/120 282/419/120 281/420/120
f 281/421/121 282/422/121 284/423/121 283/424/121
f 283/424/122 284/423/122 286/425/122 285/426/122
f 280/427/118 278/428/118 288/429/118 286/430/118 284/431/118 282/432/118
f 285/433/123 286/434/123 288/435/123 287/436/123
f 287/436/124 288/435/124 278/437/124 277/438/124
f 277/439/125 279/440/125 281/441/125 283/442/125 285/443/125 287/444/125
f 289/445/119 290/446/119 292/447/119 291/448/119
f 291/448/120 292/447/120 294/449/120 293/450/120
f 293/451/121 294/452/121 296/453/121 295/454/121
f 295/454/122 296/453/122 298/455/122 297/456/122
f 292/457/118 290/458/118 300/459/118 298/460/118 296/461/118 294/462/118
f 297/463/123 298/464/123 300/465/123 299/466/123
f 299/466/124 300/465/124 290/467/124 289/468/124
f 289/469/125 291/470/125 293/471/125 295/472/125 297/473/125 299/474/125
f 301/475/119 302/476/119 304/477/119 303/478/119
f 303/478/120 304/477/120 306/479/120 305/480/120
f 305/481/121 306/482/121 308/483/121 307/484/121
f 307/484/122 308/483/122 310/485/122 309/486/122
f 304/487/118 302/488/118 312/489/118 310/490/118 308/491/118 306/492/118
f 309/493/123 310/494/123 312/495/123 311/496/123
f 311/496/124 312/495/124 302/497/124 301/498/124
f 301/499/125 303/500/125 305/501/125 307/502/125 309/503/125 311/504/125
f 313/505/119 314/506/119 316/507/119 315/508/119
f 315/508/120 316/507/120 318/509/120 317/510/120
f 317/511/121 318/512/121 320/513/121 319/514/121
f 319/514/122 320/513/122 322/515/122 321/516/122
f 316/517/118 314/518/118 324/519/118 322/520/118 320/521/118 318/522/118
f 321/523/123 322/524/123 324/525/123 323/526/123
f 323/526/124 324/525/124 314/527/124 313/528/124
f 313/529/125 315/530/125 317/531/125 319/532/125 321/533/125 323/534/125
f 325/535/119 326/536/119 328/537/119 327/538/119
f 327/538/120 328/537/120 330/539/120 329/540/120
f 329/541/121 330/542/121 332/543/121 331/544/121
f 331/544/122 332/543/122 334/545/122 333/546/122
f 328/547/118 326/548/118 336/549/118 334/550/118 332/551/118 330/552/118
f 333/553/123 334/554/123 336/555/123 335/556/123
f 335/556/124 336/555/124 326/557/124 325/558/124
f 325/559/125 327/560/125 329/561/125 331/562/125 333/563/125 335/564/125
f 337/565/119 338/566/119 340/567/119 339/568/119
f 339/568/120 340/567/120 342/569/120 341/570/120
f 341/571/121 342/572/121 344/573/121 343/574/121
f 343/574/122 344/573/122 346/575/122 345/576/122
f 340/577/118 338/578/118 348/579/118 346/580/118 344/581/118 342/582/118
f 345/583/123 346/584/123 348/585/123 347/586/123
f 347/586/124 348/585/124 338/587/124 337/588/124
f 337/589/125 339/590/125 341/591/125 343/592/125 345/593/125 347/594/125
f 349/595/119 350/596/119 352/597/119 351/598/119
f 351/598/120 352/597/120 354/599/120 353/600/120
f 353/601/121 354/602/121 356/603/121 355/604/121
f 355/604/122 356/603/122 358/605/122 357/606/122
f 352/607/118 350/608/118 360/609/118 358/610/118 356/611/118 354/612/118
f 357/613/123 358/614/123 360/615/123 359/616/123
f 359/616/124 360/615/124 350/617/124 349/618/124
f 349/619/125 351/620/125 353/621/125 355/622/125 357/623/125 359/624/125
f 361/625/125 362/626/125 364/627/125 363/628/125
f 363/629/126 364/630/126 368/631/126 367/632/126
f 367/633/118 368/634/118 366/635/118 365/636/118
f 365/637/127 366/638/127 362/639/127 361/640/127
f 363/641/120 367/642/120 365/643/120 361/644/120
f 368/645/123 364/646/123 362/647/123 366/648/123
f 369/649/128 370/650/128 372/651/128 371/652/128
f 371/652/129 372/651/129 374/653/129 373/654/129
f 373/654/130 374/653/130 376/655/130 375/656/130
f 375/657/120 376/658/120 378/659/120 377/660/120
f 377/660/131 378/659/131 380/661/131 379/662/131
f 379/662/132 380/661/132 382/663/132 381/664/132
f 381/664/133 382/663/133 384/665/133 383/666/133
f 383/667/134 384/668/134 386/669/134 385/670/134
f 385/670/135 386/669/135 388/671/135 387/672/135
f 387/672/136 388/671/136 390/673/136 389/674/136
f 389/675/123 390/676/123 392/677/123 391/678/123
f 391/678/137 392/677/137 394/679/137 393/680/137
f 372/681/138 370/682/138 396/683/138 394/684/138 392/685/138 390/686/138 388/687/138 386/688/138 384/689/138 382/690/138 380/691/138 378/692/138 376/693/138 374/694/138
f 393/680/139 394/679/139 396/695/139 395/696/139
f 395/696/140 396/695/140 370/697/140 369/698/140
f 369/699/141 371/700/141 373/701/141 375/702/141 377/703/141 379/704/141 381/705/141 383/706/141 385/707/141 387/708/141 389/709/141 391/710/141 393/711/141 395/712/141
f 397/713/142 398/714/142 400/715/142 399/716/142
f 399/717/143 400/718/143 404/719/143 403/720/143
f 403/721/144 404/722/144 402/723/144 401/724/144
f 401/725/145 402/726/145 398/727/145 397/728/145
f 399/729/146 403/730/146 401/731/146 397/732/146
f 404/733/147 400/734/147 398/735/147 402/736/147
f 405/737/148 406/738/148 408/739/148 407/740/148
f 407/741/149 408/742/149 410/743/149 409/744/149
f 409/744/150 410/743/150 412/745/150 411/746/150
f 411/747/151 412/748/151 414/749/151 413/750/151
f 413/750/152 414/749/152 416/751/152 415/752/152
f 415/753/153 416/754/153 418/755/153 417/756/153
f 408/757/154 406/758/154 420/759/154 418/760/154 416/761/154 414/762/154 412/763/154 410/764/154
f 417/756/155 418/755/155 420/765/155 419/766/155
f 419/767/156 420/768/156 406/738/156 405/737/156
f 405/769/157 407/770/157 409/771/157 411/772/157 413/773/157 415/774/157 417/775/157 419/776/157
f 421/777/158 422/778/158 424/779/158 423/780/158
f 423/780/159 424/779/159 426/781/159 425/782/159
f 425/782/160 426/781/160 428/783/160 427/784/160
f 427/785/161 428/786/161 430/787/161 429/788/161
f 429/789/162 430/790/162 432/791/162 431/792/162
f 431/792/163 432/791/163 434/793/163 433/794/163
f 424/795/164 422/796/164 436/797/164 434/798/164 432/799/164 430/800/164 428/801/164 426/802/164
f 433/794/165 434/793/165 436/803/165 435/804/165
f 435/805/166 436/806/166 422/807/166 421/808/166
f 421/809/167 423/810/167 425/811/167 427/812/167 429/813/167 431/814/167 433/815/167 435/816/167
f 912/817/168 438/818/168 447/819/168 448/820/168
f 915/821/169 443/822/169 455/823/169 456/824/169
f 439/825/170 912/817/170 448/820/170 449/826/170
f 916/827/171 915/821/171 456/824/171 457/828/171
f 440/829/172 439/825/172 449/826/172 450/830/172
f 444/831/173 916/827/173 457/828/173 458/832/173
f 913/833/174 440/829/174 450/830/174 451/834/174
f 445/835/175 444/831/175 458/832/175 459/836/175
f 441/837/176 913/833/176 451/834/176 452/838/176
f 917/839/177 445/835/177 459/836/177 460/840/177
f 914/841/178 441/837/178 452/838/178 453/842/178
f 918/843/179 917/839/179 460/840/179 461/844/179
f 442/845/180 914/846/180 453/847/180 454/848/180
f 438/818/181 437/849/181 447/819/181
f 446/850/182 918/851/182 461/852/182
f 443/822/183 442/845/183 454/848/183 455/823/183
f 447/819/184 437/849/184 462/853/184
f 446/850/185 461/852/185 476/854/185
f 455/855/186 454/856/186 469/857/186 470/858/186
f 448/820/187 447/819/187 462/853/187 463/859/187
f 456/824/188 455/823/188 470/860/188 471/861/188
f 449/826/189 448/820/189 463/859/189 464/862/189
f 457/828/190 456/824/190 471/861/190 472/863/190
f 450/830/191 449/826/191 464/862/191 465/864/191
f 458/832/192 457/828/192 472/863/192 473/865/192
f 451/834/193 450/830/193 465/864/193 466/866/193
f 459/836/194 458/832/194 473/865/194 474/867/194
f 452/838/195 451/834/195 466/866/195 467/868/195
f 460/840/196 459/836/196 474/867/196 475/869/196
f 453/870/197 452/871/197 467/872/197 468/873/197
f 461/844/198 460/840/198 475/869/198 476/874/198
f 454/856/199 453/870/199 468/873/199 469/857/199
f 466/866/200 465/864/200 480/875/200 481/876/200
f 474/867/201 473/865/201 488/877/201 489/878/201
f 467/872/202 466/879/202 481/880/202 482/881/202
f 475/869/203 474/867/203 489/878/203 490/882/203
f 468/873/204 467/872/204 482/881/204 483/883/204
f 476/874/205 475/869/205 490/882/205 491/884/205
f 469/857/206 468/873/206 483/883/206 484/885/206
f 462/853/207 437/849/207 477/886/207
f 446/850/208 476/854/208 491/887/208
f 470/858/209 469/857/209 484/885/209 485/888/209
f 463/859/210 462/853/210 477/886/210 478/889/210
f 471/890/211 470/858/211 485/888/211 486/891/211
f 464/862/212 463/859/212 478/889/212 479/892/212
f 472/893/213 471/890/213 486/891/213 487/894/213
f 465/864/214 464/862/214 479/892/214 480/875/214
f 473/865/215 472/863/215 487/895/215 488/877/215
f 485/888/216 484/885/216 499/896/216 500/897/216
f 478/889/217 477/886/217 492/898/217 493/899/217
f 486/891/218 485/888/218 500/897/218 501/900/218
f 479/892/219 478/889/219 493/899/219 494/901/219
f 487/894/220 486/891/220 501/900/220 502/902/220
f 480/875/221 479/892/221 494/901/221 495/903/221
f 488/904/222 487/894/222 502/902/222 503/905/222
f 481/876/223 480/875/223 495/903/223 496/906/223
f 489/878/224 488/877/224 503/907/224 504/908/224
f 482/881/225 481/880/225 496/909/225 497/910/225
f 490/882/226 489/878/226 504/908/226 505/911/226
f 483/883/227 482/881/227 497/910/227 498/912/227
f 491/887/228 490/913/228 505/914/228 506/915/228
f 484/885/229 483/883/229 498/912/229 499/896/229
f 477/886/230 437/849/230 492/898/230
f 446/850/231 491/887/231 506/915/231
f 504/908/232 503/907/232 518/916/232 519/917/232
f 497/910/233 496/909/233 511/918/233 512/919/233
f 505/914/234 504/920/234 519/921/234 520/922/234
f 498/912/235 497/910/235 512/919/235 513/923/235
f 506/915/236 505/914/236 520/922/236 521/924/236
f 499/896/237 498/912/237 513/923/237 514/925/237
f 492/898/238 437/849/238 507/926/238
f 446/850/239 506/915/239 521/924/239
f 500/897/240 499/896/240 514/925/240 515/927/240
f 493/899/241 492/898/241 507/926/241 508/928/241
f 501/900/242 500/897/242 515/927/242 516/929/242
f 494/901/243 493/899/243 508/928/243 509/930/243
f 502/902/244 501/900/244 516/929/244 517/931/244
f 495/903/245 494/901/245 509/930/245 510/932/245
f 503/905/246 502/902/246 517/931/246 518/933/246
f 496/909/247 495/934/247 510/935/247 511/918/247
f 508/928/248 507/926/248 522/936/248 523/937/248
f 516/929/249 515/927/249 530/938/249 531/939/249
f 509/930/250 508/928/250 523/937/250 524/940/250
f 517/931/251 516/929/251 531/939/251 532/941/251
f 510/932/252 509/930/252 524/940/252 525/942/252
f 518/933/253 517/931/253 532/941/253 533/943/253
f 511/918/254 510/935/254 525/944/254 526/945/254
f 519/921/255 518/946/255 533/947/255 534/948/255
f 512/919/256 511/918/256 526/945/256 527/949/256
f 520/922/257 519/921/257 534/948/257 535/950/257
f 513/923/258 512/919/258 527/949/258 528/951/258
f 521/924/259 520/922/259 535/950/259 536/952/259
f 514/925/260 513/923/260 528/951/260 529/953/260
f 507/926/261 437/849/261 522/936/261
f 446/850/262 521/924/262 536/952/262
f 515/927/263 514/925/263 529/953/263 530/938/263
f 527/949/264 526/945/264 541/954/264 542/955/264
f 535/950/265 534/948/265 549/956/265 550/957/265
f 528/951/266 527/949/266 542/955/266 543/958/266
f 536/952/267 535/950/267 550/957/267 551/959/267
f 529/953/268 528/951/268 543/958/268 544/960/268
f 522/936/269 437/849/269 537/961/269
f 446/850/270 536/952/270 551/959/270
f 530/938/271 529/953/271 544/960/271 545/962/271
f 523/937/272 522/936/272 537/961/272 538/963/272
f 531/939/273 530/938/273 545/962/273 546/964/273
f 524/940/274 523/937/274 538/963/274 539/965/274
f 532/941/275 531/939/275 546/964/275 547/966/275
f 525/944/276 524/967/276 539/968/276 540/969/276
f 533/943/277 532/941/277 547/966/277 548/970/277
f 526/945/278 525/944/278 540/969/278 541/954/278
f 534/948/279 533/947/279 548/971/279 549/956/279
f 546/964/280 545/962/280 560/972/280 561/973/280
f 539/974/281 538/975/281 553/976/281 554/977/281
f 547/966/282 546/964/282 561/973/282 562/978/282
f 540/979/283 539/974/283 554/977/283 555/980/283
f 548/970/284 547/966/284 562/978/284 563/981/284
f 541/954/285 540/969/285 555/982/285 556/983/285
f 549/956/286 548/971/286 563/984/286 564/985/286
f 542/955/287 541/954/287 556/983/287 557/986/287
f 550/957/288 549/956/288 564/985/288 565/987/288
f 543/958/289 542/955/289 557/986/289 558/988/289
f 551/959/290 550/957/290 565/987/290 566/989/290
f 544/960/291 543/958/291 558/988/291 559/990/291
f 537/961/292 437/849/292 552/991/292
f 446/850/293 551/959/293 566/989/293
f 545/962/294 544/960/294 559/990/294 560/972/294
f 538/963/295 537/961/295 552/991/295 553/992/295
f 565/987/296 564/985/296 579/993/296 580/994/296
f 558/988/297 557/986/297 572/995/297 573/996/297
f 566/989/298 565/987/298 580/994/298 581/997/298
f 559/990/299 558/988/299 573/996/299 574/998/299
f 552/991/300 437/849/300 567/999/300
f 446/850/301 566/989/301 581/997/301
f 560/972/302 559/990/302 574/998/302 575/1000/302
f 553/976/303 552/1001/303 567/1002/303 568/1003/303
f 561/973/304 560/972/304 575/1000/304 576/1004/304
f 554/977/305 553/976/305 568/1003/305 569/1005/305
f 562/978/306 561/973/306 576/1004/306 577/1006/306
f 555/980/307 554/977/307 569/1005/307 570/1007/307
f 563/984/308 562/1008/308 577/1009/308 578/1010/308
f 556/1011/309 555/980/309 570/1007/309 571/1012/309
f 564/985/310 563/984/310 578/1010/310 579/993/310
f 557/986/311 556/983/311 571/1013/311 572/995/311
f 577/1009/312 576/1014/312 591/1015/312 592/1016/312
f 570/1007/313 569/1005/313 584/1017/313 585/1018/313
f 578/1010/314 577/1009/314 592/1016/314 593/1019/314
f 571/1012/315 570/1007/315 585/1018/315 586/1020/315
f 579/993/316 578/1010/316 593/1019/316 594/1021/316
f 572/1022/317 571/1012/317 586/1020/317 587/1023/317
f 580/994/318 579/993/318 594/1021/318 595/1024/318
f 573/996/319 572/995/319 587/1025/319 588/1026/319
f 581/997/320 580/994/320 595/1024/320 596/1027/320
f 574/998/321 573/996/321 588/1026/321 589/1028/321
f 567/999/322 437/849/322 582/1029/322
f 446/850/323 581/997/323 596/1027/323
f 575/1000/324 574/998/324 589/1028/324 590/1030/324
f 568/1003/325 567/1002/325 582/1031/325 583/1032/325
f 576/1004/326 575/1000/326 590/1030/326 591/1033/326
f 569/1005/327 568/1003/327 583/1032/327 584/1017/327
f 596/1027/328 595/1024/328 610/1034/328 611/1035/328
f 589/1036/329 588/1037/329 603/1038/329 604/1039/329
f 582/1029/330 437/849/330 597/1040/330
f 446/850/331 596/1027/331 611/1035/331
f 590/1030/332 589/1028/332 604/1041/332 605/1042/332
f 583/1032/333 582/1031/333 597/1043/333 598/1044/333
f 591/1015/334 590/1045/334 605/1046/334 606/1047/334
f 584/1017/335 583/1032/335 598/1044/335 599/1048/335
f 592/1016/336 591/1015/336 606/1047/336 607/1049/336
f 585/1018/337 584/1017/337 599/1048/337 600/1050/337
f 593/1019/338 592/1016/338 607/1049/338 608/1051/338
f 586/1020/339 585/1018/339 600/1050/339 601/1052/339
f 594/1021/340 593/1019/340 608/1051/340 609/1053/340
f 587/1023/341 586/1020/341 601/1052/341 602/1054/341
f 595/1024/342 594/1021/342 609/1053/342 610/1034/342
f 588/1037/343 587/1023/343 602/1054/343 603/1038/343
f 600/1050/344 599/1048/344 614/1055/344 615/1056/344
f 608/1051/345 607/1049/345 622/1057/345 623/1058/345
f 601/1052/346 600/1050/346 615/1056/346 616/1059/346
f 609/1053/347 608/1051/347 623/1058/347 624/1060/347
f 602/1054/348 601/1052/348 616/1059/348 617/1061/348
f 610/1034/349 609/1053/349 624/1060/349 625/1062/349
f 603/1038/350 602/1054/350 617/1061/350 618/1063/350
f 611/1035/351 610/1034/351 625/1062/351 626/1064/351
f 604/1039/352 603/1038/352 618/1063/352 619/1065/352
f 597/1040/353 437/849/353 612/1066/353
f 446/850/354 611/1035/354 626/1064/354
f 605/1067/355 604/1039/355 619/1065/355 620/1068/355
f 598/1044/356 597/1043/356 612/1069/356 613/1070/356
f 606/1047/357 605/1046/357 620/1071/357 621/1072/357
f 599/1048/358 598/1044/358 613/1070/358 614/1055/358
f 607/1049/359 606/1047/359 621/1072/359 622/1057/359
f 619/1065/360 618/1063/360 633/1073/360 634/1074/360
f 612/1066/361 437/849/361 627/1075/361
f 446/850/362 626/1064/362 641/1076/362
f 620/1068/363 619/1065/363 634/1074/363 635/1077/363
f 613/1070/364 612/1069/364 627/1078/364 628/1079/364
f 621/1072/365 620/1071/365 635/1080/365 636/1081/365
f 614/1055/366 613/1070/366 628/1079/366 629/1082/366
f 622/1057/367 621/1072/367 636/1081/367 637/1083/367
f 615/1056/368 614/1055/368 629/1082/368 630/1084/368
f 623/1058/369 622/1057/369 637/1083/369 638/1085/369
f 616/1059/370 615/1056/370 630/1084/370 631/1086/370
f 624/1060/371 623/1058/371 638/1085/371 639/1087/371
f 617/1061/372 616/1059/372 631/1086/372 632/1088/372
f 625/1062/373 624/1060/373 639/1087/373 640/1089/373
f 618/1063/374 617/1061/374 632/1088/374 633/1073/374
f 626/1064/375 625/1062/375 640/1089/375 641/1076/375
f 638/1085/376 637/1083/376 652/1090/376 653/1091/376
f 631/1086/377 630/1084/377 645/1092/377 646/1093/377
f 639/1087/378 638/1085/378 653/1091/378 654/1094/378
f 632/1088/379 631/1086/379 646/1093/379 647/1095/379
f 640/1089/380 639/1087/380 654/1094/380 655/1096/380
f 633/1073/381 632/1088/381 647/1095/381 648/1097/381
f 641/1076/382 640/1089/382 655/1096/382 656/1098/382
f 634/1074/383 633/1073/383 648/1097/383 649/1099/383
f 627/1075/384 437/849/384 642/1100/384
f 446/850/385 641/1076/385 656/1098/385
f 635/1077/386 634/1074/386 649/1099/386 650/1101/386
f 628/1079/387 627/1078/387 642/1102/387 643/1103/387
f 636/1081/388 635/1080/388 650/1104/388 651/1105/388
f 629/1082/389 628/1079/389 643/1103/389 644/1106/389
f 637/1083/390 636/1081/390 651/1105/390 652/1090/390
f 630/1084/391 629/1082/391 644/1106/391 645/1092/391
f 642/1100/392 437/849/392 657/1107/392
f 446/850/393 656/1098/393 671/1108/393
f 650/1101/394 649/1099/394 664/1109/394 665/1110/394
f 643/1103/395 642/1102/395 657/1111/395 658/1112/395
f 651/1105/396 650/1104/396 665/1113/396 666/1114/396
f 644/1106/397 643/1103/397 658/1112/397 659/1115/397
f 652/1090/398 651/1105/398 666/1114/398 667/1116/398
f 645/1092/399 644/1106/399 659/1115/399 660/1117/399
f 653/1091/400 652/1090/400 667/1116/400 668/1118/400
f 646/1093/401 645/1092/401 660/1117/401 661/1119/401
f 654/1094/402 653/1091/402 668/1118/402 669/1120/402
f 647/1095/403 646/1093/403 661/1119/403 662/1121/403
f 655/1096/404 654/1094/404 669/1120/404 670/1122/404
f 648/1097/405 647/1095/405 662/1121/405 663/1123/405
f 656/1098/406 655/1096/406 670/1122/406 671/1108/406
f 649/1099/407 648/1097/407 663/1123/407 664/1109/407
f 661/1119/408 660/1117/408 675/1124/408 676/1125/408
f 669/1120/409 668/1118/409 683/1126/409 684/1127/409
f 662/1121/410 661/1119/410 676/1125/410 677/1128/410
f 670/1122/411 669/1120/411 684/1127/411 685/1129/411
f 663/1123/412 662/1121/412 677/1128/412 678/1130/412
f 671/1108/413 670/1122/413 685/1129/413 686/1131/413
f 664/1109/414 663/1123/414 678/1130/414 679/1132/414
f 657/1107/415 437/849/415 672/1133/415
f 446/850/416 671/1108/416 686/1131/416
f 665/1110/417 664/1109/417 679/1132/417 680/1134/417
f 658/1112/418 657/1111/418 672/1135/418 673/1136/418
f 666/1114/419 665/1113/419 680/1137/419 681/1138/419
f 659/1115/420 658/1112/420 673/1136/420 674/1139/420
f 667/1116/421 666/1114/421 681/1138/421 682/1140/421
f 660/1117/422 659/1115/422 674/1139/422 675/1124/422
f 668/1118/423 667/1116/423 682/1140/423 683/1126/423
f 680/1134/424 679/1132/424 694/1141/424 695/1142/424
f 673/1136/425 672/1135/425 687/1143/425 688/1144/425
f 681/1138/426 680/1137/426 695/1145/426 696/1146/426
f 674/1139/427 673/1136/427 688/1144/427 689/1147/427
f 682/1140/428 681/1138/428 696/1146/428 697/1148/428
f 675/1124/429 674/1139/429 689/1147/429 690/1149/429
f 683/1126/430 682/1140/430 697/1148/430 698/1150/430
f 676/1125/431 675/1124/431 690/1149/431 691/1151/431
f 684/1127/432 683/1126/432 698/1150/432 699/1152/432
f 677/1128/433 676/1125/433 691/1151/433 692/1153/433
f 685/1129/434 684/1127/434 699/1152/434 700/1154/434
f 678/1130/435 677/1128/435 692/1153/435 693/1155/435
f 686/1131/436 685/1129/436 700/1154/436 701/1156/436
f 679/1132/437 678/1130/437 693/1155/437 694/1141/437
f 672/1133/438 437/849/438 687/1157/438
f 446/850/439 686/1131/439 701/1156/439
f 699/1152/440 698/1150/440 713/1158/440 714/1159/440
f 692/1153/441 691/1151/441 706/1160/441 707/1161/441
f 700/1154/442 699/1152/442 714/1159/442 715/1162/442
f 693/1155/443 692/1153/443 707/1161/443 708/1163/443
f 701/1156/444 700/1154/444 715/1162/444 716/1164/444
f 694/1165/445 693/1166/445 708/1167/445 709/1168/445
f 687/1157/446 437/849/446 702/1169/446
f 446/850/447 701/1156/447 716/1164/447
f 695/1170/448 694/1165/448 709/1168/448 710/1171/448
f 688/1144/449 687/1143/449 702/1172/449 703/1173/449
f 696/1174/450 695/1170/450 710/1171/450 711/1175/450
f 689/1147/451 688/1144/451 703/1173/451 704/1176/451
f 697/1148/452 696/1146/452 711/1177/452 712/1178/452
f 690/1149/453 689/1147/453 704/1176/453 705/1179/453
f 698/1150/454 697/1148/454 712/1178/454 713/1158/454
f 691/1151/455 690/1149/455 705/1179/455 706/1160/455
f 711/1175/456 710/1171/456 725/1180/456 726/1181/456
f 704/1176/457 703/1173/457 718/1182/457 719/1183/457
f 712/1184/458 711/1175/458 726/1181/458 727/1185/458
f 705/1179/459 704/1176/459 719/1183/459 720/1186/459
f 713/1158/460 712/1178/460 727/1187/460 728/1188/460
f 706/1160/461 705/1179/461 720/1186/461 721/1189/461
f 714/1159/462 713/1158/462 728/1188/462 729/1190/462
f 707/1191/463 706/1192/463 721/1193/463 722/1194/463
f 715/1162/464 714/1159/464 729/1190/464 730/1195/464
f 708/1167/465 707/1191/465 722/1194/465 723/1196/465
f 716/1164/466 715/1162/466 730/1195/466 731/1197/466
f 709/1168/467 708/1167/467 723/1196/467 724/1198/467
f 702/1169/468 437/849/468 717/1199/468
f 446/850/469 716/1164/469 731/1197/469
f 710/1171/470 709/1168/470 724/1198/470 725/1180/470
f 703/1173/471 702/1172/471 717/1200/471 718/1182/471
f 730/1195/472 729/1190/472 744/1201/472 745/1202/472
f 723/1196/473 722/1194/473 737/1203/473 738/1204/473
f 731/1197/474 730/1195/474 745/1202/474 746/1205/474
f 724/1198/475 723/1196/475 738/1204/475 739/1206/475
f 717/1199/476 437/849/476 732/1207/476
f 446/850/477 731/1197/477 746/1205/477
f 725/1180/478 724/1198/478 739/1206/478 740/1208/478
f 718/1209/479 717/1199/479 732/1207/479 733/1210/479
f 726/1181/480 725/1180/480 740/1208/480 741/1211/480
f 719/1183/481 718/1182/481 733/1212/481 734/1213/481
f 727/1185/482 726/1181/482 741/1211/482 742/1214/482
f 720/1186/483 719/1183/483 734/1213/483 735/1215/483
f 728/1188/484 727/1187/484 742/1216/484 743/1217/484
f 721/1193/485 720/1218/485 735/1219/485 736/1220/485
f 729/1190/486 728/1188/486 743/1217/486 744/1201/486
f 722/1194/487 721/1193/487 736/1220/487 737/1203/487
f 734/1221/488 733/1210/488 748/1222/488 749/1223/488
f 742/1214/489 741/1211/489 756/1224/489 757/1225/489
f 735/1215/490 734/1213/490 749/1226/490 750/1227/490
f 743/1228/491 742/1214/491 757/1225/491 758/1229/491
f 736/1220/492 735/1219/492 750/1230/492 751/1231/492
f 744/1201/493 743/1217/493 758/1232/493 759/1233/493
f 737/1203/494 736/1220/494 751/1231/494 752/1234/494
f 745/1202/495 744/1201/495 759/1233/495 760/1235/495
f 738/1204/496 737/1203/496 752/1234/496 753/1236/496
f 746/1205/497 745/1202/497 760/1235/497 761/1237/497
f 739/1206/498 738/1204/498 753/1236/498 754/1238/498
f 732/1207/499 437/849/499 747/1239/499
f 446/850/500 746/1205/500 761/1237/500
f 740/1208/501 739/1206/501 754/1238/501 755/1240/501
f 733/1210/502 732/1207/502 747/1239/502 748/1222/502
f 741/1211/503 740/1208/503 755/1240/503 756/1224/503
f 753/1236/504 752/1234/504 767/1241/504 768/1242/504
f 761/1237/505 760/1235/505 775/1243/505 776/1244/505
f 754/1238/506 753/1236/506 768/1242/506 769/1245/506
f 747/1239/507 437/849/507 762/1246/507
f 446/850/508 761/1237/508 776/1244/508
f 755/1240/509 754/1238/509 769/1245/509 770/1247/509
f 748/1222/510 747/1239/510 762/1246/510 763/1248/510
f 756/1224/511 755/1240/511 770/1247/511 771/1249/511
f 749/1223/512 748/1222/512 763/1248/512 764/1250/512
f 757/1225/513 756/1224/513 771/1249/513 772/1251/513
f 750/1252/514 749/1223/514 764/1250/514 765/1253/514
f 758/1229/515 757/1225/515 772/1251/515 773/1254/515
f 751/1231/516 750/1230/516 765/1255/516 766/1256/516
f 759/1233/517 758/1232/517 773/1257/517 774/1258/517
f 752/1234/518 751/1231/518 766/1256/518 767/1241/518
f 760/1235/519 759/1233/519 774/1258/519 775/1243/519
f 772/1251/520 771/1249/520 786/1259/520 787/1260/520
f 765/1253/521 764/1250/521 779/1261/521 780/1262/521
f 773/1254/522 772/1251/522 787/1260/522 788/1263/522
f 766/1256/523 765/1255/523 780/1264/523 781/1265/523
f 774/1266/524 773/1254/524 788/1263/524 789/1267/524
f 767/1241/525 766/1256/525 781/1265/525 782/1268/525
f 775/1243/526 774/1258/526 789/1269/526 790/1270/526
f 768/1242/527 767/1241/527 782/1268/527 783/1271/527
f 776/1244/528 775/1243/528 790/1270/528 791/1272/528
f 769/1245/529 768/1242/529 783/1271/529 784/1273/529
f 762/1246/530 437/849/530 777/1274/530
f 446/850/531 776/1244/531 791/1272/531
f 770/1247/532 769/1245/532 784/1273/532 785/1275/532
f 763/1248/533 762/1246/533 777/1274/533 778/1276/533
f 771/1249/534 770/1247/534 785/1275/534 786/1259/534
f 764/1250/535 763/1248/535 778/1276/535 779/1261/535
f 791/1272/536 790/1270/536 805/1277/536 806/1278/536
f 784/1273/537 783/1271/537 798/1279/537 799/1280/537
f 777/1274/538 437/849/538 792/1281/538
f 446/850/539 791/1272/539 806/1278/539
f 785/1275/540 784/1273/540 799/1280/540 800/1282/540
f 778/1276/541 777/1274/541 792/1281/541 793/1283/541
f 786/1259/542 785/1275/542 800/1282/542 801/1284/542
f 779/1261/543 778/1276/543 793/1283/543 794/1285/543
f 787/1260/544 786/1259/544 801/1284/544 802/1286/544
f 780/1262/545 779/1261/545 794/1285/545 795/1287/545
f 788/1263/546 787/1260/546 802/1286/546 803/1288/546
f 781/1265/547 780/1264/547 795/1289/547 796/1290/547
f 789/1291/548 788/1292/548 803/1293/548 804/1294/548
f 782/1268/549 781/1265/549 796/1290/549 797/1295/549
f 790/1296/550 789/1291/550 804/1294/550 805/1297/550
f 783/1271/551 782/1268/551 797/1295/551 798/1279/551
f 795/1287/552 794/1285/552 809/1298/552 810/1299/552
f 803/1293/553 802/1300/553 817/1301/553 818/1302/553
f 796/1303/554 795/1287/554 810/1299/554 811/1304/554
f 804/1294/555 803/1293/555 818/1302/555 819/1305/555
f 797/1295/556 796/1290/556 811/1306/556 812/1307/556
f 805/1297/557 804/1294/557 819/1305/557 820/1308/557
f 798/1279/558 797/1295/558 812/1307/558 813/1309/558
f 806/1310/559 805/1297/559 820/1308/559 821/1311/559
f 799/1280/560 798/1279/560 813/1309/560 814/1312/560
f 792/1281/561 437/849/561 807/1313/561
f 446/850/562 806/1278/562 821/1314/562
f 800/1282/563 799/1280/563 814/1312/563 815/1315/563
f 793/1283/564 792/1281/564 807/1313/564 808/1316/564
f 801/1284/565 800/1282/565 815/1315/565 816/1317/565
f 794/1285/566 793/1283/566 808/1316/566 809/1298/566
f 802/1286/567 801/1284/567 816/1317/567 817/1318/567
f 814/1312/568 813/1309/568 828/1319/568 829/1320/568
f 807/1313/569 437/849/569 822/1321/569
f 446/850/570 821/1314/570 836/1322/570
f 815/1315/571 814/1312/571 829/1320/571 830/1323/571
f 808/1316/572 807/1313/572 822/1321/572 823/1324/572
f 816/1317/573 815/1315/573 830/1323/573 831/1325/573
f 809/1298/574 808/1316/574 823/1324/574 824/1326/574
f 817/1301/575 816/1327/575 831/1328/575 832/1329/575
f 810/1299/576 809/1298/576 824/1326/576 825/1330/576
f 818/1302/577 817/1301/577 832/1329/577 833/1331/577
f 811/1304/578 810/1299/578 825/1330/578 826/1332/578
f 819/1305/579 818/1302/579 833/1331/579 834/1333/579
f 812/1334/580 811/1304/580 826/1332/580 827/1335/580
f 820/1308/581 819/1305/581 834/1333/581 835/1336/581
f 813/1309/582 812/1307/582 827/1337/582 828/1319/582
f 821/1311/583 820/1308/583 835/1336/583 836/1338/583
f 833/1331/584 832/1329/584 847/1339/584 848/1340/584
f 826/1332/585 825/1330/585 840/1341/585 841/1342/585
f 834/1333/586 833/1331/586 848/1340/586 849/1343/586
f 827/1335/587 826/1332/587 841/1342/587 842/1344/587
f 835/1336/588 834/1333/588 849/1343/588 850/1345/588
f 828/1346/589 827/1335/589 842/1344/589 843/1347/589
f 836/1338/590 835/1336/590 850/1345/590 851/1348/590
f 829/1320/591 828/1319/591 843/1349/591 844/1350/591
f 822/1321/592 437/849/592 837/1351/592
f 446/850/593 836/1322/593 851/1352/593
f 830/1353/594 829/1354/594 844/1355/594 845/1356/594
f 823/1324/595 822/1321/595 837/1351/595 838/1357/595
f 831/1328/596 830/1353/596 845/1356/596 846/1358/596
f 824/1326/597 823/1324/597 838/1357/597 839/1359/597
f 832/1329/598 831/1328/598 846/1358/598 847/1339/598
f 825/1330/599 824/1326/599 839/1359/599 840/1341/599
f 446/850/600 851/1352/600 866/1360/600
f 845/1356/601 844/1355/601 859/1361/601 860/1362/601
f 838/1357/602 837/1351/602 852/1363/602 853/1364/602
f 846/1358/603 845/1356/603 860/1362/603 861/1365/603
f 839/1359/604 838/1357/604 853/1364/604 854/1366/604
f 847/1339/605 846/1358/605 861/1365/605 862/1367/605
f 840/1341/606 839/1359/606 854/1366/606 855/1368/606
f 848/1340/607 847/1339/607 862/1367/607 863/1369/607
f 841/1342/608 840/1341/608 855/1368/608 856/1370/608
f 849/1343/609 848/1340/609 863/1369/609 864/1371/609
f 842/1344/610 841/1342/610 856/1370/610 857/1372/610
f 850/1345/611 849/1343/611 864/1371/611 865/1373/611
f 843/1347/612 842/1344/612 857/1372/612 858/1374/612
f 851/1348/613 850/1345/613 865/1373/613 866/1375/613
f 844/1355/614 843/1376/614 858/1377/614 859/1361/614
f 837/1351/615 437/849/615 852/1363/615
f 864/1371/616 863/1369/616 878/1378/616 879/1379/616
f 857/1372/617 856/1370/617 871/1380/617 872/1381/617
f 865/1373/618 864/1371/618 879/1379/618 880/1382/618
f 858/1374/619 857/1372/619 872/1381/619 873/1383/619
f 866/1375/620 865/1373/620 880/1382/620 881/1384/620
f 859/1361/621 858/1377/621 873/1385/621 874/1386/621
f 852/1363/622 437/849/622 867/1387/622
f 446/850/623 866/1360/623 881/1388/623
f 860/1362/624 859/1361/624 874/1386/624 875/1389/624
f 853/1364/625 852/1363/625 867/1387/625 868/1390/625
f 861/1365/626 860/1362/626 875/1389/626 876/1391/626
f 854/1366/627 853/1364/627 868/1390/627 869/1392/627
f 862/1367/628 861/1365/628 876/1391/628 877/1393/628
f 855/1368/629 854/1366/629 869/1392/629 870/1394/629
f 863/1369/630 862/1367/630 877/1393/630 878/1378/630
f 856/1370/631 855/1368/631 870/1394/631 871/1380/631
f 868/1390/632 867/1387/632 882/1395/632 883/1396/632
f 876/1391/633 875/1389/633 890/1397/633 891/1398/633
f 869/1392/634 868/1390/634 883/1396/634 884/1399/634
f 877/1393/635 876/1391/635 891/1398/635 892/1400/635
f 870/1394/636 869/1392/636 884/1399/636 885/1401/636
f 878/1378/637 877/1393/637 892/1400/637 893/1402/637
f 871/1380/638 870/1394/638 885/1401/638 886/1403/638
f 879/1379/639 878/1378/639 893/1402/639 894/1404/639
f 872/1381/640 871/1380/640 886/1403/640 887/1405/640
f 880/1382/641 879/1379/641 894/1404/641 895/1406/641
f 873/1383/642 872/1381/642 887/1405/642 888/1407/642
f 881/1384/643 880/1382/643 895/1406/643 896/1408/643
f 874/1386/644 873/1385/644 888/1409/644 889/1410/644
f 867/1387/645 437/849/645 882/1395/645
f 446/850/646 881/1388/646 896/1411/646
f 875/1389/647 874/1386/647 889/1410/647 890/1397/647
f 887/1405/648 886/1403/648 901/1412/648 902/1413/648
f 895/1406/649 894/1404/649 909/1414/649 910/1415/649
f 888/1407/650 887/1405/650 902/1413/650 903/1416/650
f 896/1408/651 895/1406/651 910/1415/651 911/1417/651
f 889/1410/652 888/1409/652 903/1418/652 904/1419/652
f 882/1395/653 437/849/653 897/1420/653
f 446/850/654 896/1411/654 911/1421/654
f 890/1397/655 889/1410/655 904/1419/655 905/1422/655
f 883/1396/656 882/1395/656 897/1420/656 898/1423/656
f 891/1398/657 890/1397/657 905/1422/657 906/1424/657
f 884/1399/658 883/1396/658 898/1423/658 899/1425/658
f 892/1400/659 891/1398/659 906/1424/659 907/1426/659
f 885/1401/660 884/1399/660 899/1425/660 900/1427/660
f 893/1402/661 892/1400/661 907/1426/661 908/1428/661
f 886/1403/662 885/1401/662 900/1427/662 901/1412/662
f 894/1404/663 893/1402/663 908/1428/663 909/1414/663
f 906/1424/664 905/1422/664 443/822/664 915/821/664
f 899/1425/665 898/1423/665 912/817/665 439/825/665
f 907/1426/666 906/1424/666 915/821/666 916/827/666
f 900/1427/667 899/1425/667 439/825/667 440/829/667
f 908/1428/668 907/1426/668 916/827/668 444/831/668
f 901/1412/669 900/1427/669 440/829/669 913/833/669
f 909/1414/670 908/1428/670 444/831/670 445/835/670
f 902/1413/671 901/1412/671 913/833/671 441/837/671
f 910/1415/672 909/1414/672 445/835/672 917/839/672
f 903/1416/673 902/1413/673 441/837/673 914/841/673
f 911/1417/674 910/1415/674 917/839/674 918/843/674
f 904/1419/675 903/1418/675 914/846/675 442/845/675
f 897/1420/676 437/849/676 438/818/676
f 446/850/677 911/1421/677 918/851/677
f 905/1422/678 904/1419/678 442/845/678 443/822/678
f 898/1423/679 897/1420/679 438/818/679 912/817/679
f 1397/1429/680 925/1430/680 937/1431/680 938/1432/680
f 921/1433/170 1394/1434/170 930/1435/170 931/1436/170
f 1398/1437/171 1397/1429/171 938/1432/171 939/1438/171
f 922/1439/172 921/1433/172 931/1436/172 932/1440/172
f 926/1441/681 1398/1437/681 939/1438/681 940/1442/681
f 1395/1443/682 922/1439/682 932/1440/682 933/1444/682
f 927/1445/175 926/1441/175 940/1442/175 941/1446/175
f 923/1447/176 1395/1443/176 933/1444/176 934/1448/176
f 1399/1449/177 927/1445/177 941/1446/177 942/1450/177
f 1396/1451/683 923/1447/683 934/1448/683 935/1452/683
f 1400/1453/179 1399/1449/179 942/1450/179 943/1454/179
f 924/1455/180 1396/1456/180 935/1457/180 936/1458/180
f 920/1459/181 919/1460/181 929/1461/181
f 928/1462/182 1400/1463/182 943/1464/182
f 925/1430/684 924/1455/684 936/1458/684 937/1431/684
f 1394/1434/168 920/1459/168 929/1461/168 930/1435/168
f 928/1462/185 943/1464/185 958/1465/185
f 937/1466/186 936/1467/186 951/1468/186 952/1469/186
f 930/1435/187 929/1461/187 944/1470/187 945/1471/187
f 938/1432/188 937/1431/188 952/1472/188 953/1473/188
f 931/1436/189 930/1435/189 945/1471/189 946/1474/189
f 939/1438/190 938/1432/190 953/1473/190 954/1475/190
f 932/1440/191 931/1436/191 946/1474/191 947/1476/191
f 940/1442/192 939/1438/192 954/1475/192 955/1477/192
f 933/1444/685 932/1440/685 947/1476/685 948/1478/685
f 941/1446/194 940/1442/194 955/1477/194 956/1479/194
f 934/1448/195 933/1444/195 948/1478/195 949/1480/195
f 942/1450/196 941/1446/196 956/1479/196 957/1481/196
f 935/1482/197 934/1483/197 949/1484/197 950/1485/197
f 943/1454/198 942/1450/198 957/1481/198 958/1486/198
f 936/1467/199 935/1482/199 950/1485/199 951/1468/199
f 929/1461/184 919/1460/184 944/1470/184
f 956/1479/201 955/1477/201 970/1487/201 971/1488/201
f 949/1484/202 948/1489/202 963/1490/202 964/1491/202
f 957/1481/203 956/1479/203 971/1488/203 972/1492/203
f 950/1485/204 949/1484/204 964/1491/204 965/1493/204
f 958/1486/205 957/1481/205 972/1492/205 973/1494/205
f 951/1468/686 950/1485/686 965/1493/686 966/1495/686
f 944/1470/207 919/1460/207 959/1496/207
f 928/1462/208 958/1465/208 973/1497/208
f 952/1469/687 951/1468/687 966/1495/687 967/1498/687
f 945/1471/210 944/1470/210 959/1496/210 960/1499/210
f 953/1500/211 952/1469/211 967/1498/211 968/1501/211
f 946/1474/212 945/1471/212 960/1499/212 961/1502/212
f 954/1503/213 953/1500/213 968/1501/213 969/1504/213
f 947/1476/214 946/1474/214 961/1502/214 962/1505/214
f 955/1477/215 954/1475/215 969/1506/215 970/1487/215
f 948/1478/688 947/1476/688 962/1505/688 963/1507/688
f 960/1499/217 959/1496/217 974/1508/217 975/1509/217
f 968/1501/218 967/1498/218 982/1510/218 983/1511/218
f 961/1502/219 960/1499/219 975/1509/219 976/1512/219
f 969/1504/220 968/1501/220 983/1511/220 984/1513/220
f 962/1505/221 961/1502/221 976/1512/221 977/1514/221
f 970/1515/689 969/1504/689 984/1513/689 985/1516/689
f 963/1507/223 962/1505/223 977/1514/223 978/1517/223
f 971/1488/224 970/1487/224 985/1518/224 986/1519/224
f 964/1491/225 963/1490/225 978/1520/225 979/1521/225
f 972/1492/226 971/1488/226 986/1519/226 987/1522/226
f 965/1493/227 964/1491/227 979/1521/227 980/1523/227
f 973/1497/690 972/1524/690 987/1525/690 988/1526/690
f 966/1495/691 965/1493/691 980/1523/691 981/1527/691
f 959/1496/230 919/1460/230 974/1508/230
f 928/1462/231 973/1497/231 988/1526/231
f 967/1498/692 966/1495/692 981/1527/692 982/1510/692
f 979/1521/233 978/1520/233 993/1528/233 994/1529/233
f 987/1525/234 986/1530/234 1001/1531/234 1002/1532/234
f 980/1523/235 979/1521/235 994/1529/235 995/1533/235
f 988/1526/236 987/1525/236 1002/1532/236 1003/1534/236
f 981/1527/237 980/1523/237 995/1533/237 996/1535/237
f 974/1508/238 919/1460/238 989/1536/238
f 928/1462/239 988/1526/239 1003/1534/239
f 982/1510/240 981/1527/240 996/1535/240 997/1537/240
f 975/1509/241 974/1508/241 989/1536/241 990/1538/241
f 983/1511/242 982/1510/242 997/1537/242 998/1539/242
f 976/1512/243 975/1509/243 990/1538/243 991/1540/243
f 984/1513/244 983/1511/244 998/1539/244 999/1541/244
f 977/1514/245 976/1512/245 991/1540/245 992/1542/245
f 985/1516/246 984/1513/246 999/1541/246 1000/1543/246
f 978/1520/247 977/1544/247 992/1545/247 993/1528/247
f 986/1519/232 985/1518/232 1000/1546/232 1001/1547/232
f 998/1539/249 997/1537/249 1012/1548/249 1013/1549/249
f 991/1540/250 990/1538/250 1005/1550/250 1006/1551/250
f 999/1541/251 998/1539/251 1013/1549/251 1014/1552/251
f 992/1542/252 991/1540/252 1006/1551/252 1007/1553/252
f 1000/1543/253 999/1541/253 1014/1552/253 1015/1554/253
f 993/1528/254 992/1545/254 1007/1555/254 1008/1556/254
f 1001/1531/255 1000/1557/255 1015/1558/255 1016/1559/255
f 994/1529/256 993/1528/256 1008/1556/256 1009/1560/256
f 1002/1532/257 1001/1531/257 1016/1559/257 1017/1561/257
f 995/1533/258 994/1529/258 1009/1560/258 1010/1562/258
f 1003/1534/259 1002/1532/259 1017/1561/259 1018/1563/259
f 996/1535/260 995/1533/260 1010/1562/260 1011/1564/260
f 989/1536/261 919/1460/261 1004/1565/261
f 928/1462/262 1003/1534/262 1018/1563/262
f 997/1537/263 996/1535/263 1011/1564/263 1012/1548/263
f 990/1538/248 989/1536/248 1004/1565/248 1005/1550/248
f 1017/1561/265 1016/1559/265 1031/1566/265 1032/1567/265
f 1010/1562/266 1009/1560/266 1024/1568/266 1025/1569/266
f 1018/1563/267 1017/1561/267 1032/1567/267 1033/1570/267
f 1011/1564/268 1010/1562/268 1025/1569/268 1026/1571/268
f 1004/1565/269 919/1460/269 1019/1572/269
f 928/1462/270 1018/1563/270 1033/1570/270
f 1012/1548/271 1011/1564/271 1026/1571/271 1027/1573/271
f 1005/1550/272 1004/1565/272 1019/1572/272 1020/1574/272
f 1013/1549/273 1012/1548/273 1027/1573/273 1028/1575/273
f 1006/1551/274 1005/1550/274 1020/1574/274 1021/1576/274
f 1014/1552/275 1013/1549/275 1028/1575/275 1029/1577/275
f 1007/1555/276 1006/1578/276 1021/1579/276 1022/1580/276
f 1015/1554/277 1014/1552/277 1029/1577/277 1030/1581/277
f 1008/1556/278 1007/1555/278 1022/1580/278 1023/1582/278
f 1016/1559/279 1015/1558/279 1030/1583/279 1031/1566/279
f 1009/1560/264 1008/1556/264 1023/1582/264 1024/1568/264
f 1021/1584/281 1020/1585/281 1035/1586/281 1036/1587/281
f 1029/1577/282 1028/1575/282 1043/1588/282 1044/1589/282
f 1022/1590/283 1021/1584/283 1036/1587/283 1037/1591/283
f 1030/1581/284 1029/1577/284 1044/1589/284 1045/1592/284
f 1023/1582/285 1022/1580/285 1037/1593/285 1038/1594/285
f 1031/1566/286 1030/1583/286 1045/1595/286 1046/1596/286
f 1024/1568/287 1023/1582/287 1038/1594/287 1039/1597/287
f 1032/1567/288 1031/1566/288 1046/1596/288 1047/1598/288
f 1025/1569/289 1024/1568/289 1039/1597/289 1040/1599/289
f 1033/1570/290 1032/1567/290 1047/1598/290 1048/1600/290
f 1026/1571/291 1025/1569/291 1040/1599/291 1041/1601/291
f 1019/1572/292 919/1460/292 1034/1602/292
f 928/1462/293 1033/1570/293 1048/1600/293
f 1027/1573/294 1026/1571/294 1041/1601/294 1042/1603/294
f 1020/1574/295 1019/1572/295 1034/1602/295 1035/1604/295
f 1028/1575/280 1027/1573/280 1042/1603/280 1043/1588/280
f 1040/1599/297 1039/1597/297 1054/1605/297 1055/1606/297
f 1048/1600/298 1047/1598/298 1062/1607/298 1063/1608/298
f 1041/1601/299 1040/1599/299 1055/1606/299 1056/1609/299
f 1034/1602/300 919/1460/300 1049/1610/300
f 928/1462/301 1048/1600/301 1063/1608/301
f 1042/1603/302 1041/1601/302 1056/1609/302 1057/1611/302
f 1035/1586/303 1034/1612/303 1049/1613/303 1050/1614/303
f 1043/1588/304 1042/1603/304 1057/1611/304 1058/1615/304
f 1036/1587/305 1035/1586/305 1050/1614/305 1051/1616/305
f 1044/1589/306 1043/1588/306 1058/1615/306 1059/1617/306
f 1037/1591/307 1036/1587/307 1051/1616/307 1052/1618/307
f 1045/1595/308 1044/1619/308 1059/1620/308 1060/1621/308
f 1038/1622/309 1037/1591/309 1052/1618/309 1053/1623/309
f 1046/1596/310 1045/1595/310 1060/1621/310 1061/1624/310
f 1039/1597/311 1038/1594/311 1053/1625/311 1054/1605/311
f 1047/1598/296 1046/1596/296 1061/1624/296 1062/1607/296
f 1059/1620/312 1058/1626/312 1073/1627/312 1074/1628/312
f 1052/1618/313 1051/1616/313 1066/1629/313 1067/1630/313
f 1060/1621/314 1059/1620/314 1074/1628/314 1075/1631/314
f 1053/1623/315 1052/1618/315 1067/1630/315 1068/1632/315
f 1061/1624/316 1060/1621/316 1075/1631/316 1076/1633/316
f 1054/1634/317 1053/1623/317 1068/1632/317 1069/1635/317
f 1062/1607/318 1061/1624/318 1076/1633/318 1077/1636/318
f 1055/1606/319 1054/1605/319 1069/1637/319 1070/1638/319
f 1063/1608/320 1062/1607/320 1077/1636/320 1078/1639/320
f 1056/1609/321 1055/1606/321 1070/1638/321 1071/1640/321
f 1049/1610/322 919/1460/322 1064/1641/322
f 928/1462/323 1063/1608/323 1078/1639/323
f 1057/1611/324 1056/1609/324 1071/1640/324 1072/1642/324
f 1050/1614/325 1049/1613/325 1064/1643/325 1065/1644/325
f 1058/1615/326 1057/1611/326 1072/1642/326 1073/1645/326
f 1051/1616/327 1050/1614/327 1065/1644/327 1066/1629/327
f 1078/1639/328 1077/1636/328 1092/1646/328 1093/1647/328
f 1071/1648/329 1070/1649/329 1085/1650/329 1086/1651/329
f 1064/1641/330 919/1460/330 1079/1652/330
f 928/1462/331 1078/1639/331 1093/1647/331
f 1072/1642/332 1071/1640/332 1086/1653/332 1087/1654/332
f 1065/1644/333 1064/1643/333 1079/1655/333 1080/1656/333
f 1073/1627/334 1072/1657/334 1087/1658/334 1088/1659/334
f 1066/1629/335 1065/1644/335 1080/1656/335 1081/1660/335
f 1074/1628/336 1073/1627/336 1088/1659/336 1089/1661/336
f 1067/1630/337 1066/1629/337 1081/1660/337 1082/1662/337
f 1075/1631/338 1074/1628/338 1089/1661/338 1090/1663/338
f 1068/1632/339 1067/1630/339 1082/1662/339 1083/1664/339
f 1076/1633/693 1075/1631/693 1090/1663/693 1091/1665/693
f 1069/1635/341 1068/1632/341 1083/1664/341 1084/1666/341
f 1077/1636/342 1076/1633/342 1091/1665/342 1092/1646/342
f 1070/1649/343 1069/1635/343 1084/1666/343 1085/1650/343
f 1090/1663/345 1089/1661/345 1104/1667/345 1105/1668/345
f 1083/1664/346 1082/1662/346 1097/1669/346 1098/1670/346
f 1091/1665/347 1090/1663/347 1105/1668/347 1106/1671/347
f 1084/1666/348 1083/1664/348 1098/1670/348 1099/1672/348
f 1092/1646/349 1091/1665/349 1106/1671/349 1107/1673/349
f 1085/1650/350 1084/1666/350 1099/1672/350 1100/1674/350
f 1093/1647/351 1092/1646/351 1107/1673/351 1108/1675/351
f 1086/1651/352 1085/1650/352 1100/1674/352 1101/1676/352
f 1079/1652/353 919/1460/353 1094/1677/353
f 928/1462/354 1093/1647/354 1108/1675/354
f 1087/1678/355 1086/1651/355 1101/1676/355 1102/1679/355
f 1080/1656/356 1079/1655/356 1094/1680/356 1095/1681/356
f 1088/1659/357 1087/1658/357 1102/1682/357 1103/1683/357
f 1081/1660/358 1080/1656/358 1095/1681/358 1096/1684/358
f 1089/1661/359 1088/1659/359 1103/1683/359 1104/1667/359
f 1082/1662/344 1081/1660/344 1096/1684/344 1097/1669/344
f 1094/1677/361 919/1460/361 1109/1685/361
f 928/1462/362 1108/1675/362 1123/1686/362
f 1102/1679/363 1101/1676/363 1116/1687/363 1117/1688/363
f 1095/1681/364 1094/1680/364 1109/1689/364 1110/1690/364
f 1103/1683/365 1102/1682/365 1117/1691/365 1118/1692/365
f 1096/1684/366 1095/1681/366 1110/1690/366 1111/1693/366
f 1104/1667/367 1103/1683/367 1118/1692/367 1119/1694/367
f 1097/1669/368 1096/1684/368 1111/1693/368 1112/1695/368
f 1105/1668/369 1104/1667/369 1119/1694/369 1120/1696/369
f 1098/1670/370 1097/1669/370 1112/1695/370 1113/1697/370
f 1106/1671/371 1105/1668/371 1120/1696/371 1121/1698/371
f 1099/1672/372 1098/1670/372 1113/1697/372 1114/1699/372
f 1107/1673/373 1106/1671/373 1121/1698/373 1122/1700/373
f 1100/1674/374 1099/1672/374 1114/1699/374 1115/1701/374
f 1108/1675/375 1107/1673/375 1122/1700/375 1123/1686/375
f 1101/1676/360 1100/1674/360 1115/1701/360 1116/1687/360
f 1113/1697/694 1112/1695/694 1127/1702/694 1128/1703/694
f 1121/1698/378 1120/1696/378 1135/1704/378 1136/1705/378
f 1114/1699/379 1113/1697/379 1128/1703/379 1129/1706/379
f 1122/1700/380 1121/1698/380 1136/1705/380 1137/1707/380
f 1115/1701/381 1114/1699/381 1129/1706/381 1130/1708/381
f 1123/1686/382 1122/1700/382 1137/1707/382 1138/1709/382
f 1116/1687/383 1115/1701/383 1130/1708/383 1131/1710/383
f 1109/1685/384 919/1460/384 1124/1711/384
f 928/1462/385 1123/1686/385 1138/1709/385
f 1117/1688/386 1116/1687/386 1131/1710/386 1132/1712/386
f 1110/1690/387 1109/1689/387 1124/1713/387 1125/1714/387
f 1118/1692/388 1117/1691/388 1132/1715/388 1133/1716/388
f 1111/1693/389 1110/1690/389 1125/1714/389 1126/1717/389
f 1119/1694/390 1118/1692/390 1133/1716/390 1134/1718/390
f 1112/1695/391 1111/1693/391 1126/1717/391 1127/1702/391
f 1120/1696/695 1119/1694/695 1134/1718/695 1135/1704/695
f 1132/1712/394 1131/1710/394 1146/1719/394 1147/1720/394
f 1125/1714/395 1124/1713/395 1139/1721/395 1140/1722/395
f 1133/1716/396 1132/1715/396 1147/1723/396 1148/1724/396
f 1126/1717/397 1125/1714/397 1140/1722/397 1141/1725/397
f 1134/1718/398 1133/1716/398 1148/1724/398 1149/1726/398
f 1127/1702/399 1126/1717/399 1141/1725/399 1142/1727/399
f 1135/1704/400 1134/1718/400 1149/1726/400 1150/1728/400
f 1128/1703/401 1127/1702/401 1142/1727/401 1143/1729/401
f 1136/1705/402 1135/1704/402 1150/1728/402 1151/1730/402
f 1129/1706/403 1128/1703/403 1143/1729/403 1144/1731/403
f 1137/1707/404 1136/1705/404 1151/1730/404 1152/1732/404
f 1130/1708/405 1129/1706/405 1144/1731/405 1145/1733/405
f 1138/1709/406 1137/1707/406 1152/1732/406 1153/1734/406
f 1131/1710/407 1130/1708/407 1145/1733/407 1146/1719/407
f 1124/1711/392 919/1460/392 1139/1735/392
f 928/1462/393 1138/1709/393 1153/1734/393
f 1151/1730/409 1150/1728/409 1165/1736/409 1166/1737/409
f 1144/1731/410 1143/1729/410 1158/1738/410 1159/1739/410
f 1152/1732/411 1151/1730/411 1166/1737/411 1167/1740/411
f 1145/1733/696 1144/1731/696 1159/1739/696 1160/1741/696
f 1153/1734/413 1152/1732/413 1167/1740/413 1168/1742/413
f 1146/1719/414 1145/1733/414 1160/1741/414 1161/1743/414
f 1139/1735/415 919/1460/415 1154/1744/415
f 928/1462/416 1153/1734/416 1168/1742/416
f 1147/1720/417 1146/1719/417 1161/1743/417 1162/1745/417
f 1140/1722/418 1139/1721/418 1154/1746/418 1155/1747/418
f 1148/1724/697 1147/1723/697 1162/1748/697 1163/1749/697
f 1141/1725/420 1140/1722/420 1155/1747/420 1156/1750/420
f 1149/1726/421 1148/1724/421 1163/1749/421 1164/1751/421
f 1142/1727/422 1141/1725/422 1156/1750/422 1157/1752/422
f 1150/1728/698 1149/1726/698 1164/1751/698 1165/1736/698
f 1143/1729/408 1142/1727/408 1157/1752/408 1158/1738/408
f 1155/1747/425 1154/1746/425 1169/1753/425 1170/1754/425
f 1163/1749/426 1162/1748/426 1177/1755/426 1178/1756/426
f 1156/1750/427 1155/1747/427 1170/1754/427 1171/1757/427
f 1164/1751/428 1163/1749/428 1178/1756/428 1179/1758/428
f 1157/1752/699 1156/1750/699 1171/1757/699 1172/1759/699
f 1165/1736/430 1164/1751/430 1179/1758/430 1180/1760/430
f 1158/1738/431 1157/1752/431 1172/1759/431 1173/1761/431
f 1166/1737/432 1165/1736/432 1180/1760/432 1181/1762/432
f 1159/1739/700 1158/1738/700 1173/1761/700 1174/1763/700
f 1167/1740/434 1166/1737/434 1181/1762/434 1182/1764/434
f 1160/1741/435 1159/1739/435 1174/1763/435 1175/1765/435
f 1168/1742/436 1167/1740/436 1182/1764/436 1183/1766/436
f 1161/1743/701 1160/1741/701 1175/1765/701 1176/1767/701
f 1154/1744/438 919/1460/438 1169/1768/438
f 928/1462/439 1168/1742/439 1183/1766/439
f 1162/1745/702 1161/1743/702 1176/1767/702 1177/1769/702
f 1174/1763/441 1173/1761/441 1188/1770/441 1189/1771/441
f 1182/1764/442 1181/1762/442 1196/1772/442 1197/1773/442
f 1175/1765/443 1174/1763/443 1189/1771/443 1190/1774/443
f 1183/1766/444 1182/1764/444 1197/1773/444 1198/1775/444
f 1176/1776/445 1175/1777/445 1190/1778/445 1191/1779/445
f 1169/1768/446 919/1460/446 1184/1780/446
f 928/1462/447 1183/1766/447 1198/1775/447
f 1177/1781/448 1176/1776/448 1191/1779/448 1192/1782/448
f 1170/1754/449 1169/1753/449 1184/1783/449 1185/1784/449
f 1178/1785/450 1177/1781/450 1192/1782/450 1193/1786/450
f 1171/1757/451 1170/1754/451 1185/1784/451 1186/1787/451
f 1179/1758/452 1178/1756/452 1193/1788/452 1194/1789/452
f 1172/1759/453 1171/1757/453 1186/1787/453 1187/1790/453
f 1180/1760/454 1179/1758/454 1194/1789/454 1195/1791/454
f 1173/1761/455 1172/1759/455 1187/1790/455 1188/1770/455
f 1181/1762/440 1180/1760/440 1195/1791/440 1196/1772/440
f 1193/1786/456 1192/1782/456 1207/1792/456 1208/1793/456
f 1186/1787/457 1185/1784/457 1200/1794/457 1201/1795/457
f 1194/1796/458 1193/1786/458 1208/1793/458 1209/1797/458
f 1187/1790/459 1186/1787/459 1201/1795/459 1202/1798/459
f 1195/1791/460 1194/1789/460 1209/1799/460 1210/1800/460
f 1188/1770/461 1187/1790/461 1202/1798/461 1203/1801/461
f 1196/1772/462 1195/1791/462 1210/1800/462 1211/1802/462
f 1189/1803/463 1188/1804/463 1203/1805/463 1204/1806/463
f 1197/1773/464 1196/1772/464 1211/1802/464 1212/1807/464
f 1190/1778/465 1189/1803/465 1204/1806/465 1205/1808/465
f 1198/1775/466 1197/1773/466 1212/1807/466 1213/1809/466
f 1191/1779/467 1190/1778/467 1205/1808/467 1206/1810/467
f 1184/1780/468 919/1460/468 1199/1811/468
f 928/1462/469 1198/1775/469 1213/1809/469
f 1192/1782/470 1191/1779/470 1206/1810/470 1207/1792/470
f 1185/1784/471 1184/1783/471 1199/1812/471 1200/1794/471
f 1212/1807/472 1211/1802/472 1226/1813/472 1227/1814/472
f 1205/1808/473 1204/1806/473 1219/1815/473 1220/1816/473
f 1213/1809/474 1212/1807/474 1227/1814/474 1228/1817/474
f 1206/1810/475 1205/1808/475 1220/1816/475 1221/1818/475
f 1199/1811/476 919/1460/476 1214/1819/476
f 928/1462/477 1213/1809/477 1228/1817/477
f 1207/1792/478 1206/1810/478 1221/1818/478 1222/1820/478
f 1200/1821/479 1199/1811/479 1214/1819/479 1215/1822/479
f 1208/1793/480 1207/1792/480 1222/1820/480 1223/1823/480
f 1201/1795/481 1200/1794/481 1215/1824/481 1216/1825/481
f 1209/1797/482 1208/1793/482 1223/1823/482 1224/1826/482
f 1202/1798/483 1201/1795/483 1216/1825/483 1217/1827/483
f 1210/1800/484 1209/1799/484 1224/1828/484 1225/1829/484
f 1203/1805/485 1202/1830/485 1217/1831/485 1218/1832/485
f 1211/1802/486 1210/1800/486 1225/1829/486 1226/1813/486
f 1204/1806/487 1203/1805/487 1218/1832/487 1219/1815/487
f 1224/1826/489 1223/1823/489 1238/1833/489 1239/1834/489
f 1217/1827/490 1216/1825/490 1231/1835/490 1232/1836/490
f 1225/1837/491 1224/1826/491 1239/1834/491 1240/1838/491
f 1218/1832/492 1217/1831/492 1232/1839/492 1233/1840/492
f 1226/1813/493 1225/1829/493 1240/1841/493 1241/1842/493
f 1219/1815/494 1218/1832/494 1233/1840/494 1234/1843/494
f 1227/1814/495 1226/1813/495 1241/1842/495 1242/1844/495
f 1220/1816/496 1219/1815/496 1234/1843/496 1235/1845/496
f 1228/1817/497 1227/1814/497 1242/1844/497 1243/1846/497
f 1221/1818/498 1220/1816/498 1235/1845/498 1236/1847/498
f 1214/1819/499 919/1460/499 1229/1848/499
f 928/1462/500 1228/1817/500 1243/1846/500
f 1222/1820/501 1221/1818/501 1236/1847/501 1237/1849/501
f 1215/1822/502 1214/1819/502 1229/1848/502 1230/1850/502
f 1223/1823/503 1222/1820/503 1237/1849/503 1238/1833/503
f 1216/1851/488 1215/1822/488 1230/1850/488 1231/1852/488
f 1243/1846/505 1242/1844/505 1257/1853/505 1258/1854/505
f 1236/1847/506 1235/1845/506 1250/1855/506 1251/1856/506
f 1229/1848/507 919/1460/507 1244/1857/507
f 928/1462/508 1243/1846/508 1258/1854/508
f 1237/1849/509 1236/1847/509 1251/1856/509 1252/1858/509
f 1230/1850/510 1229/1848/510 1244/1857/510 1245/1859/510
f 1238/1833/511 1237/1849/511 1252/1858/511 1253/1860/511
f 1231/1852/512 1230/1850/512 1245/1859/512 1246/1861/512
f 1239/1834/513 1238/1833/513 1253/1860/513 1254/1862/513
f 1232/1863/514 1231/1852/514 1246/1861/514 1247/1864/514
f 1240/1838/515 1239/1834/515 1254/1862/515 1255/1865/515
f 1233/1840/516 1232/1839/516 1247/1866/516 1248/1867/516
f 1241/1842/517 1240/1841/517 1255/1868/517 1256/1869/517
f 1234/1843/518 1233/1840/518 1248/1867/518 1249/1870/518
f 1242/1844/519 1241/1842/519 1256/1869/519 1257/1853/519
f 1235/1845/504 1234/1843/504 1249/1870/504 1250/1855/504
f 1247/1864/521 1246/1861/521 1261/1871/521 1262/1872/521
f 1255/1865/522 1254/1862/522 1269/1873/522 1270/1874/522
f 1248/1867/523 1247/1866/523 1262/1875/523 1263/1876/523
f 1256/1877/524 1255/1865/524 1270/1874/524 1271/1878/524
f 1249/1870/525 1248/1867/525 1263/1876/525 1264/1879/525
f 1257/1853/526 1256/1869/526 1271/1880/526 1272/1881/526
f 1250/1855/527 1249/1870/527 1264/1879/527 1265/1882/527
f 1258/1854/528 1257/1853/528 1272/1881/528 1273/1883/528
f 1251/1856/529 1250/1855/529 1265/1882/529 1266/1884/529
f 1244/1857/530 919/1460/530 1259/1885/530
f 928/1462/531 1258/1854/531 1273/1883/531
f 1252/1858/532 1251/1856/532 1266/1884/532 1267/1886/532
f 1245/1859/533 1244/1857/533 1259/1885/533 1260/1887/533
f 1253/1860/534 1252/1858/534 1267/1886/534 1268/1888/534
f 1246/1861/535 1245/1859/535 1260/1887/535 1261/1871/535
f 1254/1862/520 1253/1860/520 1268/1888/520 1269/1873/520
f 1266/1884/537 1265/1882/537 1280/1889/537 1281/1890/537
f 1259/1885/538 919/1460/538 1274/1891/538
f 928/1462/539 1273/1883/539 1288/1892/539
f 1267/1886/540 1266/1884/540 1281/1890/540 1282/1893/540
f 1260/1887/541 1259/1885/541 1274/1891/541 1275/1894/541
f 1268/1888/542 1267/1886/542 1282/1893/542 1283/1895/542
f 1261/1871/543 1260/1887/543 1275/1894/543 1276/1896/543
f 1269/1873/544 1268/1888/544 1283/1895/544 1284/1897/544
f 1262/1872/545 1261/1871/545 1276/1896/545 1277/1898/545
f 1270/1874/546 1269/1873/546 1284/1897/546 1285/1899/546
f 1263/1876/547 1262/1875/547 1277/1900/547 1278/1901/547
f 1271/1902/548 1270/1903/548 1285/1904/548 1286/1905/548
f 1264/1879/549 1263/1876/549 1278/1901/549 1279/1906/549
f 1272/1907/550 1271/1902/550 1286/1905/550 1287/1908/550
f 1265/1882/551 1264/1879/551 1279/1906/551 1280/1889/551
f 1273/1883/536 1272/1881/536 1287/1909/536 1288/1892/536
f 1285/1904/553 1284/1910/553 1299/1911/553 1300/1912/553
f 1278/1913/554 1277/1898/554 1292/1914/554 1293/1915/554
f 1286/1905/555 1285/1904/555 1300/1912/555 1301/1916/555
f 1279/1906/556 1278/1901/556 1293/1917/556 1294/1918/556
f 1287/1908/557 1286/1905/557 1301/1916/557 1302/1919/557
f 1280/1889/558 1279/1906/558 1294/1918/558 1295/1920/558
f 1288/1921/559 1287/1908/559 1302/1919/559 1303/1922/559
f 1281/1890/560 1280/1889/560 1295/1920/560 1296/1923/560
f 1274/1891/561 919/1460/561 1289/1924/561
f 928/1462/562 1288/1892/562 1303/1925/562
f 1282/1893/563 1281/1890/563 1296/1923/563 1297/1926/563
f 1275/1894/564 1274/1891/564 1289/1924/564 1290/1927/564
f 1283/1895/565 1282/1893/565 1297/1926/565 1298/1928/565
f 1276/1896/566 1275/1894/566 1290/1927/566 1291/1929/566
f 1284/1897/567 1283/1895/567 1298/1928/567 1299/1930/567
f 1277/1898/552 1276/1896/552 1291/1929/552 1292/1914/552
f 1289/1924/569 919/1460/569 1304/1931/569
f 928/1462/570 1303/1925/570 1318/1932/570
f 1297/1926/571 1296/1923/571 1311/1933/571 1312/1934/571
f 1290/1927/572 1289/1924/572 1304/1931/572 1305/1935/572
f 1298/1928/573 1297/1926/573 1312/1934/573 1313/1936/573
f 1291/1929/574 1290/1927/574 1305/1935/574 1306/1937/574
f 1299/1911/575 1298/1938/575 1313/1939/575 1314/1940/575
f 1292/1914/576 1291/1929/576 1306/1937/576 1307/1941/576
f 1300/1912/577 1299/1911/577 1314/1940/577 1315/1942/577
f 1293/1915/578 1292/1914/578 1307/1941/578 1308/1943/578
f 1301/1916/579 1300/1912/579 1315/1942/579 1316/1944/579
f 1294/1945/580 1293/1915/580 1308/1943/580 1309/1946/580
f 1302/1919/581 1301/1916/581 1316/1944/581 1317/1947/581
f 1295/1920/582 1294/1918/582 1309/1948/582 1310/1949/582
f 1303/1922/583 1302/1919/583 1317/1947/583 1318/1950/583
f 1296/1923/568 1295/1920/568 1310/1949/568 1311/1933/568
f 1308/1943/585 1307/1941/585 1322/1951/585 1323/1952/585
f 1316/1944/586 1315/1942/586 1330/1953/586 1331/1954/586
f 1309/1946/587 1308/1943/587 1323/1952/587 1324/1955/587
f 1317/1947/588 1316/1944/588 1331/1954/588 1332/1956/588
f 1310/1957/589 1309/1946/589 1324/1955/589 1325/1958/589
f 1318/1950/590 1317/1947/590 1332/1956/590 1333/1959/590
f 1311/1933/591 1310/1949/591 1325/1960/591 1326/1961/591
f 1304/1931/592 919/1460/592 1319/1962/592
f 928/1462/593 1318/1932/593 1333/1963/593
f 1312/1964/594 1311/1965/594 1326/1966/594 1327/1967/594
f 1305/1935/595 1304/1931/595 1319/1962/595 1320/1968/595
f 1313/1939/596 1312/1964/596 1327/1967/596 1328/1969/596
f 1306/1937/597 1305/1935/597 1320/1968/597 1321/1970/597
f 1314/1940/598 1313/1939/598 1328/1969/598 1329/1971/598
f 1307/1941/599 1306/1937/599 1321/1970/599 1322/1951/599
f 1315/1942/584 1314/1940/584 1329/1971/584 1330/1953/584
f 1327/1967/703 1326/1966/703 1341/1972/703 1342/1973/703
f 1320/1968/602 1319/1962/602 1334/1974/602 1335/1975/602
f 1328/1969/603 1327/1967/603 1342/1973/603 1343/1976/603
f 1321/1970/604 1320/1968/604 1335/1975/604 1336/1977/604
f 1329/1971/605 1328/1969/605 1343/1976/605 1344/1978/605
f 1322/1951/606 1321/1970/606 1336/1977/606 1337/1979/606
f 1330/1953/607 1329/1971/607 1344/1978/607 1345/1980/607
f 1323/1952/608 1322/1951/608 1337/1979/608 1338/1981/608
f 1331/1954/609 1330/1953/609 1345/1980/609 1346/1982/609
f 1324/1955/610 1323/1952/610 1338/1981/610 1339/1983/610
f 1332/1956/611 1331/1954/611 1346/1982/611 1347/1984/611
f 1325/1958/612 1324/1955/612 1339/1983/612 1340/1985/612
f 1333/1959/613 1332/1956/613 1347/1984/613 1348/1986/613
f 1326/1966/614 1325/1987/614 1340/1988/614 1341/1972/614
f 1319/1962/615 919/1460/615 1334/1974/615
f 928/1462/600 1333/1963/600 1348/1989/600
f 1346/1982/616 1345/1980/616 1360/1990/616 1361/1991/616
f 1339/1983/617 1338/1981/617 1353/1992/617 1354/1993/617
f 1347/1984/618 1346/1982/618 1361/1991/618 1362/1994/618
f 1340/1985/619 1339/1983/619 1354/1993/619 1355/1995/619
f 1348/1986/620 1347/1984/620 1362/1994/620 1363/1996/620
f 1341/1972/621 1340/1988/621 1355/1997/621 1356/1998/621
f 1334/1974/622 919/1460/622 1349/1999/622
f 928/1462/623 1348/1989/623 1363/2000/623
f 1342/1973/624 1341/1972/624 1356/1998/624 1357/2001/624
f 1335/1975/625 1334/1974/625 1349/1999/625 1350/2002/625
f 1343/1976/626 1342/1973/626 1357/2001/626 1358/2003/626
f 1336/1977/627 1335/1975/627 1350/2002/627 1351/2004/627
f 1344/1978/628 1343/1976/628 1358/2003/628 1359/2005/628
f 1337/1979/629 1336/1977/629 1351/2004/629 1352/2006/629
f 1345/1980/630 1344/1978/630 1359/2005/630 1360/1990/630
f 1338/1981/631 1337/1979/631 1352/2006/631 1353/1992/631
f 1358/2003/633 1357/2001/633 1372/2007/633 1373/2008/633
f 1351/2004/634 1350/2002/634 1365/2009/634 1366/2010/634
f 1359/2005/635 1358/2003/635 1373/2008/635 1374/2011/635
f 1352/2006/704 1351/2004/704 1366/2010/704 1367/2012/704
f 1360/1990/705 1359/2005/705 1374/2011/705 1375/2013/705
f 1353/1992/706 1352/2006/706 1367/2012/706 1368/2014/706
f 1361/1991/707 1360/1990/707 1375/2013/707 1376/2015/707
f 1354/1993/640 1353/1992/640 1368/2014/640 1369/2016/640
f 1362/1994/641 1361/1991/641 1376/2015/641 1377/2017/641
f 1355/1995/642 1354/1993/642 1369/2016/642 1370/2018/642
f 1363/1996/643 1362/1994/643 1377/2017/643 1378/2019/643
f 1356/1998/644 1355/1997/644 1370/2020/644 1371/2021/644
f 1349/1999/645 919/1460/645 1364/2022/645
f 928/1462/646 1363/2000/646 1378/2023/646
f 1357/2001/708 1356/1998/708 1371/2021/708 1372/2007/708
f 1350/2002/632 1349/1999/632 1364/2022/632 1365/2009/632
f 1377/2017/649 1376/2015/649 1391/2024/649 1392/2025/649
f 1370/2018/650 1369/2016/650 1384/2026/650 1385/2027/650
f 1378/2019/651 1377/2017/651 1392/2025/651 1393/2028/651
f 1371/2021/652 1370/2020/652 1385/2029/652 1386/2030/652
f 1364/2022/653 919/1460/653 1379/2031/653
f 928/1462/654 1378/2023/654 1393/2032/654
f 1372/2007/655 1371/2021/655 1386/2030/655 1387/2033/655
f 1365/2009/656 1364/2022/656 1379/2031/656 1380/2034/656
f 1373/2008/657 1372/2007/657 1387/2033/657 1388/2035/657
f 1366/2010/658 1365/2009/658 1380/2034/658 1381/2036/658
f 1374/2011/659 1373/2008/659 1388/2035/659 1389/2037/659
f 1367/2012/660 1366/2010/660 1381/2036/660 1382/2038/660
f 1375/2013/661 1374/2011/661 1389/2037/661 1390/2039/661
f 1368/2014/662 1367/2012/662 1382/2038/662 1383/2040/662
f 1376/2015/663 1375/2013/663 1390/2039/663 1391/2024/663
f 1369/2016/648 1368/2014/648 1383/2040/648 1384/2026/648
f 1381/2036/665 1380/2034/665 1394/1434/665 921/1433/665
f 1389/2037/666 1388/2035/666 1397/1429/666 1398/1437/666
f 1382/2038/667 1381/2036/667 921/1433/667 922/1439/667
f 1390/2039/668 1389/2037/668 1398/1437/668 926/1441/668
f 1383/2040/669 1382/2038/669 922/1439/669 1395/1443/669
f 1391/2024/670 1390/2039/670 926/1441/670 927/1445/670
f 1384/2026/671 1383/2040/671 1395/1443/671 923/1447/671
f 1392/2025/672 1391/2024/672 927/1445/672 1399/1449/672
f 1385/2027/709 1384/2026/709 923/1447/709 1396/1451/709
f 1393/2028/674 1392/2025/674 1399/1449/674 1400/1453/674
f 1386/2030/675 1385/2029/675 1396/1456/675 924/1455/675
f 1379/2031/676 919/1460/676 920/1459/676
f 928/1462/677 1393/2032/677 1400/1463/677
f 1387/2033/678 1386/2030/678 924/1455/678 925/1430/678
f 1380/2034/679 1379/2031/679 920/1459/679 1394/1434/679
f 1388/2035/664 1387/2033/664 925/1430/664 1397/1429/664
s 1
f 1401/2041/710 1402/2042/711 1403/2043/712
f 1404/2044/713 1405/2045/714 1406/2046/715
f 1407/2047/716 1408/2048/717 1409/2049/718
f 1410/2050/719 1411/2051/720 1408/2048/717
f 1409/2049/718 1408/2048/717 1411/2051/720
f 1412/2052/721 1413/2053/722 1414/2054/723
f 1412/2052/721 1415/2055/724 1413/2053/722
f 1412/2052/721 1416/2056/725 1415/2055/724
f 1417/2057/726 1418/2058/727 1419/2059/725
f 1420/2060/728 1414/2054/723 1413/2053/722
f 1414/2054/723 1420/2060/728 1421/2061/729
f 1418/2058/727 1403/2043/712 1419/2059/725
f 1418/2058/727 1422/2062/730 1403/2043/712
f 1420/2060/728 1423/2063/731 1421/2061/729
f 1424/2064/732 1421/2061/729 1423/2063/731
f 1425/2065/733 1426/2066/734 1422/2062/730
f 1403/2043/712 1422/2062/730 1426/2066/734
f 1427/2067/735 1424/2064/732 1428/2068/736
f 1423/2063/731 1428/2068/736 1424/2064/732
f 1426/2066/734 1425/2065/733 1429/2069/737
f 1430/2070/738 1429/2069/737 1425/2065/733
f 1420/2060/728 1404/2044/713 1423/2063/731
f 1404/2044/713 1420/2060/728 1405/2045/714
f 1401/2041/710 1403/2043/712 1426/2066/734
f 1413/2053/722 1405/2045/714 1420/2060/728
f 1431/2071/739 1405/2045/714 1415/2055/724
f 1413/2053/722 1415/2055/724 1405/2045/714
f 1416/2056/725 1432/2072/740 1415/2055/724
f 1431/2071/739 1415/2055/724 1432/2072/740
f 1419/2059/725 1403/2043/712 1402/2042/711
f 1433/2073/741 1406/2046/715 1431/2071/739
f 1405/2045/714 1431/2071/739 1406/2046/715
f 1432/2072/740 1434/2074/718 1431/2071/739
f 1433/2073/741 1431/2071/739 1434/2074/718
f 1404/2044/713 1435/2075/742 1423/2063/731
f 1428/2068/736 1423/2063/731 1435/2075/742
f 1429/2069/737 1436/2076/743 1426/2066/734
f 1401/2041/710 1426/2066/734 1436/2076/743
f 1406/2046/715 1437/2077/744 1404/2044/713
f 1435/2075/742 1404/2044/713 1437/2077/744
f 1406/2046/715 1433/2073/741 1437/2077/744
f 1438/2078/745 1437/2077/744 1433/2073/741
f 1438/2078/745 1433/2073/741 1439/2079/746
f 1434/2074/718 1439/2079/746 1433/2073/741
f 1440/2041/747 1441/2043/748 1442/2042/749
f 1443/2044/750 1444/2046/751 1445/2045/752
f 1446/2047/753 1447/2049/754 1448/2048/755
f 1449/2050/756 1448/2048/755 1450/2051/757
f 1447/2049/754 1450/2051/757 1448/2048/755
f 1412/2052/721 1414/2054/723 1451/2053/758
f 1412/2052/721 1451/2053/758 1452/2055/759
f 1412/2052/721 1452/2055/759 1453/2056/760
f 1417/2057/726 1454/2059/760 1418/2058/727
f 1455/2060/761 1451/2053/758 1414/2054/723
f 1414/2054/723 1421/2061/729 1455/2060/761
f 1418/2058/727 1454/2059/760 1441/2043/748
f 1418/2058/727 1441/2043/748 1422/2062/730
f 1455/2060/761 1421/2061/729 1456/2063/762
f 1424/2064/732 1456/2063/762 1421/2061/729
f 1425/2065/733 1422/2062/730 1457/2066/763
f 1441/2043/748 1457/2066/763 1422/2062/730
f 1427/2067/735 1458/2068/764 1424/2064/732
f 1456/2063/762 1424/2064/732 1458/2068/764
f 1457/2066/763 1459/2069/765 1425/2065/733
f 1430/2070/738 1425/2065/733 1459/2069/765
f 1455/2060/761 1456/2063/762 1443/2044/750
f 1443/2044/750 1445/2045/752 1455/2060/761
f 1440/2041/747 1457/2066/763 1441/2043/748
f 1451/2053/758 1455/2060/761 1445/2045/752
f 1460/2071/766 1452/2055/759 1445/2045/752
f 1451/2053/758 1445/2045/752 1452/2055/759
f 1453/2056/760 1452/2055/759 1461/2072/767
f 1460/2071/766 1461/2072/767 1452/2055/759
f 1454/2059/760 1442/2042/749 1441/2043/748
f 1462/2073/768 1460/2071/766 1444/2046/751
f 1445/2045/752 1444/2046/751 1460/2071/766
f 1461/2072/767 1460/2071/766 1463/2074/769
f 1462/2073/768 1463/2074/769 1460/2071/766
f 1443/2044/750 1456/2063/762 1464/2075/770
f 1458/2068/764 1464/2075/770 1456/2063/762
f 1459/2069/765 1457/2066/763 1465/2076/771
f 1440/2041/747 1465/2076/771 1457/2066/763
f 1444/2046/751 1443/2044/750 1466/2077/772
f 1464/2075/770 1466/2077/772 1443/2044/750
f 1444/2046/751 1466/2077/772 1462/2073/768
f 1467/2078/773 1462/2073/768 1466/2077/772
f 1467/2078/773 1468/2079/774 1462/2073/768
f 1463/2074/769 1462/2073/768 1468/2079/774
f 1469/2080/775 1470/2081/776 1471/2082/777
f 1472/2083/778 1471/2082/777 1470/2081/776
f 1473/2084/779 1474/2085/780 1471/2082/777
f 1469/2080/775 1471/2082/777 1474/2085/780
f 1475/2086/781 1476/2087/782 1477/2088/783
f 1478/2089/784 1477/2088/783 1476/2087/782
f 1478/2089/784 1474/2085/780 1477/2088/783
f 1473/2084/779 1477/2088/783 1474/2085/780
f 1479/2090/785 1473/2084/779 1480/2091/786
f 1471/2082/777 1480/2091/786 1473/2084/779
f 1480/2091/786 1471/2082/777 1481/2092/787
f 1472/2083/778 1481/2092/787 1471/2082/777
f 1481/2092/787 1482/2093/788 1480/2091/786
f 1479/2090/785 1480/2091/786 1482/2093/788
f 1477/2088/783 1473/2084/779 1483/2094/789
f 1479/2090/785 1483/2094/789 1473/2084/779
f 1475/2086/781 1477/2088/783 1484/2095/790
f 1483/2094/789 1484/2095/790 1477/2088/783
f 1479/2090/785 1482/2093/788 1483/2094/789
f 1484/2095/790 1483/2094/789 1482/2093/788
f 1472/2083/778 1470/2081/776 1485/2096/791
f 1486/2097/792 1485/2096/791 1470/2081/776
f 1486/2097/792 1487/2098/793 1485/2096/791
f 1488/2099/794 1485/2096/791 1487/2098/793
f 1489/2100/795 1476/2087/782 1490/2101/796
f 1475/2086/781 1490/2101/796 1476/2087/782
f 1488/2099/794 1487/2098/793 1490/2101/796
f 1489/2100/795 1490/2101/796 1487/2098/793
f 1485/2096/791 1488/2099/794 1491/2102/797
f 1492/2103/798 1491/2102/797 1488/2099/794
f 1472/2083/778 1485/2096/791 1481/2092/787
f 1491/2102/797 1481/2092/787 1485/2096/791
f 1492/2103/798 1482/2093/788 1491/2102/797
f 1481/2092/787 1491/2102/797 1482/2093/788
f 1492/2103/798 1488/2099/794 1493/2104/799
f 1490/2101/796 1493/2104/799 1488/2099/794
f 1493/2104/799 1490/2101/796 1484/2095/790
f 1475/2086/781 1484/2095/790 1490/2101/796
f 1484/2095/790 1482/2093/788 1493/2104/799
f 1492/2103/798 1493/2104/799 1482/2093/788
f 1494/2080/800 1495/2082/801 1496/2081/802
f 1497/2083/803 1496/2081/802 1495/2082/801
f 1498/2084/804 1495/2082/801 1499/2085/805
f 1494/2080/800 1499/2085/805 1495/2082/801
f 1500/2086/806 1501/2088/807 1502/2087/808
f 1503/2089/809 1502/2087/808 1501/2088/807
f 1503/2089/809 1501/2088/807 1499/2085/805
f 1498/2084/804 1499/2085/805 1501/2088/807
f 1504/2090/810 1505/2091/811 1498/2084/804
f 1495/2082/801 1498/2084/804 1505/2091/811
f 1505/2091/811 1506/2092/812 1495/2082/801
f 1497/2083/803 1495/2082/801 1506/2092/812
f 1506/2092/812 1505/2091/811 1507/2093/813
f 1504/2090/810 1507/2093/813 1505/2091/811
f 1501/2088/807 1508/2094/814 1498/2084/804
f 1504/2090/810 1498/2084/804 1508/2094/814
f 1500/2086/806 1509/2095/815 1501/2088/807
f 1508/2094/814 1501/2088/807 1509/2095/815
f 1504/2090/810 1508/2094/814 1507/2093/813
f 1509/2095/815 1507/2093/813 1508/2094/814
f 1497/2083/803 1510/2096/816 1496/2081/802
f 1511/2097/817 1496/2081/802 1510/2096/816
f 1511/2097/817 1510/2096/816 1512/2098/818
f 1513/2099/819 1512/2098/818 1510/2096/816
f 1514/2100/820 1515/2101/821 1502/2087/808
f 1500/2086/806 1502/2087/808 1515/2101/821
f 1513/2099/819 1515/2101/821 1512/2098/818
f 1514/2100/820 1512/2098/818 1515/2101/821
f 1510/2096/816 1516/2102/822 1513/2099/819
f 1517/2103/823 1513/2099/819 1516/2102/822
f 1497/2083/803 1506/2092/812 1510/2096/816
f 1516/2102/822 1510/2096/816 1506/2092/812
f 1517/2103/823 1516/2102/822 1507/2093/813
f 1506/2092/812 1507/2093/813 1516/2102/822
f 1517/2103/823 1518/2104/824 1513/2099/819
f 1515/2101/821 1513/2099/819 1518/2104/824
f 1518/2104/824 1509/2095/815 1515/2101/821
f 1500/2086/806 1515/2101/821 1509/2095/815
f 1509/2095/815 1518/2104/824 1507/2093/813
f 1517/2103/823 1507/2093/813 1518/2104/824
f 1519/2105/825 1520/2106/826 1521/2107/827
f 1522/2108/828 1521/2107/827 1520/2106/826
f 1521/2107/827 1522/2108/828 1523/2109/829
f 1524/2110/830 1523/2109/829 1522/2108/828
f 1525/2111/831 1526/2112/832 1527/2113/833
f 1528/2114/834 1527/2113/833 1526/2112/832
f 1529/2115/835 1526/2112/832 1530/2116/836
f 1526/2112/832 1529/2115/835 1528/2114/834
f 1526/2112/832 1531/2117/837 1530/2116/836
f 1526/2112/832 1532/2118/838 1531/2117/837
f 1526/2112/832 1533/2119/839 1532/2118/838
f 1526/2112/832 1525/2111/831 1533/2119/839
f 1534/2120/840 1535/2121/841 1536/2122/842
f 1537/2123/843 1536/2122/842 1535/2121/841
f 1538/2124/844 1535/2121/841 1539/2125/845
f 1534/2120/840 1539/2125/845 1535/2121/841
f 1540/2126/846 1541/2127/847 1542/2128/848
f 1543/2129/849 1542/2128/848 1541/2127/847
f 1537/2123/843 1543/2129/849 1536/2122/842
f 1541/2127/847 1536/2122/842 1543/2129/849
f 1534/2120/840 1544/2130/850 1539/2125/845
f 1534/2120/840 1536/2122/842 1544/2130/850
f 1544/2130/850 1536/2122/842 1540/2126/846
f 1541/2127/847 1540/2126/846 1536/2122/842
f 1525/2111/831 1527/2113/833 1545/2131/851
f 1527/2113/833 1546/2132/852 1545/2131/851
f 1547/2133/853 1545/2131/851 1546/2132/852
f 1528/2114/834 1548/2134/854 1527/2113/833
f 1546/2132/852 1527/2113/833 1548/2134/854
f 1549/2135/855 1550/2136/856 1551/2137/857
f 1552/2138/858 1551/2137/857 1550/2136/856
f 1550/2136/856 1553/2139/859 1552/2138/858
f 1554/2140/860 1552/2138/858 1553/2139/859
f 1554/2140/860 1553/2139/859 1555/2141/861
f 1556/2142/862 1555/2141/861 1553/2139/859
f 1555/2141/861 1556/2142/862 1557/2143/863
f 1558/2144/864 1557/2143/863 1556/2142/862
f 1559/2145/865 1560/2146/866 1561/2147/867
f 1559/2145/865 1562/2148/868 1560/2146/866
f 1563/2149/869 1564/2150/870 1565/2151/871
f 1563/2149/869 1566/2152/872 1564/2150/870
f 1564/2150/870 1567/2153/873 1565/2151/871
f 1563/2149/869 1568/2154/874 1569/2155/875
f 1570/2156/876 1569/2155/875 1568/2154/874
f 1569/2155/875 1570/2156/876 1571/2157/877
f 1564/2150/870 1572/2158/878 1567/2153/873
f 1562/2148/868 1567/2153/873 1572/2158/878
f 1572/2158/878 1573/2159/879 1562/2148/868
f 1560/2146/866 1562/2148/868 1573/2159/879
f 1529/2115/835 1574/2160/880 1575/2161/881
f 1576/2162/882 1529/2115/835 1575/2161/881
f 1530/2116/836 1577/2163/883 1578/2164/884
f 1525/2111/831 1579/2165/885 1533/2119/839
f 1531/2117/837 1577/2163/883 1530/2116/836
f 1530/2116/836 1578/2164/884 1529/2115/835
f 1531/2117/837 1532/2118/838 1577/2163/883
f 1580/2166/886 1577/2163/883 1532/2118/838
f 1532/2118/838 1533/2119/839 1580/2166/886
f 1579/2165/885 1580/2166/886 1533/2119/839
f 1525/2111/831 1545/2131/851 1579/2165/885
f 1581/2167/887 1582/2168/888 1583/2169/889
f 1584/2170/890 1583/2169/889 1582/2168/888
f 1585/2171/891 1586/2172/892 1587/2173/893
f 1588/2174/894 1587/2173/893 1586/2172/892
f 1575/2161/881 1574/2160/880 1538/2124/844
f 1589/2175/895 1538/2124/844 1574/2160/880
f 1590/2176/896 1591/2177/897 1574/2160/880
f 1589/2175/895 1574/2160/880 1591/2177/897
f 1592/2178/898 1593/2179/899 1594/2180/900
f 1595/2181/901 1594/2180/900 1593/2179/899
f 1596/2182/902 1597/2183/903 1592/2178/898
f 1593/2179/899 1592/2178/898 1597/2183/903
f 1581/2167/887 1598/2184/904 1582/2168/888
f 1599/2185/905 1582/2168/888 1598/2184/904
f 1575/2161/881 1538/2124/844 1539/2125/845
f 1590/2176/896 1600/2186/906 1591/2177/897
f 1587/2173/893 1588/2174/894 1596/2182/902
f 1597/2183/903 1596/2182/902 1588/2174/894
f 1582/2168/888 1601/2187/907 1584/2170/890
f 1602/2188/908 1584/2170/890 1601/2187/907
f 1586/2172/892 1603/2189/909 1588/2174/894
f 1604/2190/910 1575/2161/881 1602/2188/908
f 1539/2125/845 1602/2188/908 1575/2161/881
f 1605/2191/911 1606/2192/912 1607/2193/913
f 1606/2192/912 1605/2191/911 1548/2134/854
f 1578/2164/884 1574/2160/880 1529/2115/835
f 1590/2176/896 1578/2164/884 1577/2163/883
f 1590/2176/896 1574/2160/880 1578/2164/884
f 1608/2194/914 1604/2190/910 1601/2187/907
f 1602/2188/908 1601/2187/907 1604/2190/910
f 1572/2158/878 1564/2150/870 1609/2195/915
f 1566/2152/872 1609/2195/915 1564/2150/870
f 1610/2196/916 1571/2157/877 1570/2156/876
f 1611/2197/917 1608/2194/914 1612/2198/918
f 1613/2199/919 1612/2198/918 1608/2194/914
f 1614/2200/920 1608/2194/914 1601/2187/907
f 1614/2200/920 1613/2199/919 1608/2194/914
f 1593/2179/899 1613/2199/919 1595/2181/901
f 1614/2200/920 1595/2181/901 1613/2199/919
f 1597/2183/903 1612/2198/918 1593/2179/899
f 1613/2199/919 1593/2179/899 1612/2198/918
f 1582/2168/888 1599/2185/905 1601/2187/907
f 1603/2189/909 1586/2172/892 1615/2201/921
f 1616/2202/922 1615/2201/921 1586/2172/892
f 1615/2201/921 1616/2202/922 1573/2159/879
f 1560/2146/866 1573/2159/879 1616/2202/922
f 1547/2133/853 1546/2132/852 1566/2152/872
f 1609/2195/915 1566/2152/872 1546/2132/852
f 1563/2149/869 1569/2155/875 1566/2152/872
f 1547/2133/853 1566/2152/872 1569/2155/875
f 1606/2192/912 1548/2134/854 1576/2162/882
f 1575/2161/881 1604/2190/910 1576/2162/882
f 1606/2192/912 1576/2162/882 1604/2190/910
f 1577/2163/883 1610/2196/916 1590/2176/896
f 1600/2186/906 1590/2176/896 1610/2196/916
f 1588/2174/894 1603/2189/909 1597/2183/903
f 1612/2198/918 1597/2183/903 1603/2189/909
f 1545/2131/851 1547/2133/853 1579/2165/885
f 1569/2155/875 1579/2165/885 1547/2133/853
f 1617/2203/923 1615/2201/921 1618/2204/924
f 1573/2159/879 1618/2204/924 1615/2201/921
f 1608/2194/914 1611/2197/917 1607/2193/913
f 1617/2203/923 1607/2193/913 1611/2197/917
f 1611/2197/917 1603/2189/909 1617/2203/923
f 1615/2201/921 1617/2203/923 1603/2189/909
f 1612/2198/918 1603/2189/909 1611/2197/917
f 1519/2105/825 1619/2107/925 1520/2106/826
f 1620/2108/926 1520/2106/826 1619/2107/925
f 1619/2107/925 1621/2109/927 1620/2108/926
f 1622/2110/928 1620/2108/926 1621/2109/927
f 1623/2111/929 1624/2113/930 1625/2112/931
f 1626/2114/932 1625/2112/931 1624/2113/930
f 1627/2115/933 1628/2116/934 1625/2112/931
f 1625/2112/931 1626/2114/932 1627/2115/933
f 1625/2112/931 1628/2116/934 1629/2117/935
f 1625/2112/931 1629/2117/935 1630/2118/936
f 1625/2112/931 1630/2118/936 1631/2119/937
f 1625/2112/931 1631/2119/937 1623/2111/929
f 1632/2120/938 1633/2122/939 1535/2121/841
f 1537/2123/843 1535/2121/841 1633/2122/939
f 1538/2124/844 1634/2125/940 1535/2121/841
f 1632/2120/938 1535/2121/841 1634/2125/940
f 1635/2126/941 1542/2128/848 1636/2127/942
f 1543/2129/849 1636/2127/942 1542/2128/848
f 1537/2123/843 1633/2122/939 1543/2129/849
f 1636/2127/942 1543/2129/849 1633/2122/939
f 1632/2120/938 1634/2125/940 1637/2130/943
f 1632/2120/938 1637/2130/943 1633/2122/939
f 1637/2130/943 1635/2126/941 1633/2122/939
f 1636/2127/942 1633/2122/939 1635/2126/941
f 1623/2111/929 1638/2131/944 1624/2113/930
f 1624/2113/930 1638/2131/944 1639/2132/945
f 1640/2133/946 1639/2132/945 1638/2131/944
f 1626/2114/932 1624/2113/930 1641/2134/947
f 1639/2132/945 1641/2134/947 1624/2113/930
f 1549/2135/855 1551/2137/857 1642/2136/948
f 1643/2138/949 1642/2136/948 1551/2137/857
f 1642/2136/948 1643/2138/949 1644/2139/950
f 1645/2140/951 1644/2139/950 1643/2138/949
f 1645/2140/951 1646/2141/952 1644/2139/950
f 1647/2142/953 1644/2139/950 1646/2141/952
f 1646/2141/952 1557/2143/863 1647/2142/953
f 1558/2144/864 1647/2142/953 1557/2143/863
f 1648/2145/954 1649/2147/955 1650/2146/956
f 1648/2145/954 1650/2146/956 1651/2148/957
f 1652/2149/958 1653/2151/959 1654/2150/960
f 1652/2149/958 1654/2150/960 1655/2152/961
f 1654/2150/960 1653/2151/959 1656/2153/962
f 1652/2149/958 1657/2155/963 1658/2154/964
f 1659/2156/965 1658/2154/964 1657/2155/963
f 1657/2155/963 1660/2157/966 1659/2156/965
f 1654/2150/960 1656/2153/962 1661/2158/967
f 1651/2148/957 1661/2158/967 1656/2153/962
f 1661/2158/967 1651/2148/957 1662/2159/968
f 1650/2146/956 1662/2159/968 1651/2148/957
f 1627/2115/933 1663/2161/969 1664/2160/970
f 1665/2162/971 1663/2161/969 1627/2115/933
f 1628/2116/934 1666/2164/972 1667/2163/973
f 1623/2111/929 1631/2119/937 1668/2165/974
f 1629/2117/935 1628/2116/934 1667/2163/973
f 1628/2116/934 1627/2115/933 1666/2164/972
f 1629/2117/935 1667/2163/973 1630/2118/936
f 1669/2166/975 1630/2118/936 1667/2163/973
f 1630/2118/936 1669/2166/975 1631/2119/937
f 1668/2165/974 1631/2119/937 1669/2166/975
f 1623/2111/929 1668/2165/974 1638/2131/944
f 1581/2167/887 1583/2169/889 1670/2168/976
f 1671/2170/977 1670/2168/976 1583/2169/889
f 1585/2171/891 1587/2173/893 1672/2172/978
f 1673/2174/979 1672/2172/978 1587/2173/893
f 1663/2161/969 1538/2124/844 1664/2160/970
f 1589/2175/895 1664/2160/970 1538/2124/844
f 1674/2176/980 1664/2160/970 1591/2177/897
f 1589/2175/895 1591/2177/897 1664/2160/970
f 1592/2178/898 1594/2180/900 1675/2179/981
f 1676/2181/982 1675/2179/981 1594/2180/900
f 1596/2182/902 1592/2178/898 1677/2183/983
f 1675/2179/981 1677/2183/983 1592/2178/898
f 1581/2167/887 1670/2168/976 1598/2184/904
f 1678/2185/984 1598/2184/904 1670/2168/976
f 1663/2161/969 1634/2125/940 1538/2124/844
f 1674/2176/980 1591/2177/897 1679/2186/985
f 1587/2173/893 1596/2182/902 1673/2174/979
f 1677/2183/983 1673/2174/979 1596/2182/902
f 1670/2168/976 1671/2170/977 1680/2187/986
f 1681/2188/987 1680/2187/986 1671/2170/977
f 1672/2172/978 1673/2174/979 1682/2189/988
f 1683/2190/989 1681/2188/987 1663/2161/969
f 1634/2125/940 1663/2161/969 1681/2188/987
f 1684/2191/990 1685/2193/991 1686/2192/992
f 1686/2192/992 1641/2134/947 1684/2191/990
f 1666/2164/972 1627/2115/933 1664/2160/970
f 1674/2176/980 1667/2163/973 1666/2164/972
f 1674/2176/980 1666/2164/972 1664/2160/970
f 1687/2194/993 1680/2187/986 1683/2190/989
f 1681/2188/987 1683/2190/989 1680/2187/986
f 1661/2158/967 1688/2195/994 1654/2150/960
f 1655/2152/961 1654/2150/960 1688/2195/994
f 1689/2196/995 1659/2156/965 1660/2157/966
f 1690/2197/996 1691/2198/997 1687/2194/993
f 1692/2199/998 1687/2194/993 1691/2198/997
f 1693/2200/999 1680/2187/986 1687/2194/993
f 1693/2200/999 1687/2194/993 1692/2199/998
f 1675/2179/981 1676/2181/982 1692/2199/998
f 1693/2200/999 1692/2199/998 1676/2181/982
f 1677/2183/983 1675/2179/981 1691/2198/997
f 1692/2199/998 1691/2198/997 1675/2179/981
f 1670/2168/976 1680/2187/986 1678/2185/984
f 1682/2189/988 1694/2201/1000 1672/2172/978
f 1695/2202/1001 1672/2172/978 1694/2201/1000
f 1694/2201/1000 1662/2159/968 1695/2202/1001
f 1650/2146/956 1695/2202/1001 1662/2159/968
f 1640/2133/946 1655/2152/961 1639/2132/945
f 1688/2195/994 1639/2132/945 1655/2152/961
f 1652/2149/958 1655/2152/961 1657/2155/963
f 1640/2133/946 1657/2155/963 1655/2152/961
f 1686/2192/992 1665/2162/971 1641/2134/947
f 1663/2161/969 1665/2162/971 1683/2190/989
f 1686/2192/992 1683/2190/989 1665/2162/971
f 1667/2163/973 1674/2176/980 1689/2196/995
f 1679/2186/985 1689/2196/995 1674/2176/980
f 1673/2174/979 1677/2183/983 1682/2189/988
f 1691/2198/997 1682/2189/988 1677/2183/983
f 1638/2131/944 1668/2165/974 1640/2133/946
f 1657/2155/963 1640/2133/946 1668/2165/974
f 1696/2203/1002 1697/2204/1003 1694/2201/1000
f 1662/2159/968 1694/2201/1000 1697/2204/1003
f 1687/2194/993 1685/2193/991 1690/2197/996
f 1696/2203/1002 1690/2197/996 1685/2193/991
f 1690/2197/996 1696/2203/1002 1682/2189/988
f 1694/2201/1000 1682/2189/988 1696/2203/1002
f 1691/2198/997 1690/2197/996 1682/2189/988
f 1573/2159/879 1572/2158/878 1618/2204/924
f 1609/2195/915 1618/2204/924 1572/2158/878
f 1618/2204/924 1609/2195/915 1605/2191/911
f 1546/2132/852 1605/2191/911 1609/2195/915
f 1579/2165/885 1569/2155/875 1580/2166/886
f 1571/2157/877 1580/2166/886 1569/2155/875
f 1605/2191/911 1546/2132/852 1548/2134/854
f 1529/2115/835 1576/2162/882 1528/2114/834
f 1548/2134/854 1528/2114/834 1576/2162/882
f 1571/2157/877 1610/2196/916 1580/2166/886
f 1577/2163/883 1580/2166/886 1610/2196/916
f 1558/2144/864 1556/2142/862 1585/2171/891
f 1586/2172/892 1585/2171/891 1556/2142/862
f 1556/2142/862 1616/2202/922 1586/2172/892
f 1556/2142/862 1553/2139/859 1616/2202/922
f 1561/2147/867 1616/2202/922 1553/2139/859
f 1616/2202/922 1561/2147/867 1560/2146/866
f 1617/2203/923 1618/2204/924 1607/2193/913
f 1607/2193/913 1618/2204/924 1605/2191/911
f 1607/2193/913 1604/2190/910 1608/2194/914
f 1604/2190/910 1607/2193/913 1606/2192/912
f 1698/2205/1004 1699/2206/1005 1700/2207/1006
f 1701/2208/1007 1700/2207/1006 1699/2206/1005
f 1699/2206/1005 1702/2209/1008 1701/2208/1007
f 1703/2210/1009 1701/2208/1007 1702/2209/1008
f 1662/2159/968 1697/2204/1003 1661/2158/967
f 1688/2195/994 1661/2158/967 1697/2204/1003
f 1697/2204/1003 1684/2191/990 1688/2195/994
f 1639/2132/945 1688/2195/994 1684/2191/990
f 1668/2165/974 1669/2166/975 1657/2155/963
f 1660/2157/966 1657/2155/963 1669/2166/975
f 1684/2191/990 1641/2134/947 1639/2132/945
f 1627/2115/933 1626/2114/932 1665/2162/971
f 1641/2134/947 1665/2162/971 1626/2114/932
f 1660/2157/966 1669/2166/975 1689/2196/995
f 1667/2163/973 1689/2196/995 1669/2166/975
f 1558/2144/864 1585/2171/891 1647/2142/953
f 1672/2172/978 1647/2142/953 1585/2171/891
f 1647/2142/953 1672/2172/978 1695/2202/1001
f 1647/2142/953 1695/2202/1001 1644/2139/950
f 1649/2147/955 1644/2139/950 1695/2202/1001
f 1695/2202/1001 1650/2146/956 1649/2147/955
f 1696/2203/1002 1685/2193/991 1697/2204/1003
f 1685/2193/991 1684/2191/990 1697/2204/1003
f 1685/2193/991 1687/2194/993 1683/2190/989
f 1683/2190/989 1686/2192/992 1685/2193/991
f 1704/2205/1010 1705/2207/1011 1706/2206/1012
f 1707/2208/1013 1706/2206/1012 1705/2207/1011
f 1706/2206/1012 1707/2208/1013 1708/2209/1014
f 1709/2210/1015 1708/2209/1014 1707/2208/1013
f 1710/2211/871 1711/2212/1016 1712/2213/1017
f 1710/2211/1018 1713/2212/1019 1714/2213/1020
f 1715/2211/1021 1711/2212/1020 1716/2213/868
f 1717/2214/1022 1716/2213/868 1711/2212/1020
f 1716/2213/868 1718/2215/1023 1715/2211/1021
f 1719/2216/1024 1720/2217/1025 1721/2218/906
f 1722/2219/897 1721/2218/906 1720/2217/1025
f 1429/2069/737 1430/2070/738 1723/2220/1026
f 1724/2221/1027 1723/2220/1026 1430/2070/738
f 1723/2220/1026 1724/2221/1027 1719/2216/1024
f 1720/2217/1025 1719/2216/1024 1724/2221/1027
f 1725/2222/1028 1436/2076/743 1568/2154/874
f 1726/2223/1029 1723/2220/1026 1719/2216/1024
f 1726/2223/1029 1568/2154/874 1723/2220/1026
f 1721/2218/906 1610/2196/1030 1719/2216/1024
f 1568/2154/874 1436/2076/743 1723/2220/1026
f 1429/2069/737 1723/2220/1026 1436/2076/743
f 1726/2223/1029 1719/2216/1024 1610/2196/1030
f 1727/2211/1031 1728/2213/1032 1729/2212/1033
f 1727/2211/1034 1730/2213/1035 1731/2212/1036
f 1732/2211/1037 1733/2213/957 1729/2212/1035
f 1734/2214/1038 1729/2212/1035 1733/2213/957
f 1733/2213/957 1732/2211/1037 1735/2215/1039
f 1736/2216/1040 1737/2218/985 1720/2217/1025
f 1722/2219/897 1720/2217/1025 1737/2218/985
f 1459/2069/765 1738/2220/1041 1430/2070/738
f 1724/2221/1027 1430/2070/738 1738/2220/1041
f 1738/2220/1041 1736/2216/1040 1724/2221/1027
f 1720/2217/1025 1724/2221/1027 1736/2216/1040
f 1739/2222/1042 1658/2154/964 1465/2076/771
f 1740/2223/1043 1736/2216/1040 1738/2220/1041
f 1740/2223/1043 1738/2220/1041 1658/2154/964
f 1737/2218/985 1736/2216/1040 1689/2196/995
f 1658/2154/964 1738/2220/1041 1465/2076/771
f 1459/2069/765 1465/2076/771 1738/2220/1041
f 1740/2223/1043 1689/2196/995 1736/2216/1040
f 1563/2149/869 1565/2151/871 1725/2222/1028
f 1725/2222/1028 1565/2151/871 1741/2224/1044
f 1563/2149/869 1725/2222/1028 1568/2154/874
f 1565/2151/1045 1742/2225/1046 1743/2226/1047
f 1652/2149/958 1739/2222/1042 1653/2151/959
f 1739/2222/1042 1744/2224/1048 1653/2151/959
f 1652/2149/958 1658/2154/964 1739/2222/1042
f 1653/2151/1049 1745/2226/1050 1746/2225/1051
f 1747/2227/1052 1748/2228/1053 1749/2229/1054
f 1750/2230/1055 1749/2229/1054 1748/2228/1053
f 1751/2231/1056 1752/2232/1057 1753/2233/1058
f 1754/2234/1059 1753/2233/1058 1752/2232/1057
f 1718/2215/1023 1750/2230/1055 1748/2228/1053
f 1755/2235/1060 1756/2236/1061 1757/2237/1062
f 1748/2228/1053 1757/2237/1062 1756/2236/1061
f 1718/2215/1023 1748/2228/1053 1715/2211/1021
f 1748/2228/1053 1756/2236/1061 1715/2211/1021
f 1711/2212/1020 1715/2211/1021 1756/2236/1061
f 1758/2238/1063 1759/2239/1064 1757/2237/1062
f 1755/2235/1060 1757/2237/1062 1759/2239/1064
f 1760/2240/1065 1761/2241/1066 1437/2077/744
f 1435/2075/742 1437/2077/744 1761/2241/1066
f 1762/2242/1067 1763/2243/1068 1753/2233/1058
f 1751/2231/1056 1753/2233/1058 1763/2243/1068
f 1753/2233/1069 1758/2238/1063 1764/2244/1070
f 1753/2233/1069 1765/2245/1071 1758/2238/1063
f 1759/2239/1064 1758/2238/1063 1765/2245/1071
f 1757/2237/1062 1748/2228/1053 1747/2227/1052
f 1766/2246/1072 1764/2244/1070 1767/2247/1073
f 1758/2238/1063 1767/2247/1073 1764/2244/1070
f 1758/2238/1063 1757/2237/1062 1747/2227/1052
f 1747/2227/1052 1749/2229/1054 1758/2238/1063
f 1767/2247/1073 1758/2238/1063 1749/2229/1054
f 1753/2233/1069 1764/2244/1070 1768/2248/1074
f 1766/2246/1072 1768/2248/1074 1764/2244/1070
f 1756/2236/1061 1769/2249/1075 1711/2212/1020
f 1770/2250/1046 1711/2212/1020 1769/2249/1075
f 1769/2249/1075 1438/2078/745 1770/2250/1046
f 1439/2079/746 1770/2250/1046 1438/2078/745
f 1411/2051/720 1771/2251/1044 1772/2252/1076
f 1411/2051/720 1410/2050/719 1771/2251/1044
f 1754/2234/1059 1752/2232/1057 1773/2253/1077
f 1774/2241/1078 1773/2253/1077 1752/2232/1057
f 1773/2253/1077 1774/2241/1078 1428/2068/736
f 1427/2067/735 1428/2068/736 1774/2241/1078
f 1755/2235/1060 1760/2240/1065 1756/2236/1061
f 1769/2249/1075 1756/2236/1061 1760/2240/1065
f 1759/2239/1064 1765/2245/1071 1761/2241/1066
f 1773/2253/1077 1761/2241/1066 1765/2245/1071
f 1759/2239/1064 1761/2241/1066 1755/2235/1060
f 1760/2240/1065 1755/2235/1060 1761/2241/1066
f 1438/2078/745 1769/2249/1075 1437/2077/744
f 1760/2240/1065 1437/2077/744 1769/2249/1075
f 1435/2075/742 1761/2241/1066 1428/2068/736
f 1773/2253/1077 1428/2068/736 1761/2241/1066
f 1775/2227/1079 1776/2229/1080 1777/2228/1081
f 1778/2230/1082 1777/2228/1081 1776/2229/1080
f 1751/2231/1056 1779/2233/1083 1752/2232/1057
f 1780/2234/1084 1752/2232/1057 1779/2233/1083
f 1735/2215/1039 1777/2228/1081 1778/2230/1082
f 1781/2235/1085 1782/2237/1086 1783/2236/1087
f 1777/2228/1081 1783/2236/1087 1782/2237/1086
f 1735/2215/1039 1732/2211/1037 1777/2228/1081
f 1777/2228/1081 1732/2211/1037 1783/2236/1087
f 1729/2212/1035 1783/2236/1087 1732/2211/1037
f 1784/2238/1088 1782/2237/1086 1785/2239/1089
f 1781/2235/1085 1785/2239/1089 1782/2237/1086
f 1786/2240/1090 1466/2077/772 1787/2241/1091
f 1464/2075/770 1787/2241/1091 1466/2077/772
f 1788/2242/1092 1779/2233/1083 1763/2243/1068
f 1751/2231/1056 1763/2243/1068 1779/2233/1083
f 1779/2233/1093 1789/2244/1094 1784/2238/1088
f 1779/2233/1093 1784/2238/1088 1790/2245/1095
f 1785/2239/1089 1790/2245/1095 1784/2238/1088
f 1782/2237/1086 1775/2227/1079 1777/2228/1081
f 1791/2246/1096 1792/2247/1097 1789/2244/1094
f 1784/2238/1088 1789/2244/1094 1792/2247/1097
f 1784/2238/1088 1775/2227/1079 1782/2237/1086
f 1775/2227/1079 1784/2238/1088 1776/2229/1080
f 1792/2247/1097 1776/2229/1080 1784/2238/1088
f 1779/2233/1093 1793/2248/1092 1789/2244/1094
f 1791/2246/1096 1789/2244/1094 1793/2248/1092
f 1783/2236/1087 1729/2212/1035 1794/2249/1098
f 1795/2250/1051 1794/2249/1098 1729/2212/1035
f 1794/2249/1098 1795/2250/1051 1467/2078/773
f 1468/2079/774 1467/2078/773 1795/2250/1051
f 1450/2051/757 1796/2252/1099 1797/2251/1048
f 1450/2051/757 1797/2251/1048 1449/2050/756
f 1780/2234/1084 1798/2253/1100 1752/2232/1057
f 1774/2241/1078 1752/2232/1057 1798/2253/1100
f 1798/2253/1100 1458/2068/764 1774/2241/1078
f 1427/2067/735 1774/2241/1078 1458/2068/764
f 1781/2235/1085 1783/2236/1087 1786/2240/1090
f 1794/2249/1098 1786/2240/1090 1783/2236/1087
f 1785/2239/1089 1787/2241/1091 1790/2245/1095
f 1798/2253/1100 1790/2245/1095 1787/2241/1091
f 1785/2239/1089 1781/2235/1085 1787/2241/1091
f 1786/2240/1090 1787/2241/1091 1781/2235/1085
f 1467/2078/773 1466/2077/772 1794/2249/1098
f 1786/2240/1090 1794/2249/1098 1466/2077/772
f 1464/2075/770 1458/2068/764 1787/2241/1091
f 1798/2253/1100 1787/2241/1091 1458/2068/764
f 1799/2254/1101 1800/2255/1102 1801/2256/1103
f 1802/2257/1104 1801/2256/1103 1800/2255/1102
f 1803/2258/1105 1804/2259/1106 1805/2260/1107
f 1806/2261/1108 1805/2260/1107 1804/2259/1106
f 1803/2258/1105 1807/2262/1109 1804/2259/1106
f 1808/2263/1110 1804/2259/1106 1807/2262/1109
f 1809/2264/1111 1810/2265/1112 1802/2257/1104
f 1801/2256/1103 1802/2257/1104 1810/2265/1112
f 1810/2265/1112 1809/2264/1111 1811/2266/1113
f 1812/2267/1110 1811/2266/1113 1809/2264/1111
f 1800/2255/1102 1799/2254/1101 1813/2268/1114
f 1814/2269/1115 1813/2268/1114 1799/2254/1101
f 1815/2270/1114 1816/2271/1115 1806/2261/1108
f 1805/2260/1107 1806/2261/1108 1816/2271/1115
f 1817/2272/1116 1818/2273/1117 1819/2274/1118
f 1820/2275/1119 1818/2273/1117 1817/2272/1116
f 1807/2262/1109 1803/2258/1105 1820/2275/1119
f 1818/2273/1117 1820/2275/1119 1803/2258/1105
f 1803/2258/1105 1805/2260/1107 1818/2273/1117
f 1819/2274/1118 1818/2273/1117 1805/2260/1107
f 1810/2265/1112 1821/2276/1120 1801/2256/1103
f 1822/2277/1121 1799/2254/1101 1821/2276/1120
f 1801/2256/1103 1821/2276/1120 1799/2254/1101
f 1823/2278/1119 1810/2265/1112 1811/2266/1113
f 1823/2278/1119 1824/2279/1122 1810/2265/1112
f 1805/2260/1107 1825/2280/1123 1819/2274/1118
f 1825/2280/1123 1805/2260/1107 1816/2271/1115
f 1810/2265/1112 1824/2279/1122 1821/2276/1120
f 1821/2276/1120 1824/2279/1122 1822/2277/1121
f 1824/2279/1122 1823/2278/1119 1826/2281/1124
f 1826/2281/1124 1822/2277/1121 1824/2279/1122
f 1825/2280/1123 1817/2272/1116 1819/2274/1118
f 1822/2277/1121 1827/2282/1124 1828/2283/1123
f 1822/2277/1121 1828/2283/1123 1799/2254/1101
f 1814/2269/1115 1799/2254/1101 1828/2283/1123
f 1829/2284/1125 1830/2285/1126 1831/2284/1055
f 1832/2285/1127 1830/2285/1126 1829/2284/1125
f 1829/2284/1125 1831/2284/1055 1833/2284/1023
f 1834/2285/1128 1835/2285/1074 1836/2285/1129
f 1835/2285/1074 1834/2285/1128 1837/2286/1130
f 1838/2285/1131 1836/2285/1129 1839/2285/1132
f 1832/2285/1127 1838/2285/1131 1830/2285/1126
f 1832/2285/1127 1836/2285/1129 1838/2285/1131
f 1839/2285/1132 1836/2285/1129 1835/2285/1074
f 1829/2284/1125 1833/2284/1023 1840/2287/1133
f 1561/2147/867 1841/2288/1127 1559/2145/865
f 1842/2289/1134 1841/2288/1127 1843/2290/1135
f 1550/2136/856 1549/2135/855 1843/2290/1135
f 1844/2291/1136 1843/2290/1135 1549/2135/855
f 1844/2291/1136 1845/2292/1128 1843/2290/1135
f 1842/2289/1134 1843/2290/1135 1845/2292/1128
f 1553/2139/859 1550/2136/856 1561/2147/867
f 1843/2290/1135 1561/2147/867 1550/2136/856
f 1561/2147/867 1843/2290/1135 1841/2288/1127
f 1846/2254/1137 1847/2256/1138 1848/2255/1139
f 1849/2257/1140 1848/2255/1139 1847/2256/1138
f 1850/2258/1141 1851/2260/1142 1852/2259/1143
f 1853/2261/1144 1852/2259/1143 1851/2260/1142
f 1850/2258/1141 1852/2259/1143 1854/2262/1145
f 1855/2263/1146 1854/2262/1145 1852/2259/1143
f 1856/2264/1147 1849/2257/1140 1857/2265/1148
f 1847/2256/1138 1857/2265/1148 1849/2257/1140
f 1857/2265/1148 1858/2266/1149 1856/2264/1147
f 1859/2267/1146 1856/2264/1147 1858/2266/1149
f 1848/2255/1139 1860/2268/1150 1846/2254/1137
f 1861/2269/1151 1846/2254/1137 1860/2268/1150
f 1862/2270/1152 1853/2261/1144 1863/2271/1153
f 1851/2260/1142 1863/2271/1153 1853/2261/1144
f 1864/2272/1154 1865/2274/1155 1866/2273/1156
f 1867/2275/1157 1864/2272/1154 1866/2273/1156
f 1854/2262/1145 1867/2275/1157 1850/2258/1141
f 1866/2273/1156 1850/2258/1141 1867/2275/1157
f 1850/2258/1141 1866/2273/1156 1851/2260/1142
f 1865/2274/1155 1851/2260/1142 1866/2273/1156
f 1857/2265/1148 1847/2256/1138 1868/2276/1158
f 1869/2277/1159 1868/2276/1158 1846/2254/1137
f 1847/2256/1138 1846/2254/1137 1868/2276/1158
f 1870/2278/1160 1858/2266/1149 1857/2265/1148
f 1870/2278/1160 1857/2265/1148 1871/2279/1161
f 1851/2260/1142 1865/2274/1155 1872/2280/1162
f 1872/2280/1162 1863/2271/1153 1851/2260/1142
f 1857/2265/1148 1868/2276/1158 1871/2279/1161
f 1868/2276/1158 1869/2277/1159 1871/2279/1161
f 1871/2279/1161 1873/2281/1163 1870/2278/1160
f 1873/2281/1163 1871/2279/1161 1869/2277/1159
f 1872/2280/1162 1865/2274/1155 1864/2272/1154
f 1869/2277/1159 1874/2283/1164 1875/2282/1165
f 1869/2277/1159 1846/2254/1137 1874/2283/1164
f 1861/2269/1151 1874/2283/1164 1846/2254/1137
f 1876/2284/1166 1877/2284/1082 1878/2285/1167
f 1879/2285/1168 1876/2284/1166 1878/2285/1167
f 1876/2284/1166 1880/2284/1169 1877/2284/1082
f 1834/2285/1128 1881/2285/1170 1882/2285/1092
f 1882/2285/1092 1837/2286/1130 1834/2285/1128
f 1883/2285/1171 1884/2285/1172 1881/2285/1170
f 1879/2285/1168 1878/2285/1167 1883/2285/1171
f 1879/2285/1168 1883/2285/1171 1881/2285/1170
f 1884/2285/1172 1882/2285/1092 1881/2285/1170
f 1876/2284/1166 1885/2287/1173 1880/2284/1169
f 1649/2147/955 1648/2145/954 1886/2288/1168
f 1887/2289/1174 1888/2290/1175 1886/2288/1168
f 1642/2136/948 1888/2290/1175 1549/2135/855
f 1844/2291/1136 1549/2135/855 1888/2290/1175
f 1844/2291/1136 1888/2290/1175 1845/2292/1128
f 1887/2289/1174 1845/2292/1128 1888/2290/1175
f 1644/2139/950 1649/2147/955 1642/2136/948
f 1888/2290/1175 1642/2136/948 1649/2147/955
f 1649/2147/955 1886/2288/1168 1888/2290/1175
f 1410/2050/719 1889/2293/1028 1771/2251/1044
f 1890/2294/1176 1891/2295/1177 1892/2296/1178
f 1893/2297/1179 1891/2295/1177 1890/2294/1176
f 1890/2294/1176 1894/2298/1180 1893/2297/1179
f 1895/2299/1181 1894/2298/1180 1890/2294/1176
f 1896/2300/1182 1890/2294/1176 1897/2301/1183
f 1892/2296/1178 1897/2301/1183 1890/2294/1176
f 1772/2252/1076 1771/2251/1044 1897/2301/1183
f 1896/2300/1182 1897/2301/1183 1771/2251/1044
f 1896/2300/1182 1771/2251/1044 1898/2302/1184
f 1889/2293/1028 1898/2302/1184 1771/2251/1044
f 1896/2300/1182 1898/2302/1184 1890/2294/1176
f 1895/2299/1181 1890/2294/1176 1898/2302/1184
f 1449/2050/756 1797/2251/1048 1899/2293/1042
f 1900/2294/1185 1901/2296/1186 1902/2295/1187
f 1903/2297/1188 1900/2294/1185 1902/2295/1187
f 1900/2294/1185 1903/2297/1188 1904/2298/1189
f 1905/2299/1190 1900/2294/1185 1904/2298/1189
f 1906/2300/1191 1907/2301/1192 1900/2294/1185
f 1901/2296/1186 1900/2294/1185 1907/2301/1192
f 1796/2252/1099 1907/2301/1192 1797/2251/1048
f 1906/2300/1191 1797/2251/1048 1907/2301/1192
f 1906/2300/1191 1908/2302/1193 1797/2251/1048
f 1899/2293/1042 1797/2251/1048 1908/2302/1193
f 1906/2300/1191 1900/2294/1185 1908/2302/1193
f 1905/2299/1190 1908/2302/1193 1900/2294/1185
f 1909/2303/1194 1910/2304/1195 1911/2305/1196
f 1912/2306/1197 1911/2305/1196 1910/2304/1195
f 1912/2306/1197 1910/2304/1195 1913/2307/1198
f 1914/2308/1199 1913/2307/1198 1910/2304/1195
f 1914/2308/1199 1915/2309/1200 1913/2307/1198
f 1916/2310/1201 1913/2307/1198 1915/2309/1200
f 1917/2311/1202 1918/2312/1203 1919/2313/1204
f 1920/2314/1205 1921/2315/1206 1918/2312/1203
f 1922/2316/1207 1923/2317/1208 1924/2318/1209
f 1922/2316/1207 1925/2319/1210 1923/2317/1208
f 1920/2314/1205 1926/2320/1211 1921/2315/1206
f 1927/2321/1212 1928/2322/1213 1911/2305/1196
f 1909/2303/1194 1911/2305/1196 1928/2322/1213
f 1929/2323/1214 1930/2324/1215 1931/2325/1216
f 1909/2303/1194 1928/2322/1213 1932/2326/1217
f 1929/2323/1214 1932/2326/1217 1928/2322/1213
f 1933/2327/1218 1930/2324/1215 1934/2328/1219
f 1934/2328/1219 1928/2322/1213 1935/2329/1220
f 1927/2321/1212 1935/2329/1220 1928/2322/1213
f 1934/2328/1219 1929/2323/1214 1928/2322/1213
f 1934/2328/1219 1930/2324/1215 1929/2323/1214
f 1936/2330/1221 1933/2327/1218 1935/2329/1220
f 1934/2328/1219 1935/2329/1220 1933/2327/1218
f 1937/2331/1222 1933/2327/1218 1938/2332/1223
f 1936/2330/1221 1938/2332/1223 1933/2327/1218
f 1910/2304/1195 1909/2303/1194 1939/2333/1224
f 1932/2326/1217 1939/2333/1224 1909/2303/1194
f 1940/2334/1225 1914/2308/1199 1939/2333/1224
f 1910/2304/1195 1939/2333/1224 1914/2308/1199
f 1941/2335/1226 1942/2336/1227 1943/2337/1228
f 1941/2335/1226 1944/2338/1229 1942/2336/1227
f 1945/2339/1211 1917/2311/1202 1919/2313/1204
f 1946/2340/1230 1947/2341/1231 1948/2342/1232
f 1932/2326/1217 1944/2338/1229 1939/2333/1224
f 1948/2342/1232 1947/2341/1231 1922/2316/1207
f 1949/2343/1233 1947/2341/1231 1946/2340/1230
f 1949/2343/1233 1950/2344/1234 1947/2341/1231
f 1947/2341/1231 1925/2319/1210 1922/2316/1207
f 1947/2341/1231 1950/2344/1234 1925/2319/1210
f 1942/2336/1227 1932/2326/1217 1929/2323/1214
f 1942/2336/1227 1944/2338/1229 1932/2326/1217
f 1931/2325/1216 1942/2336/1227 1929/2323/1214
f 1923/2317/1208 1925/2319/1210 1943/2337/1228
f 1951/2345/1235 1952/2346/1236 1923/2317/1208
f 1953/2347/1237 1954/2348/1238 1938/2332/1223
f 1937/2331/1222 1938/2332/1223 1954/2348/1238
f 1955/2349/1239 1954/2348/1238 1923/2317/1208
f 1951/2345/1235 1923/2317/1208 1954/2348/1238
f 1956/2350/1240 1951/2345/1235 1953/2347/1237
f 1954/2348/1238 1953/2347/1237 1951/2345/1235
f 1943/2337/1228 1950/2344/1234 1941/2335/1226
f 1943/2337/1228 1925/2319/1210 1950/2344/1234
f 1957/2351/1241 1955/2349/1239 1958/2352/1242
f 1937/2331/1222 1954/2348/1238 1957/2351/1241
f 1955/2349/1239 1957/2351/1241 1954/2348/1238
f 1937/2331/1222 1957/2351/1241 1933/2327/1218
f 1930/2324/1215 1933/2327/1218 1957/2351/1241
f 1958/2352/1242 1931/2325/1216 1957/2351/1241
f 1930/2324/1215 1957/2351/1241 1931/2325/1216
f 1923/2317/1208 1958/2352/1242 1955/2349/1239
f 1923/2317/1208 1943/2337/1228 1958/2352/1242
f 1943/2337/1228 1931/2325/1216 1958/2352/1242
f 1943/2337/1228 1942/2336/1227 1931/2325/1216
f 1944/2338/1229 1940/2334/1225 1939/2333/1224
f 1944/2338/1229 1949/2343/1233 1940/2334/1225
f 1914/2308/1199 1940/2334/1225 1915/2309/1200
f 1959/2353/1243 1915/2309/1200 1940/2334/1225
f 1941/2335/1226 1950/2344/1234 1944/2338/1229
f 1949/2343/1233 1944/2338/1229 1950/2344/1234
f 1946/2340/1230 1940/2334/1225 1949/2343/1233
f 1946/2340/1230 1960/2354/1244 1940/2334/1225
f 1961/2355/1245 1921/2315/1206 1926/2320/1211
f 1962/2356/1246 1946/2340/1230 1948/2342/1232
f 1962/2356/1246 1921/2315/1206 1961/2355/1245
f 1960/2354/1244 1962/2356/1246 1961/2355/1245
f 1960/2354/1244 1946/2340/1230 1962/2356/1246
f 1918/2312/1203 1962/2356/1246 1948/2342/1232
f 1918/2312/1203 1921/2315/1206 1962/2356/1246
f 1963/2357/1247 1945/2339/1211 1919/2313/1204
f 1964/2358/1248 1948/2342/1232 1922/2316/1207
f 1919/2313/1204 1964/2358/1248 1963/2357/1247
f 1964/2358/1248 1918/2312/1203 1948/2342/1232
f 1964/2358/1248 1919/2313/1204 1918/2312/1203
f 1964/2358/1248 1924/2318/1209 1963/2357/1247
f 1964/2358/1248 1922/2316/1207 1924/2318/1209
f 1965/2359/1249 1966/2360/1250 1952/2346/1236
f 1965/2359/1249 1967/2361/1211 1966/2360/1250
f 1965/2359/1249 1968/2362/1251 1969/2363/1252
f 1965/2359/1249 1970/2364/1253 1968/2362/1251
f 1971/2365/1254 1915/2309/1200 1959/2353/1243
f 1972/2366/1255 1961/2355/1245 1926/2320/1211
f 1972/2366/1255 1960/2354/1244 1961/2355/1245
f 1971/2365/1254 1916/2310/1201 1915/2309/1200
f 1968/2362/1251 1971/2365/1254 1969/2363/1252
f 1968/2362/1251 1916/2310/1201 1971/2365/1254
f 1973/2367/1256 1974/2368/1257 1975/2368/1258
f 1976/2368/1259 1977/2368/1260 1973/2367/1256
f 1973/2367/1256 1978/2368/1261 1976/2368/1259
f 1973/2367/1256 1979/2368/1262 1978/2368/1261
f 1980/2368/1263 1973/2367/1256 1975/2368/1258
f 1980/2368/1263 1979/2368/1262 1973/2367/1256
f 1973/2367/1256 1981/2368/1264 1974/2368/1257
f 1982/2368/1265 1973/2367/1256 1977/2368/1260
f 1973/2367/1256 1982/2368/1265 1983/2368/1266
f 1973/2367/1256 1983/2368/1266 1984/2368/1267
f 1985/2368/1268 1981/2368/1264 1973/2367/1256
f 1985/2368/1268 1973/2367/1256 1984/2368/1267
f 1986/2309/1269 1956/2350/1240 1970/2364/1253
f 1986/2309/1269 1965/2359/1249 1952/2346/1236
f 1986/2309/1269 1970/2364/1253 1965/2359/1249
f 1986/2309/1269 1951/2345/1235 1956/2350/1240
f 1986/2309/1269 1952/2346/1236 1951/2345/1235
f 1987/2369/1270 1988/2370/1271 1989/2371/1272
f 1987/2369/1270 1990/2371/1273 1991/2370/1274
f 1987/2369/1270 1992/2370/1275 1990/2371/1273
f 1987/2369/1270 1993/2371/1276 1992/2370/1275
f 1994/2371/1277 1987/2369/1270 1991/2370/1274
f 1994/2371/1277 1988/2370/1271 1987/2369/1270
f 1987/2369/1270 1989/2371/1272 1995/2370/1278
f 1987/2369/1270 1996/2370/1279 1997/2371/1280
f 1987/2369/1270 1997/2371/1280 1998/2370/1281
f 1987/2369/1270 1998/2370/1281 1993/2371/1276
f 1999/2371/1282 1996/2370/1279 1987/2369/1270
f 1999/2371/1282 1987/2369/1270 1995/2370/1278
f 2000/2372/1283 2001/2373/1284 2002/2374/1285
f 2000/2372/1283 2003/2375/1286 2001/2373/1284
f 2004/2376/1287 2005/2377/1288 2006/2378/1289
f 2004/2376/1287 2007/2379/1290 2005/2377/1288
f 2008/2377/1291 2009/2380/1292 2010/2381/1293
f 2008/2377/1291 2011/2379/1294 2009/2380/1292
f 2012/2373/1295 2013/2372/1296 2014/2374/1297
f 2012/2373/1295 2015/2375/1298 2013/2372/1296
f 2016/2382/1299 2017/2383/1295 2018/2384/1300
f 2016/2382/1299 2019/2385/1262 2017/2383/1295
f 2020/2386/1261 2021/2387/1301 2022/2388/1302
f 2020/2386/1261 2023/2389/1262 2021/2387/1301
f 2024/2390/1303 2025/2391/1261 2026/2392/1304
f 2024/2390/1303 2027/2393/1259 2025/2391/1261
f 2028/2394/1305 2024/2390/1303 2029/2395/1306
f 2028/2394/1305 2027/2393/1259 2024/2390/1303
f 2030/2390/1307 2028/2394/1305 2029/2395/1306
f 2030/2390/1307 2031/2393/1308 2028/2394/1305
f 2032/2391/1266 2030/2390/1307 2033/2392/1309
f 2032/2391/1266 2031/2393/1308 2030/2390/1307
f 2034/2387/1310 2035/2386/1266 2036/2388/1311
f 2034/2387/1310 2037/2389/1267 2035/2386/1266
f 2038/2383/1312 2039/2382/1313 2040/2384/1314
f 2038/2383/1312 2041/2385/1267 2039/2382/1313
f 2042/2396/1315 2043/2397/1316 2044/2398/1317
f 2045/2399/1318 2046/2400/1319 2047/2401/1316
f 2048/2398/1320 2049/2396/1321 2043/2397/1322
f 2047/2401/1323 2050/2399/1324 2051/2400/1325
f 2052/2402/1326 2053/2403/1327 2054/2404/1323
f 2055/2396/1328 2044/2398/1317 2043/2397/1316
f 2056/2399/1329 2047/2401/1323 2057/2400/1330
f 2058/2398/1330 2043/2397/1331 2059/2396/1332
f 2047/2401/1323 2060/2400/1333 2061/2399/1334
f 2062/2402/1335 2054/2404/1323 2053/2403/1327
f 2042/2396/1315 2044/2398/1317 2063/2397/1336
f 2045/2399/1318 2064/2401/1337 2046/2400/1319
f 2048/2398/1320 2063/2397/1337 2049/2396/1321
f 2064/2401/1337 2051/2400/1325 2050/2399/1324
f 2052/2402/1326 2065/2404/1337 2053/2403/1327
f 2055/2396/1328 2063/2397/1336 2044/2398/1317
f 2056/2399/1329 2057/2400/1330 2064/2401/1336
f 2058/2398/1330 2059/2396/1332 2063/2397/1338
f 2064/2401/1337 2061/2399/1334 2060/2400/1333
f 2062/2402/1335 2053/2403/1327 2065/2404/1337
f 2066/2405/1339 2067/2406/1340 2068/2407/1341
f 2069/2408/1342 2068/2407/1341 2067/2406/1340
f 2068/2407/1341 2070/2409/1343 2066/2405/1339
f 2071/2410/1344 2066/2405/1339 2070/2409/1343
f 2072/2411/1345 2073/2412/1346 2070/2409/1343
f 2074/2413/1347 2070/2409/1343 2068/2407/1341
f 2075/2414/1348 2073/2412/1346 2072/2411/1345
f 2072/2411/1345 2070/2409/1343 2074/2413/1347
f 2076/2415/1349 2077/2416/1350 2074/2413/1347
f 2072/2411/1345 2074/2413/1347 2077/2416/1350
f 2078/2417/1351 2076/2415/1349 2079/2418/1352
f 2076/2415/1349 2080/2419/1353 2081/2420/1354
f 2081/2420/1354 2082/2421/1355 2083/2422/1356
f 2077/2416/1350 2081/2420/1354 2084/2423/1357
f 2084/2423/1357 2085/2424/1358 2077/2416/1350
f 2084/2423/1357 2083/2422/1356 2086/2425/1359
f 2086/2425/1359 2087/2426/1360 2084/2423/1357
f 2075/2414/1348 2072/2411/1345 2085/2424/1358
f 2087/2426/1360 2085/2424/1358 2084/2423/1357
f 2088/2427/1361 2087/2426/1360 2086/2425/1359
f 2084/2423/1357 2081/2420/1354 2083/2422/1356
f 2077/2416/1350 2085/2424/1358 2072/2411/1345
f 2077/2416/1350 2076/2415/1349 2081/2420/1354
f 2081/2420/1354 2080/2419/1353 2082/2421/1355
f 2078/2417/1351 2080/2419/1353 2076/2415/1349
f 2089/2428/1362 2090/2429/1363 2091/2430/1364
f 2092/2431/1365 2091/2430/1364 2090/2429/1363
f 2089/2428/1362 2091/2430/1364 2093/2432/1366
f 2094/2433/1367 2089/2428/1362 2093/2432/1366
f 2095/2434/1368 2096/2435/1369 2097/2436/1370
f 2098/2437/1371 2095/2434/1368 2097/2436/1370
f 2097/2436/1370 2099/2438/1372 2098/2437/1371
f 2100/2439/1373 2101/2440/1374 2102/2441/1375
f 2103/2442/1376 2101/2440/1374 2100/2439/1373
f 2103/2442/1376 2104/2443/1377 2101/2440/1374
f 2103/2442/1376 2105/2444/1378 2104/2443/1377
f 2105/2444/1378 2103/2442/1376 2106/2445/1379
f 2106/2445/1379 2107/2446/1380 2108/2447/1381
f 2105/2444/1378 2106/2445/1379 2108/2447/1381
f 2108/2447/1381 2107/2446/1380 2096/2435/1369
f 2095/2434/1368 2108/2447/1381 2096/2435/1369
f 2100/2439/1373 2102/2441/1375 2109/2448/1382
f 2099/2438/1372 2110/2449/1383 2111/2450/1384
f 2090/2429/1363 2089/2428/1362 2104/2443/1377
f 2105/2444/1378 2090/2429/1363 2104/2443/1377
f 2094/2433/1367 2101/2440/1374 2104/2443/1377
f 2089/2428/1362 2094/2433/1367 2104/2443/1377
f 2092/2431/1365 2090/2429/1363 2112/2451/1385
f 2113/2452/1386 2114/2452/1387 2115/2452/1388
f 2113/2452/1386 2115/2452/1388 2116/2452/1389
f 2117/2453/1390 2118/2454/1391 2119/2455/1392
f 2119/2455/1392 2120/2456/1393 2117/2453/1390
f 2121/2457/1394 2117/2453/1390 2120/2456/1393
f 2118/2454/1391 2117/2453/1390 2122/2458/1395
f 2123/2459/1396 2124/2460/1397 2125/2461/1398
f 2122/2458/1395 2126/2462/1399 2125/2461/1398
f 2123/2459/1396 2125/2461/1398 2126/2462/1399
f 2126/2462/1399 2122/2458/1395 2117/2453/1390
f 2123/2459/1396 2127/2463/1400 2124/2460/1397
f 2126/2462/1399 2127/2463/1400 2123/2459/1396
f 2126/2462/1399 2128/2464/1401 2127/2463/1400
f 2117/2453/1390 2128/2464/1401 2126/2462/1399
f 2129/2465/1402 2130/2466/1403 2131/2467/1404
f 2129/2465/1402 2131/2467/1404 2132/2468/1405
f 2133/2469/1406 2134/2470/1407 2132/2468/1405
f 2131/2467/1404 2133/2469/1406 2132/2468/1405
f 2118/2454/1391 2135/2471/1408 2119/2455/1392
f 2119/2455/1392 2135/2471/1408 2136/2472/1409
f 2136/2472/1409 2134/2470/1407 2133/2469/1406
f 2135/2471/1408 2134/2470/1407 2136/2472/1409
f 2137/2473/1410 2138/2474/1411 2139/2475/1412
f 2140/2476/1413 2141/2477/1414 2142/2478/1415
f 2143/2479/1416 2140/2476/1413 2142/2478/1415
f 2141/2477/1414 2144/2480/1417 2142/2478/1415
f 2145/2481/1418 2142/2478/1415 2144/2480/1417
f 2141/2477/1414 2140/2476/1413 2146/2482/1419
f 2147/2483/1420 2146/2482/1419 2140/2476/1413
f 2144/2480/1417 2141/2477/1414 2148/2484/1421
f 2146/2482/1419 2147/2483/1420 2149/2485/1422
f 2138/2474/1411 2149/2485/1422 2139/2475/1412
f 2149/2485/1422 2138/2474/1411 2146/2482/1419
f 2148/2484/1421 2146/2482/1419 2138/2474/1411
f 2146/2482/1419 2148/2484/1421 2141/2477/1414
f 2150/2486/1423 2128/2464/1401 2151/2487/1424
f 2117/2453/1390 2121/2457/1394 2151/2487/1424
f 2152/2488/1425 2150/2486/1423 2151/2487/1424
f 2152/2488/1425 2121/2457/1394 2153/2489/1426
f 2121/2457/1394 2152/2488/1425 2151/2487/1424
f 2117/2453/1390 2151/2487/1424 2128/2464/1401
f 2071/2410/1344 2070/2409/1343 2154/2490/1427
f 2073/2412/1346 2154/2490/1427 2070/2409/1343
f 2155/2491/1428 2156/2491/1429 2157/2491/1430
f 2158/2491/1431 2155/2491/1428 2157/2491/1430
f 2158/2491/1431 2157/2491/1430 2159/2491/1432
f 2160/2491/1433 2158/2491/1431 2159/2491/1432
f 2161/2491/1434 2156/2491/1429 2155/2491/1428
f 2162/2492/1435 2163/2493/1436 2164/2494/1437
f 2165/2491/1438 2156/2491/1429 2161/2491/1434
f 2166/2495/1439 2164/2494/1437 2163/2493/1436
f 2160/2491/1433 2159/2491/1432 2167/2491/1440
f 2168/2491/1441 2167/2491/1440 2159/2491/1432
f 2159/2491/1432 2169/2491/1442 2168/2491/1441
f 2170/2496/1442 2162/2492/1435 2171/2497/1443
f 2159/2491/1432 2157/2491/1430 2169/2491/1442
f 2172/2498/1444 2082/2421/1355 2173/2499/1445
f 2172/2498/1444 2083/2422/1356 2082/2421/1355
f 2174/2500/1446 2175/2501/1447 2172/2498/1444
f 2173/2499/1445 2174/2500/1446 2172/2498/1444
f 2176/2502/1448 2083/2422/1356 2172/2498/1444
f 2177/2503/1449 2086/2425/1359 2176/2502/1448
f 2175/2501/1447 2178/2504/1450 2176/2502/1448
f 2172/2498/1444 2175/2501/1447 2176/2502/1448
f 2178/2504/1450 2179/2505/1451 2177/2503/1449
f 2176/2502/1448 2178/2504/1450 2177/2503/1449
f 2088/2427/1361 2086/2425/1359 2177/2503/1449
f 2086/2425/1359 2083/2422/1356 2176/2502/1448
f 2180/2506/1452 2173/2499/1445 2181/2507/1453
f 2082/2421/1355 2181/2507/1453 2173/2499/1445
f 2182/2508/1454 2174/2500/1446 2173/2499/1445
f 2180/2506/1452 2182/2508/1454 2173/2499/1445
f 2183/2509/1455 2182/2508/1454 2180/2506/1452
f 2184/2510/1456 2183/2509/1455 2180/2506/1452
f 2185/2511/1457 2184/2510/1456 2181/2507/1453
f 2180/2506/1452 2181/2507/1453 2184/2510/1456
f 2186/2512/1458 2187/2513/1459 2188/2514/1460
f 2188/2514/1460 2187/2513/1459 2183/2509/1455
f 2189/2515/1461 2183/2509/1455 2187/2513/1459
f 2182/2508/1454 2183/2509/1455 2190/2516/1462
f 2189/2515/1461 2190/2516/1462 2183/2509/1455
f 2190/2516/1462 2174/2500/1446 2182/2508/1454
f 2191/2517/1463 2174/2500/1446 2190/2516/1462
f 2192/2518/1464 2174/2500/1446 2191/2517/1463
f 2192/2518/1464 2175/2501/1447 2174/2500/1446
f 2193/2519/1465 2175/2501/1447 2192/2518/1464
f 2193/2519/1465 2178/2504/1450 2175/2501/1447
f 2194/2520/1466 2178/2504/1450 2193/2519/1465
f 2194/2520/1466 2179/2505/1451 2178/2504/1450
f 2195/2491/1467 2196/2491/1468 2197/2491/1469
f 2200/2491/1470 2198/2491/1471 2199/2491/1472
f 2200/2491/1470 2199/2491/1472 2201/2491/1473
f 2195/2491/1467 2200/2491/1470 2201/2491/1473
f 2195/2491/1467 2201/2491/1473 2196/2491/1468
f 2203/2491/1474 2196/2491/1468 2202/2491/1475
f 2202/2491/1475 2204/2491/1476 2205/2491/1477
f 2203/2491/1474 2202/2491/1475 2205/2491/1477
f 2205/2491/1477 2204/2491/1476 2206/2491/1478
f 2207/2491/1479 2205/2491/1477 2206/2491/1478
f 2207/2491/1479 2206/2491/1478 2208/2491/1480
f 2115/2452/1388 2114/2452/1387 2209/2452/1481
f 2210/2452/1482 2209/2452/1481 2114/2452/1387
f 2211/2521/1483 2212/2521/1484 2210/2452/1482
f 2213/2452/1485 2209/2452/1481 2210/2452/1482
f 2211/2521/1483 2214/2521/1486 2212/2521/1484
f 2213/2452/1485 2212/2521/1484 2214/2521/1486
f 2213/2452/1485 2210/2452/1482 2212/2521/1484
f 2215/2522/1487 2216/2522/1488 2217/2523/1489
f 2216/2522/1488 2218/2523/1490 2217/2523/1489
f 2219/2524/1491 2220/2525/1492 2221/2524/1493
f 2222/2524/1494 2223/2524/1495 2224/2526/1496
f 2217/2523/1497 2224/2526/1496 2223/2524/1495
f 2222/2524/1494 2224/2526/1496 2219/2524/1498
f 2218/2523/1490 2225/2527/1499 2226/2528/1492
f 2218/2523/1490 2226/2528/1492 2217/2523/1489
f 2216/2522/1488 2225/2527/1499 2218/2523/1490
f 2227/2523/1500 2226/2528/1492 2225/2527/1499
f 2228/2524/1501 2221/2524/1493 2220/2525/1492
f 2229/2529/1502 2230/2529/1503 2231/2522/1504
f 2231/2522/1504 2232/2529/1505 2224/2526/1506
f 2230/2529/1503 2232/2529/1505 2231/2522/1504
f 2233/2529/1507 2224/2526/1506 2232/2529/1505
f 2181/2507/1453 2082/2421/1355 2234/2530/1508
f 2235/2531/1509 2236/2532/1510 2149/2485/1422
f 2235/2531/1509 2149/2485/1422 2147/2483/1420
f 2139/2475/1412 2149/2485/1422 2236/2532/1510
f 2237/2533/1511 2238/2533/1512 2239/2533/1513
f 2237/2533/1511 2239/2533/1513 2240/2533/1514
f 2241/2533/1515 2242/2533/1516 2237/2533/1511
f 2240/2533/1514 2241/2533/1515 2237/2533/1511
f 2243/2533/1517 2239/2533/1513 2238/2533/1512
f 2080/2419/1353 2234/2530/1508 2082/2421/1355
f 2184/2510/1456 2185/2511/1457 2244/2534/1518
f 2185/2511/1457 2181/2507/1453 2245/2535/1519
f 2245/2535/1519 2244/2534/1518 2185/2511/1457
f 2234/2530/1508 2245/2535/1519 2181/2507/1453
f 2245/2535/1519 2234/2530/1508 2246/2536/1520
f 2247/2537/1521 2166/2495/1439 2248/2538/1522
f 2249/2539/1523 2247/2537/1521 2248/2538/1522
f 2164/2494/1437 2166/2495/1439 2247/2537/1521
f 2250/2540/1524 2251/2541/1525 2247/2537/1521
f 2249/2539/1523 2250/2540/1524 2247/2537/1521
f 2252/2542/1526 2188/2514/1460 2183/2509/1455
f 2184/2510/1456 2252/2542/1526 2183/2509/1455
f 2244/2534/1518 2253/2543/1527 2252/2542/1526
f 2184/2510/1456 2244/2534/1518 2252/2542/1526
f 2186/2512/1458 2188/2514/1460 2250/2540/1524
f 2250/2540/1524 2252/2542/1526 2251/2541/1525
f 2186/2512/1458 2250/2540/1524 2249/2539/1523
f 2252/2542/1526 2250/2540/1524 2188/2514/1460
f 2253/2543/1527 2251/2541/1525 2252/2542/1526
f 2247/2537/1521 2251/2541/1525 2164/2494/1437
f 2067/2406/1340 2254/2544/1528 2255/2545/1529
f 2069/2408/1342 2067/2406/1340 2255/2545/1529
f 2068/2407/1341 2079/2418/1352 2074/2413/1347
f 2068/2407/1341 2069/2408/1342 2079/2418/1352
f 2074/2413/1347 2079/2418/1352 2076/2415/1349
f 2079/2418/1352 2069/2408/1342 2256/2546/1530
f 2132/2468/1405 2257/2547/1531 2129/2465/1402
f 2132/2468/1405 2134/2470/1407 2257/2547/1531
f 2258/2548/1532 2129/2465/1402 2257/2547/1531
f 2255/2545/1529 2256/2546/1530 2069/2408/1342
f 2259/2549/1533 2257/2547/1531 2260/2550/1534
f 2261/2551/1535 2246/2536/1520 2234/2530/1508
f 2258/2548/1532 2257/2547/1531 2259/2549/1533
f 2078/2417/1351 2262/2552/1536 2080/2419/1353
f 2262/2552/1536 2234/2530/1508 2080/2419/1353
f 2261/2551/1535 2234/2530/1508 2263/2553/1537
f 2262/2552/1536 2263/2553/1537 2234/2530/1508
f 2078/2417/1351 2079/2418/1352 2262/2552/1536
f 2079/2418/1352 2256/2546/1530 2262/2552/1536
f 2258/2548/1532 2259/2549/1533 2264/2554/1538
f 2265/2555/1539 2266/2556/1540 2267/2557/1541
f 2268/2558/1542 2265/2555/1539 2267/2557/1541
f 2269/2559/1543 2268/2558/1542 2270/2560/1403
f 2153/2489/1426 2271/2561/1544 2272/2562/1545
f 2270/2560/1403 2268/2558/1542 2267/2557/1541
f 2150/2486/1423 2273/2563/1546 2274/2564/1547
f 2152/2488/1425 2153/2489/1426 2272/2562/1545
f 2273/2563/1546 2152/2488/1425 2272/2562/1545
f 2152/2488/1425 2273/2563/1546 2150/2486/1423
f 2275/2565/1548 2274/2564/1547 2273/2563/1546
f 2269/2559/1543 2276/2566/1549 2268/2558/1542
f 2276/2566/1549 2277/2567/1550 2265/2555/1539
f 2268/2558/1542 2276/2566/1549 2265/2555/1539
f 2276/2566/1549 2275/2565/1548 2277/2567/1550
f 2278/2568/1551 2275/2565/1548 2279/2569/1552
f 2255/2545/1529 2280/2570/1553 2281/2571/1551
f 2269/2559/1543 2282/2572/1554 2276/2566/1549
f 2281/2571/1551 2283/2573/1555 2256/2546/1530
f 2281/2571/1551 2256/2546/1530 2255/2545/1529
f 2262/2552/1536 2283/2573/1555 2263/2553/1537
f 2282/2572/1554 2279/2569/1552 2276/2566/1549
f 2283/2573/1555 2262/2552/1536 2256/2546/1530
f 2282/2572/1554 2284/2574/1556 2279/2569/1552
f 2276/2566/1549 2279/2569/1552 2275/2565/1548
f 2273/2563/1546 2277/2567/1550 2275/2565/1548
f 2272/2562/1545 2277/2567/1550 2273/2563/1546
f 2272/2562/1545 2265/2555/1539 2277/2567/1550
f 2271/2561/1544 2265/2555/1539 2272/2562/1545
f 2271/2561/1544 2266/2556/1540 2265/2555/1539
f 2285/2575/1557 2124/2460/1397 2286/2576/1558
f 2167/2491/1440 2168/2491/1441 2287/2491/1559
f 2288/2577/1560 2289/2578/1561 2290/2579/1562
f 2291/2580/1563 2288/2577/1560 2292/2581/1564
f 2291/2580/1563 2292/2581/1564 2254/2544/1528
f 2290/2579/1562 2292/2581/1564 2288/2577/1560
f 2254/2544/1528 2292/2581/1564 2255/2545/1529
f 2280/2570/1553 2255/2545/1529 2292/2581/1564
f 2293/2582/1565 2127/2463/1400 2128/2464/1401
f 2150/2486/1423 2293/2582/1565 2128/2464/1401
f 2293/2582/1565 2150/2486/1423 2274/2564/1547
f 2294/2583/1566 2124/2460/1397 2127/2463/1400
f 2294/2583/1566 2127/2463/1400 2293/2582/1565
f 2295/2584/1442 2296/2585/1567 2297/2586/1568
f 2298/2491/1568 2168/2491/1441 2169/2491/1442
f 2293/2582/1565 2274/2564/1547 2299/2587/1569
f 2294/2583/1566 2293/2582/1565 2299/2587/1569
f 2275/2565/1548 2300/2588/1570 2274/2564/1547
f 2300/2588/1570 2275/2565/1548 2278/2568/1551
f 2281/2571/1551 2280/2570/1553 2301/2589/1571
f 2294/2583/1566 2286/2576/1558 2124/2460/1397
f 2302/2590/1558 2297/2586/1568 2296/2585/1567
f 2303/2591/1572 2297/2586/1568 2304/2592/1573
f 2168/2491/1441 2305/2491/1574 2287/2491/1559
f 2298/2491/1568 2305/2491/1574 2168/2491/1441
f 2304/2592/1573 2302/2590/1558 2306/2593/1569
f 2303/2591/1572 2290/2579/1562 2289/2578/1561
f 2305/2491/1574 2307/2491/1561 2308/2491/1575
f 2287/2491/1559 2305/2491/1574 2308/2491/1575
f 2302/2590/1558 2304/2592/1573 2297/2586/1568
f 2294/2583/1566 2299/2587/1569 2286/2576/1558
f 2280/2570/1553 2292/2581/1564 2309/2594/1576
f 2292/2581/1564 2290/2579/1562 2309/2594/1576
f 2280/2570/1553 2309/2594/1576 2301/2589/1571
f 2290/2579/1562 2304/2592/1573 2309/2594/1576
f 2290/2579/1562 2303/2591/1572 2304/2592/1573
f 2300/2588/1570 2299/2587/1569 2274/2564/1547
f 2309/2594/1576 2306/2593/1569 2301/2589/1571
f 2309/2594/1576 2304/2592/1573 2306/2593/1569
f 2310/2595/1577 2311/2596/1578 2312/2597/1579
f 2313/2598/1580 2311/2596/1578 2314/2599/1581
f 2312/2597/1579 2311/2596/1578 2313/2598/1580
f 2094/2433/1367 2093/2432/1366 2315/2600/1582
f 2316/2601/1583 2315/2600/1582 2093/2432/1366
f 2313/2598/1580 2314/2599/1581 2317/2602/1584
f 2318/2603/1585 2313/2598/1580 2317/2602/1584
f 2099/2438/1372 2319/2604/1586 2098/2437/1371
f 2108/2447/1381 2095/2434/1368 2320/2605/1587
f 2321/2606/1588 2320/2605/1587 2095/2434/1368
f 2319/2604/1586 2099/2438/1372 2111/2450/1384
f 2320/2605/1587 2090/2429/1363 2105/2444/1378
f 2108/2447/1381 2320/2605/1587 2105/2444/1378
f 2111/2450/1384 2317/2602/1584 2319/2604/1586
f 2314/2599/1581 2319/2604/1586 2317/2602/1584
f 2095/2434/1368 2098/2437/1371 2322/2607/1589
f 2321/2606/1588 2095/2434/1368 2322/2607/1589
f 2319/2604/1586 2314/2599/1581 2322/2607/1589
f 2098/2437/1371 2319/2604/1586 2322/2607/1589
f 2101/2440/1374 2094/2433/1367 2315/2600/1582
f 2102/2441/1375 2101/2440/1374 2315/2600/1582
f 2310/2595/1577 2321/2606/1588 2311/2596/1578
f 2320/2605/1587 2112/2451/1385 2090/2429/1363
f 2320/2605/1587 2321/2606/1588 2310/2595/1577
f 2112/2451/1385 2320/2605/1587 2310/2595/1577
f 2322/2607/1589 2311/2596/1578 2321/2606/1588
f 2322/2607/1589 2314/2599/1581 2311/2596/1578
f 2208/2491/1480 2323/2491/1590 2324/2491/1591
f 2325/2524/1592 2326/2608/1593 2327/2608/1594
f 2325/2524/1592 2328/2608/1595 2326/2608/1593
f 2325/2524/1592 2329/2608/1596 2328/2608/1595
f 2325/2524/1592 2330/2608/1597 2329/2608/1596
f 2325/2524/1592 2331/2608/1598 2330/2608/1597
f 2325/2524/1592 2332/2608/1599 2333/2608/1600
f 2327/2608/1594 2334/2608/1601 2325/2524/1592
f 2335/2608/1602 2336/2608/1603 2325/2524/1592
f 2333/2608/1600 2335/2608/1602 2325/2524/1592
f 2332/2608/1599 2325/2524/1592 2334/2608/1601
f 2331/2608/1598 2325/2524/1592 2336/2608/1603
f 2337/2609/1604 2338/2610/1605 2339/2611/1606
f 2340/2612/1607 2338/2610/1605 2341/2613/1608
f 2342/2614/1609 2339/2611/1606 2338/2610/1605
f 2337/2609/1604 2343/2615/1610 2139/2475/1412
f 2137/2473/1410 2139/2475/1412 2343/2615/1610
f 2337/2609/1604 2341/2613/1608 2338/2610/1605
f 2236/2532/1510 2341/2613/1608 2139/2475/1412
f 2337/2609/1604 2139/2475/1412 2341/2613/1608
f 2343/2615/1610 2337/2609/1604 2339/2611/1606
f 2344/2616/1611 2253/2543/1527 2244/2534/1518
f 2135/2471/1408 2345/2617/1612 2134/2470/1407
f 2345/2617/1612 2257/2547/1531 2134/2470/1407
f 2285/2575/1557 2346/2618/1613 2124/2460/1397
f 2347/2619/1614 2124/2460/1397 2346/2618/1613
f 2124/2460/1397 2347/2619/1614 2125/2461/1398
f 2348/2620/1615 2125/2461/1398 2347/2619/1614
f 2348/2620/1615 2122/2458/1395 2125/2461/1398
f 2135/2471/1408 2118/2454/1391 2349/2621/1616
f 2122/2458/1395 2348/2620/1615 2349/2621/1616
f 2349/2621/1616 2345/2617/1612 2135/2471/1408
f 2122/2458/1395 2349/2621/1616 2118/2454/1391
f 2350/2622/1617 2351/2623/1613 2164/2494/1437
f 2351/2623/1613 2171/2497/1443 2162/2492/1435
f 2348/2620/1615 2352/2624/1618 2349/2621/1616
f 2344/2616/1611 2353/2625/1619 2350/2622/1617
f 2354/2626/1620 2353/2625/1619 2344/2616/1611
f 2354/2626/1620 2344/2616/1611 2244/2534/1518
f 2347/2619/1614 2355/2627/1621 2348/2620/1615
f 2354/2626/1620 2244/2534/1518 2245/2535/1519
f 2356/2628/1620 2260/2550/1534 2352/2624/1618
f 2245/2535/1519 2246/2536/1520 2354/2626/1620
f 2351/2623/1613 2350/2622/1617 2353/2625/1619
f 2162/2492/1435 2164/2494/1437 2351/2623/1613
f 2350/2622/1617 2164/2494/1437 2251/2541/1525
f 2251/2541/1525 2253/2543/1527 2350/2622/1617
f 2344/2616/1611 2350/2622/1617 2253/2543/1527
f 2257/2547/1531 2345/2617/1612 2352/2624/1618
f 2352/2624/1618 2260/2550/1534 2257/2547/1531
f 2352/2624/1618 2348/2620/1615 2355/2627/1621
f 2347/2619/1614 2346/2618/1613 2355/2627/1621
f 2356/2628/1620 2352/2624/1618 2355/2627/1621
f 2349/2621/1616 2352/2624/1618 2345/2617/1612
f 2357/2491/1622 2197/2491/1469 2196/2491/1468
f 2200/2491/1470 2195/2491/1467 2358/2491/1623
f 2197/2491/1469 2358/2491/1623 2195/2491/1467
f 2198/2491/1471 2200/2491/1470 2359/2491/1624
f 2358/2491/1623 2359/2491/1624 2200/2491/1470
f 2207/2491/1479 2208/2491/1480 2324/2491/1591
f 2360/2491/1625 2207/2491/1479 2324/2491/1591
f 2205/2491/1477 2207/2491/1479 2360/2491/1625
f 2361/2491/1626 2205/2491/1477 2360/2491/1625
f 2203/2491/1474 2205/2491/1477 2362/2491/1627
f 2361/2491/1626 2362/2491/1627 2205/2491/1477
f 2196/2491/1468 2203/2491/1474 2362/2491/1627
f 2357/2491/1622 2196/2491/1468 2362/2491/1627
f 2066/2405/1339 2363/2407/1628 2067/2406/1340
f 2364/2408/1629 2067/2406/1340 2363/2407/1628
f 2365/2629/1628 2366/2630/1339 2367/2631/1630
f 2368/2632/1344 2367/2631/1630 2366/2630/1339
f 2369/2633/1631 2367/2631/1630 2370/2634/1632
f 2371/2635/1633 2365/2629/1628 2367/2631/1630
f 2372/2636/1634 2369/2633/1631 2370/2634/1632
f 2369/2633/1631 2371/2635/1633 2367/2631/1630
f 2373/2415/1635 2374/2413/1633 2375/2416/1636
f 2376/2411/1637 2375/2416/1636 2374/2413/1633
f 2377/2417/1638 2378/2418/1639 2373/2415/1635
f 2373/2415/1635 2379/2420/1640 2380/2419/1641
f 2379/2420/1640 2381/2422/1642 2382/2421/1643
f 2375/2416/1636 2383/2423/1644 2379/2420/1640
f 2383/2423/1644 2375/2416/1636 2384/2424/1645
f 2383/2423/1644 2385/2425/1646 2381/2422/1642
f 2385/2425/1646 2383/2423/1644 2386/2426/1647
f 2387/2414/1648 2384/2424/1645 2376/2411/1637
f 2386/2426/1647 2383/2423/1644 2384/2424/1645
f 2388/2427/1649 2385/2425/1646 2386/2426/1647
f 2383/2423/1644 2381/2422/1642 2379/2420/1640
f 2375/2416/1636 2376/2411/1637 2384/2424/1645
f 2375/2416/1636 2379/2420/1640 2373/2415/1635
f 2379/2420/1640 2382/2421/1643 2380/2419/1641
f 2377/2417/1638 2373/2415/1635 2380/2419/1641
f 2389/2428/1650 2390/2430/1651 2391/2429/1652
f 2392/2431/1653 2391/2429/1652 2390/2430/1651
f 2389/2428/1650 2393/2432/1654 2390/2430/1651
f 2394/2433/1655 2393/2432/1654 2389/2428/1650
f 2395/2434/1656 2396/2436/1657 2397/2435/1658
f 2398/2437/1659 2396/2436/1657 2395/2434/1656
f 2396/2436/1657 2398/2437/1659 2399/2438/1660
f 2400/2439/1661 2401/2441/1662 2402/2440/1663
f 2403/2442/1664 2400/2439/1661 2402/2440/1663
f 2403/2442/1664 2402/2440/1663 2404/2443/1665
f 2403/2442/1664 2404/2443/1665 2405/2444/1666
f 2405/2444/1666 2406/2445/1667 2403/2442/1664
f 2406/2445/1667 2407/2447/1668 2408/2446/1669
f 2405/2444/1666 2407/2447/1668 2406/2445/1667
f 2407/2447/1668 2397/2435/1658 2408/2446/1669
f 2395/2434/1656 2397/2435/1658 2407/2447/1668
f 2400/2439/1661 2409/2448/1670 2401/2441/1662
f 2399/2438/1660 2410/2450/1671 2411/2449/1672
f 2391/2429/1652 2404/2443/1665 2389/2428/1650
f 2405/2444/1666 2404/2443/1665 2391/2429/1652
f 2394/2433/1655 2404/2443/1665 2402/2440/1663
f 2389/2428/1650 2404/2443/1665 2394/2433/1655
f 2392/2431/1653 2412/2451/1673 2391/2429/1652
f 2413/2452/1674 2414/2452/1675 2415/2452/1676
f 2413/2452/1674 2416/2452/1677 2414/2452/1675
f 2417/2453/1678 2418/2455/1679 2419/2454/1680
f 2418/2455/1679 2417/2453/1678 2420/2456/1681
f 2421/2457/1682 2420/2456/1681 2417/2453/1678
f 2419/2454/1680 2422/2458/1683 2417/2453/1678
f 2423/2459/1684 2424/2461/1685 2425/2460/1686
f 2422/2458/1683 2424/2461/1685 2426/2462/1687
f 2423/2459/1684 2426/2462/1687 2424/2461/1685
f 2426/2462/1687 2417/2453/1678 2422/2458/1683
f 2423/2459/1684 2425/2460/1686 2427/2463/1688
f 2426/2462/1687 2423/2459/1684 2427/2463/1688
f 2426/2462/1687 2427/2463/1688 2428/2464/1689
f 2417/2453/1678 2426/2462/1687 2428/2464/1689
f 2429/2465/1690 2430/2467/1691 2431/2466/1692
f 2429/2465/1690 2432/2468/1693 2430/2467/1691
f 2433/2469/1694 2432/2468/1693 2434/2470/1695
f 2430/2467/1691 2432/2468/1693 2433/2469/1694
f 2419/2454/1680 2418/2455/1679 2435/2471/1696
f 2418/2455/1679 2436/2472/1697 2435/2471/1696
f 2436/2472/1697 2433/2469/1694 2434/2470/1695
f 2435/2471/1696 2436/2472/1697 2434/2470/1695
f 2437/2473/1698 2438/2475/1699 2439/2474/1700
f 2440/2476/1701 2142/2478/1415 2441/2477/1702
f 2143/2479/1416 2142/2478/1415 2440/2476/1701
f 2441/2477/1702 2142/2478/1415 2442/2480/1703
f 2145/2481/1418 2442/2480/1703 2142/2478/1415
f 2441/2477/1702 2443/2482/1704 2440/2476/1701
f 2444/2483/1705 2440/2476/1701 2443/2482/1704
f 2442/2480/1703 2445/2484/1706 2441/2477/1702
f 2443/2482/1704 2446/2485/1707 2444/2483/1705
f 2439/2474/1700 2438/2475/1699 2446/2485/1707
f 2446/2485/1707 2443/2482/1704 2439/2474/1700
f 2445/2484/1706 2439/2474/1700 2443/2482/1704
f 2443/2482/1704 2441/2477/1702 2445/2484/1706
f 2447/2486/1708 2448/2487/1709 2428/2464/1689
f 2417/2453/1678 2448/2487/1709 2421/2457/1682
f 2449/2488/1710 2448/2487/1709 2447/2486/1708
f 2449/2488/1710 2450/2489/1711 2421/2457/1682
f 2421/2457/1682 2448/2487/1709 2449/2488/1710
f 2417/2453/1678 2428/2464/1689 2448/2487/1709
f 2368/2632/1344 2451/2637/1427 2367/2631/1630
f 2370/2634/1632 2367/2631/1630 2451/2637/1427
f 2452/2491/1712 2453/2491/1713 2454/2491/1714
f 2455/2491/1715 2453/2491/1713 2452/2491/1712
f 2455/2491/1715 2456/2491/1716 2453/2491/1713
f 2457/2491/1717 2456/2491/1716 2455/2491/1715
f 2458/2491/1718 2452/2491/1712 2454/2491/1714
f 2459/2492/1719 2460/2494/1720 2461/2493/1714
f 2462/2491/1721 2458/2491/1718 2454/2491/1714
f 2463/2495/1722 2461/2493/1714 2460/2494/1720
f 2457/2491/1717 2464/2491/1723 2456/2491/1716
f 2465/2491/1724 2456/2491/1716 2464/2491/1723
f 2456/2491/1716 2465/2491/1724 2466/2491/1725
f 2467/2496/1725 2468/2497/1726 2459/2492/1719
f 2456/2491/1716 2466/2491/1725 2453/2491/1713
f 2469/2638/1727 2470/2639/1728 2471/2640/1729
f 2469/2638/1727 2471/2640/1729 2472/2641/1642
f 2473/2642/1730 2469/2638/1727 2474/2643/1731
f 2470/2639/1728 2469/2638/1727 2473/2642/1730
f 2475/2502/1732 2476/2498/1727 2381/2422/1642
f 2477/2503/1733 2475/2502/1732 2385/2425/1646
f 2478/2501/1731 2475/2502/1732 2479/2504/1734
f 2476/2498/1727 2475/2502/1732 2478/2501/1731
f 2479/2504/1734 2477/2503/1733 2480/2505/1735
f 2475/2502/1732 2477/2503/1733 2479/2504/1734
f 2388/2427/1649 2477/2503/1733 2385/2425/1646
f 2385/2425/1646 2475/2502/1732 2381/2422/1642
f 2481/2644/1736 2482/2645/1737 2470/2639/1728
f 2471/2640/1729 2470/2639/1728 2482/2645/1737
f 2483/2646/1738 2470/2639/1728 2473/2642/1730
f 2481/2644/1736 2470/2639/1728 2483/2646/1738
f 2484/2647/1739 2481/2644/1736 2483/2646/1738
f 2485/2648/1740 2481/2644/1736 2484/2647/1739
f 2486/2649/1741 2482/2645/1737 2485/2648/1740
f 2481/2644/1736 2485/2648/1740 2482/2645/1737
f 2487/2650/1742 2488/2651/1743 2489/2652/1459
f 2488/2651/1743 2484/2647/1739 2489/2652/1459
f 2490/2653/1461 2489/2652/1459 2484/2647/1739
f 2483/2646/1738 2491/2654/1462 2484/2647/1739
f 2490/2653/1461 2484/2647/1739 2491/2654/1462
f 2491/2654/1462 2483/2646/1738 2473/2642/1730
f 2492/2655/1463 2491/2654/1462 2473/2642/1730
f 2493/2656/1464 2492/2655/1463 2473/2642/1730
f 2493/2656/1464 2473/2642/1730 2474/2643/1731
f 2193/2519/1465 2192/2518/1464 2478/2501/1731
f 2193/2519/1465 2478/2501/1731 2479/2504/1734
f 2194/2520/1466 2193/2519/1465 2479/2504/1734
f 2194/2520/1466 2479/2504/1734 2480/2505/1735
f 2494/2524/1744 2495/2524/1469 2496/2524/1745
f 2499/2491/1746 2498/2491/1747 2497/2491/1748
f 2499/2491/1746 2500/2491/1749 2498/2491/1747
f 2501/2491/1750 2500/2491/1749 2499/2491/1746
f 2501/2491/1750 2502/2491/1751 2500/2491/1749
f 2504/2491/1752 2503/2491/1753 2502/2491/1754
f 2503/2491/1753 2505/2491/1755 2506/2491/1756
f 2504/2491/1752 2505/2491/1755 2503/2491/1753
f 2505/2491/1755 2507/2491/1757 2506/2491/1756
f 2508/2491/1758 2507/2491/1757 2505/2491/1755
f 2508/2491/1758 2509/2491/1759 2507/2491/1757
f 2414/2452/1675 2510/2452/1760 2415/2452/1676
f 2511/2452/1761 2415/2452/1676 2510/2452/1760
f 2512/2521/1762 2511/2452/1761 2513/2521/1763
f 2213/2452/1485 2511/2452/1761 2510/2452/1760
f 2512/2521/1762 2513/2521/1763 2214/2521/1486
f 2213/2452/1485 2214/2521/1486 2513/2521/1763
f 2213/2452/1485 2513/2521/1763 2511/2452/1761
f 2215/2522/1487 2217/2523/1489 2514/2522/1764
f 2514/2522/1764 2217/2523/1489 2515/2523/1765
f 2516/2524/1766 2517/2524/1767 2518/2525/1768
f 2519/2524/1769 2520/2526/1770 2223/2524/1495
f 2217/2523/1497 2223/2524/1495 2520/2526/1770
f 2519/2524/1769 2516/2524/1771 2520/2526/1770
f 2515/2523/1765 2521/2528/1768 2522/2527/1772
f 2515/2523/1765 2217/2523/1489 2521/2528/1768
f 2514/2522/1764 2515/2523/1765 2522/2527/1772
f 2523/2523/1773 2522/2527/1772 2521/2528/1768
f 2524/2524/1773 2518/2525/1768 2517/2524/1767
f 2229/2529/1502 2231/2522/1504 2525/2529/1774
f 2231/2522/1504 2520/2526/1775 2526/2529/1776
f 2525/2529/1774 2231/2522/1504 2526/2529/1776
f 2527/2529/1777 2526/2529/1776 2520/2526/1775
f 2528/2507/1778 2529/2530/1779 2382/2421/1643
f 2530/2531/1780 2446/2485/1707 2531/2532/1781
f 2530/2531/1780 2444/2483/1705 2446/2485/1707
f 2438/2475/1699 2531/2532/1781 2446/2485/1707
f 2532/2533/1782 2533/2533/1783 2534/2533/1784
f 2532/2533/1782 2535/2533/1785 2533/2533/1783
f 2241/2533/1515 2532/2533/1782 2242/2533/1516
f 2535/2533/1785 2532/2533/1782 2241/2533/1515
f 2536/2533/1786 2534/2533/1784 2533/2533/1783
f 2380/2419/1641 2382/2421/1643 2529/2530/1779
f 2485/2648/1740 2537/2657/1787 2486/2649/1741
f 2538/2511/1741 2539/2535/1788 2528/2507/1778
f 2539/2535/1788 2538/2511/1741 2540/2534/1787
f 2529/2530/1779 2528/2507/1778 2539/2535/1788
f 2539/2535/1788 2541/2536/1789 2529/2530/1779
f 2542/2537/1790 2248/2538/1522 2463/2495/1722
f 2249/2539/1523 2248/2538/1522 2542/2537/1790
f 2460/2494/1720 2542/2537/1790 2463/2495/1722
f 2543/2540/1791 2542/2537/1790 2544/2541/1792
f 2249/2539/1523 2542/2537/1790 2543/2540/1791
f 2545/2658/1793 2484/2647/1739 2488/2651/1743
f 2485/2648/1740 2484/2647/1739 2545/2658/1793
f 2537/2657/1787 2545/2658/1793 2546/2659/1794
f 2485/2648/1740 2545/2658/1793 2537/2657/1787
f 2487/2650/1742 2547/2660/1795 2488/2651/1743
f 2547/2660/1795 2548/2661/1796 2545/2658/1793
f 2186/2512/1458 2249/2539/1523 2543/2540/1791
f 2545/2658/1793 2488/2651/1743 2547/2660/1795
f 2546/2659/1794 2545/2658/1793 2548/2661/1796
f 2542/2537/1790 2460/2494/1720 2544/2541/1792
f 2067/2406/1340 2549/2545/1797 2254/2544/1528
f 2364/2408/1629 2549/2545/1797 2067/2406/1340
f 2363/2407/1628 2374/2413/1633 2378/2418/1639
f 2363/2407/1628 2378/2418/1639 2364/2408/1629
f 2374/2413/1633 2373/2415/1635 2378/2418/1639
f 2378/2418/1639 2550/2546/1798 2364/2408/1629
f 2432/2468/1693 2429/2465/1690 2551/2547/1799
f 2432/2468/1693 2551/2547/1799 2434/2470/1695
f 2552/2548/1800 2551/2547/1799 2429/2465/1690
f 2549/2545/1797 2364/2408/1629 2550/2546/1798
f 2553/2549/1801 2554/2550/1802 2551/2547/1799
f 2555/2551/1803 2529/2530/1779 2541/2536/1789
f 2552/2548/1800 2553/2549/1801 2551/2547/1799
f 2377/2417/1638 2380/2419/1641 2556/2552/1804
f 2556/2552/1804 2380/2419/1641 2529/2530/1779
f 2555/2551/1803 2557/2553/1805 2529/2530/1779
f 2556/2552/1804 2529/2530/1779 2557/2553/1805
f 2377/2417/1638 2556/2552/1804 2378/2418/1639
f 2378/2418/1639 2556/2552/1804 2550/2546/1798
f 2552/2548/1800 2558/2554/1806 2553/2549/1801
f 2559/2555/1807 2560/2557/1808 2561/2556/1809
f 2562/2558/1810 2560/2557/1808 2559/2555/1807
f 2563/2559/1811 2564/2560/1692 2562/2558/1810
f 2450/2489/1711 2565/2562/1812 2566/2561/1813
f 2564/2560/1692 2560/2557/1808 2562/2558/1810
f 2447/2486/1708 2567/2564/1814 2568/2563/1815
f 2449/2488/1710 2565/2562/1812 2450/2489/1711
f 2568/2563/1815 2565/2562/1812 2449/2488/1710
f 2449/2488/1710 2447/2486/1708 2568/2563/1815
f 2569/2565/1816 2568/2563/1815 2567/2564/1814
f 2563/2559/1811 2562/2558/1810 2570/2566/1817
f 2570/2566/1817 2559/2555/1807 2571/2567/1818
f 2562/2558/1810 2559/2555/1807 2570/2566/1817
f 2570/2566/1817 2571/2567/1818 2569/2565/1816
f 2572/2568/1819 2573/2569/1820 2569/2565/1816
f 2549/2545/1797 2574/2571/1819 2575/2570/1821
f 2563/2559/1811 2570/2566/1817 2576/2572/1822
f 2574/2571/1819 2550/2546/1798 2577/2573/1820
f 2574/2571/1819 2549/2545/1797 2550/2546/1798
f 2556/2552/1804 2557/2553/1805 2577/2573/1820
f 2576/2572/1822 2570/2566/1817 2573/2569/1820
f 2577/2573/1820 2550/2546/1798 2556/2552/1804
f 2576/2572/1822 2573/2569/1820 2578/2574/1823
f 2570/2566/1817 2569/2565/1816 2573/2569/1820
f 2568/2563/1815 2569/2565/1816 2571/2567/1818
f 2565/2562/1812 2568/2563/1815 2571/2567/1818
f 2565/2562/1812 2571/2567/1818 2559/2555/1807
f 2566/2561/1813 2565/2562/1812 2559/2555/1807
f 2566/2561/1813 2559/2555/1807 2561/2556/1809
f 2579/2575/1824 2580/2576/1825 2425/2460/1686
f 2464/2491/1723 2581/2491/1826 2465/2491/1724
f 2288/2577/1560 2582/2579/1827 2289/2578/1561
f 2291/2580/1563 2583/2581/1828 2288/2577/1560
f 2291/2580/1563 2254/2544/1528 2583/2581/1828
f 2582/2579/1827 2288/2577/1560 2583/2581/1828
f 2254/2544/1528 2549/2545/1797 2583/2581/1828
f 2575/2570/1821 2583/2581/1828 2549/2545/1797
f 2584/2582/1829 2428/2464/1689 2427/2463/1688
f 2447/2486/1708 2428/2464/1689 2584/2582/1829
f 2584/2582/1829 2567/2564/1814 2447/2486/1708
f 2585/2583/1830 2427/2463/1688 2425/2460/1686
f 2585/2583/1830 2584/2582/1829 2427/2463/1688
f 2586/2584/1725 2587/2586/1831 2588/2585/1832
f 2589/2491/1833 2466/2491/1725 2465/2491/1724
f 2584/2582/1829 2590/2587/1834 2567/2564/1814
f 2585/2583/1830 2590/2587/1834 2584/2582/1829
f 2569/2565/1816 2567/2564/1814 2591/2588/1835
f 2591/2588/1835 2572/2568/1819 2569/2565/1816
f 2574/2571/1819 2592/2589/1836 2575/2570/1821
f 2585/2583/1830 2425/2460/1686 2580/2576/1825
f 2593/2590/1825 2588/2585/1832 2587/2586/1831
f 2594/2591/1837 2595/2592/1838 2587/2586/1831
f 2465/2491/1724 2581/2491/1826 2596/2491/1839
f 2589/2491/1833 2465/2491/1724 2596/2491/1839
f 2595/2592/1838 2597/2593/1834 2593/2590/1825
f 2594/2591/1837 2289/2578/1561 2582/2579/1827
f 2596/2491/1839 2308/2491/1575 2307/2491/1561
f 2581/2491/1826 2308/2491/1575 2596/2491/1839
f 2593/2590/1825 2587/2586/1831 2595/2592/1838
f 2585/2583/1830 2580/2576/1825 2590/2587/1834
f 2575/2570/1821 2598/2594/1840 2583/2581/1828
f 2583/2581/1828 2598/2594/1840 2582/2579/1827
f 2575/2570/1821 2592/2589/1836 2598/2594/1840
f 2582/2579/1827 2598/2594/1840 2595/2592/1838
f 2582/2579/1827 2595/2592/1838 2594/2591/1837
f 2591/2588/1835 2567/2564/1814 2590/2587/1834
f 2598/2594/1840 2592/2589/1836 2597/2593/1834
f 2598/2594/1840 2597/2593/1834 2595/2592/1838
f 2599/2595/1841 2600/2597/1842 2601/2596/1843
f 2602/2598/1844 2603/2599/1845 2601/2596/1843
f 2600/2597/1842 2602/2598/1844 2601/2596/1843
f 2394/2433/1655 2604/2600/1846 2393/2432/1654
f 2605/2601/1847 2393/2432/1654 2604/2600/1846
f 2602/2598/1844 2606/2602/1848 2603/2599/1845
f 2607/2603/1847 2606/2602/1848 2602/2598/1844
f 2399/2438/1660 2398/2437/1659 2608/2604/1849
f 2407/2447/1668 2609/2605/1850 2395/2434/1656
f 2610/2606/1851 2395/2434/1656 2609/2605/1850
f 2608/2604/1849 2410/2450/1671 2399/2438/1660
f 2609/2605/1850 2405/2444/1666 2391/2429/1652
f 2407/2447/1668 2405/2444/1666 2609/2605/1850
f 2410/2450/1671 2608/2604/1849 2606/2602/1848
f 2603/2599/1845 2606/2602/1848 2608/2604/1849
f 2395/2434/1656 2611/2607/1852 2398/2437/1659
f 2610/2606/1851 2611/2607/1852 2395/2434/1656
f 2608/2604/1849 2611/2607/1852 2603/2599/1845
f 2398/2437/1659 2611/2607/1852 2608/2604/1849
f 2402/2440/1663 2604/2600/1846 2394/2433/1655
f 2401/2441/1662 2604/2600/1846 2402/2440/1663
f 2599/2595/1841 2601/2596/1843 2610/2606/1851
f 2609/2605/1850 2391/2429/1652 2412/2451/1673
f 2609/2605/1850 2599/2595/1841 2610/2606/1851
f 2412/2451/1673 2599/2595/1841 2609/2605/1850
f 2611/2607/1852 2610/2606/1851 2601/2596/1843
f 2611/2607/1852 2601/2596/1843 2603/2599/1845
f 2509/2491/1759 2324/2491/1591 2323/2491/1590
f 2612/2524/1853 2613/2608/1854 2614/2608/1855
f 2612/2524/1853 2614/2608/1855 2615/2608/1856
f 2612/2524/1853 2615/2608/1856 2616/2608/1857
f 2612/2524/1853 2616/2608/1857 2617/2608/1858
f 2612/2524/1853 2617/2608/1858 2618/2608/1859
f 2612/2524/1853 2619/2608/1860 2620/2608/1861
f 2613/2608/1854 2612/2524/1853 2621/2608/1862
f 2622/2608/1863 2612/2524/1853 2623/2608/1864
f 2619/2608/1860 2612/2524/1853 2622/2608/1863
f 2620/2608/1861 2621/2608/1862 2612/2524/1853
f 2618/2608/1859 2623/2608/1864 2612/2524/1853
f 2624/2609/1865 2625/2611/1866 2338/2610/1605
f 2340/2612/1607 2626/2613/1867 2338/2610/1605
f 2342/2614/1609 2338/2610/1605 2625/2611/1866
f 2624/2609/1865 2438/2475/1699 2627/2615/1868
f 2437/2473/1698 2627/2615/1868 2438/2475/1699
f 2624/2609/1865 2338/2610/1605 2626/2613/1867
f 2531/2532/1781 2438/2475/1699 2626/2613/1867
f 2624/2609/1865 2626/2613/1867 2438/2475/1699
f 2627/2615/1868 2625/2611/1866 2624/2609/1865
f 2628/2616/1869 2540/2534/1787 2629/2543/1794
f 2435/2471/1696 2434/2470/1695 2630/2617/1870
f 2630/2617/1870 2434/2470/1695 2551/2547/1799
f 2579/2575/1824 2425/2460/1686 2631/2618/1871
f 2632/2619/1872 2631/2618/1871 2425/2460/1686
f 2425/2460/1686 2424/2461/1685 2632/2619/1872
f 2633/2620/1873 2632/2619/1872 2424/2461/1685
f 2633/2620/1873 2424/2461/1685 2422/2458/1683
f 2435/2471/1696 2634/2621/1874 2419/2454/1680
f 2422/2458/1683 2634/2621/1874 2633/2620/1873
f 2634/2621/1874 2435/2471/1696 2630/2617/1870
f 2422/2458/1683 2419/2454/1680 2634/2621/1874
f 2635/2622/1875 2460/2494/1720 2636/2623/1871
f 2636/2623/1871 2459/2492/1719 2468/2497/1726
f 2633/2620/1873 2634/2621/1874 2637/2624/1876
f 2628/2616/1869 2635/2622/1875 2638/2625/1877
f 2639/2626/1878 2628/2616/1869 2638/2625/1877
f 2639/2626/1878 2540/2534/1787 2628/2616/1869
f 2632/2619/1872 2633/2620/1873 2640/2627/1879
f 2639/2626/1878 2539/2535/1788 2540/2534/1787
f 2641/2628/1878 2637/2624/1876 2554/2550/1802
f 2539/2535/1788 2639/2626/1878 2541/2536/1789
f 2636/2623/1871 2638/2625/1877 2635/2622/1875
f 2459/2492/1719 2636/2623/1871 2460/2494/1720
f 2635/2622/1875 2544/2541/1792 2460/2494/1720
f 2544/2541/1792 2635/2622/1875 2629/2543/1794
f 2628/2616/1869 2629/2543/1794 2635/2622/1875
f 2551/2547/1799 2637/2624/1876 2630/2617/1870
f 2637/2624/1876 2551/2547/1799 2554/2550/1802
f 2637/2624/1876 2640/2627/1879 2633/2620/1873
f 2632/2619/1872 2640/2627/1879 2631/2618/1871
f 2641/2628/1878 2640/2627/1879 2637/2624/1876
f 2634/2621/1874 2630/2617/1870 2637/2624/1876
f 2357/2491/1622 2502/2491/1880 2197/2491/1469
f 2499/2491/1746 2358/2491/1623 2501/2491/1750
f 2197/2491/1469 2501/2491/1750 2358/2491/1623
f 2497/2491/1748 2359/2491/1624 2499/2491/1746
f 2358/2491/1623 2499/2491/1746 2359/2491/1624
f 2508/2491/1758 2324/2491/1591 2509/2491/1759
f 2360/2491/1625 2324/2491/1591 2508/2491/1758
f 2642/2524/1881 2643/2524/1882 2644/2524/1883
f 2361/2491/1626 2360/2491/1625 2505/2491/1755
f 2504/2491/1752 2362/2491/1627 2505/2491/1755
f 2361/2491/1626 2505/2491/1755 2362/2491/1627
f 2496/2524/1745 2645/2524/1627 2646/2524/1884
f 2357/2491/1622 2362/2491/1627 2502/2491/1880
f 2647/2662/1885 2648/2663/1886 2649/2664/1887
f 2647/2662/1885 2650/2665/1888 2651/2666/1889
f 2647/2662/1885 2652/2667/1890 2650/2665/1888
f 2647/2662/1885 2649/2664/1887 2652/2667/1890
f 2653/2664/1891 2648/2663/1886 2647/2662/1885
f 2651/2666/1889 2654/2665/1892 2647/2662/1885
f 2654/2665/1892 2655/2667/1893 2647/2662/1885
f 2655/2667/1893 2653/2664/1891 2647/2662/1885
